{
  "info": {
    "datafile": "dataset/opacity/opacity_276.png",
    "histogram resolution": [
      30,
      30
    ],
    "time_load (ms)": 27.014,
    "time histogram (ms)": 3485.836,
    "time MT (ms)": 13.471
  },
  "threshold": [
    0,
    0.00020247230144299078,
    0.00020247230144299078,
    0.0004209292560319877,
    0.0004209292560319877,
    0.0013755779409626578,
    0.0013755779409626578,
    0.00333361143823635,
    0.00333361143823635,
    "inf"
  ],
  "clusters": [
    5,
    5,
    4,
    4,
    3,
    3,
    2,
    2,
    1,
    1
  ]
}
