{
  "info": {
    "datafile": "dataset/opacity/opacity_279.png",
    "histogram resolution": [
      30,
      30
    ],
    "time_load (ms)": 30.814,
    "time histogram (ms)": 2909.242,
    "time MT (ms)": 12.18
  },
  "threshold": [
    0,
    0.00017583120991376822,
    0.00017583120991376822,
    0.0003989213994626817,
    0.0003989213994626817,
    0.0013914467639168926,
    0.0013914467639168926,
    0.0031408689241794185,
    0.0031408689241794185,
    "inf"
  ],
  "clusters": [
    5,
    5,
    4,
    4,
    3,
    3,
    2,
    2,
    1,
    1
  ]
}
