{
  "info": {
    "datafile": "dataset/opacity/opacity_47.png",
    "histogram resolution": [
      30,
      30
    ],
    "time_load (ms)": 25.14,
    "time histogram (ms)": 3122.795,
    "time MT (ms)": 12.548
  },
  "threshold": [
    0,
    5.793471737902678e-05,
    5.793471737902678e-05,
    0.033672255357028225,
    0.033672255357028225,
    0.11549399849408115,
    0.11549399849408115,
    0.1516570797735451,
    0.1516570797735451,
    "inf"
  ],
  "clusters": [
    5,
    5,
    4,
    4,
    3,
    3,
    2,
    2,
    1,
    1
  ]
}
