{
  "info": {
    "datafile": "dataset/opacity/opacity_116.png",
    "histogram resolution": [
      30,
      30
    ],
    "time_load (ms)": 25.473,
    "time histogram (ms)": 3023.76,
    "time MT (ms)": 12.214
  },
  "threshold": [
    0,
    0.0003059188600291751,
    0.0003059188600291751,
    0.023801151591570757,
    0.023801151591570757,
    0.025895141378303232,
    0.025895141378303232,
    0.031627377525786426,
    0.031627377525786426,
    "inf"
  ],
  "clusters": [
    5,
    5,
    4,
    4,
    3,
    3,
    2,
    2,
    1,
    1
  ]
}
