{
  "info": {
    "datafile": "dataset/opacity/opacity_115.png",
    "histogram resolution": [
      30,
      30
    ],
    "time_load (ms)": 26.353,
    "time histogram (ms)": 3158.69,
    "time MT (ms)": 13.0
  },
  "threshold": [
    0,
    0.00029060988605988936,
    0.00029060988605988936,
    0.024744246261948544,
    0.024744246261948544,
    0.026752984525797774,
    0.026752984525797774,
    0.03210784385223092,
    0.03210784385223092,
    "inf"
  ],
  "clusters": [
    5,
    5,
    4,
    4,
    3,
    3,
    2,
    2,
    1,
    1
  ]
}
