{
  "info": {
    "datafile": "dataset/opacity/opacity_204.png",
    "histogram resolution": [
      30,
      30
    ],
    "time_load (ms)": 24.607,
    "time histogram (ms)": 3279.974,
    "time MT (ms)": 11.555
  },
  "threshold": [
    0,
    0.0007950337740862956,
    0.0007950337740862956,
    0.0017636403101040643,
    0.0017636403101040643,
    0.0030210998431910996,
    0.0030210998431910996,
    0.012636912409511036,
    0.012636912409511036,
    "inf"
  ],
  "clusters": [
    5,
    5,
    4,
    4,
    3,
    3,
    2,
    2,
    1,
    1
  ]
}
