{
  "info": {
    "datafile": "dataset/opacity/opacity_336.png",
    "histogram resolution": [
      30,
      30
    ],
    "time_load (ms)": 21.401,
    "time histogram (ms)": 3105.856,
    "time MT (ms)": 12.429
  },
  "threshold": [
    0,
    1.0656437117839701e-05,
    1.0656437117839701e-05,
    3.3590941768468774e-05,
    3.3590941768468774e-05,
    0.0009192334962442872,
    0.0009192334962442872,
    0.0019406586463088793,
    0.0019406586463088793,
    "inf"
  ],
  "clusters": [
    5,
    5,
    4,
    4,
    3,
    3,
    2,
    2,
    1,
    1
  ]
}
