{
  "info": {
    "datafile": "dataset/opacity/opacity_7.png",
    "histogram resolution": [
      30,
      30
    ],
    "time_load (ms)": 29.889,
    "time histogram (ms)": 2865.77,
    "time MT (ms)": 11.842
  },
  "threshold": [
    0,
    6.660272407810197e-06,
    6.660272407810197e-06,
    0.06525815986730654,
    0.06525815986730654,
    0.08618925317474035,
    0.08618925317474035,
    "inf"
  ],
  "clusters": [
    4,
    4,
    3,
    3,
    2,
    2,
    1,
    1
  ]
}
