{
  "info": {
    "datafile": "dataset/opacity/opacity_157.png",
    "histogram resolution": [
      30,
      30
    ],
    "time_load (ms)": 25.344,
    "time histogram (ms)": 2841.177,
    "time MT (ms)": 12.09
  },
  "threshold": [
    0,
    0.000492001040756529,
    0.000492001040756529,
    0.007182438408642133,
    0.007182438408642133,
    0.009382992626026154,
    0.009382992626026154,
    0.02204863099115706,
    0.02204863099115706,
    "inf"
  ],
  "clusters": [
    5,
    5,
    4,
    4,
    3,
    3,
    2,
    2,
    1,
    1
  ]
}
