{
  "info": {
    "datafile": "dataset/opacity/opacity_231.png",
    "histogram resolution": [
      30,
      30
    ],
    "time_load (ms)": 23.498,
    "time histogram (ms)": 3273.324,
    "time MT (ms)": 13.99
  },
  "threshold": [
    0,
    0.0008205456416244261,
    0.0008205456416244261,
    0.0009918593771556239,
    0.0009918593771556239,
    0.0015664962202603938,
    0.0015664962202603938,
    0.008056729577611776,
    0.008056729577611776,
    "inf"
  ],
  "clusters": [
    5,
    5,
    4,
    4,
    3,
    3,
    2,
    2,
    1,
    1
  ]
}
