{
  "info": {
    "datafile": "dataset/opacity/opacity_323.png",
    "histogram resolution": [
      30,
      30
    ],
    "time_load (ms)": 21.802,
    "time histogram (ms)": 3161.569,
    "time MT (ms)": 16.341
  },
  "threshold": [
    0,
    2.6641092794599253e-05,
    2.6641092794599253e-05,
    8.965306813563112e-05,
    8.965306813563112e-05,
    0.0013158382735505847,
    0.0013158382735505847,
    0.0018112659206587223,
    0.0018112659206587223,
    "inf"
  ],
  "clusters": [
    5,
    5,
    4,
    4,
    3,
    3,
    2,
    2,
    1,
    1
  ]
}
