{
  "info": {
    "datafile": "dataset/opacity/opacity_264.png",
    "histogram resolution": [
      30,
      30
    ],
    "time_load (ms)": 22.619,
    "time histogram (ms)": 3400.402,
    "time MT (ms)": 14.573
  },
  "threshold": [
    0,
    0.0003143648867515725,
    0.0003143648867515725,
    0.000650042645208071,
    0.000650042645208071,
    0.0012478841095385773,
    0.0012478841095385773,
    0.004332304891684791,
    0.004332304891684791,
    "inf"
  ],
  "clusters": [
    5,
    5,
    4,
    4,
    3,
    3,
    2,
    2,
    1,
    1
  ]
}
