{
  "info": {
    "datafile": "dataset/opacity/opacity_383.png",
    "histogram resolution": [
      30,
      30
    ],
    "time_load (ms)": 19.605,
    "time histogram (ms)": 3041.798,
    "time MT (ms)": 12.525
  },
  "threshold": [
    0,
    0.00035197130283987077,
    0.00035197130283987077,
    0.0025030848275305884,
    0.0025030848275305884,
    "inf"
  ],
  "clusters": [
    3,
    3,
    2,
    2,
    1,
    1
  ]
}
