{
  "info": {
    "datafile": "dataset/opacity/opacity_72.png",
    "histogram resolution": [
      30,
      30
    ],
    "time_load (ms)": 26.635,
    "time histogram (ms)": 3154.877,
    "time MT (ms)": 13.646
  },
  "threshold": [
    0,
    0.00011577290907105464,
    0.00011577290907105464,
    0.043060112389794625,
    0.043060112389794625,
    0.07658294609533589,
    0.07658294609533589,
    0.08033354857141839,
    0.08033354857141839,
    "inf"
  ],
  "clusters": [
    5,
    5,
    4,
    4,
    3,
    3,
    2,
    2,
    1,
    1
  ]
}
