{
  "info": {
    "datafile": "dataset/opacity/opacity_81.png",
    "histogram resolution": [
      30,
      30
    ],
    "time_load (ms)": 27.405,
    "time histogram (ms)": 2941.222,
    "time MT (ms)": 12.876
  },
  "threshold": [
    0,
    0.0001709759495061025,
    0.0001709759495061025,
    0.043667761111579884,
    0.043667761111579884,
    0.060528561065439135,
    0.060528561065439135,
    0.06194586698130361,
    0.06194586698130361,
    "inf"
  ],
  "clusters": [
    5,
    5,
    4,
    4,
    3,
    3,
    2,
    2,
    1,
    1
  ]
}
