{
  "info": {
    "datafile": "dataset/opacity/opacity_271.png",
    "histogram resolution": [
      30,
      30
    ],
    "time_load (ms)": 21.951,
    "time histogram (ms)": 3051.953,
    "time MT (ms)": 11.624
  },
  "threshold": [
    0,
    0.0002450980461182195,
    0.0002450980461182195,
    0.0004901960941345318,
    0.0004901960941345318,
    0.00131876292155364,
    0.00131876292155364,
    0.0037570889491074233,
    0.0037570889491074233,
    "inf"
  ],
  "clusters": [
    5,
    5,
    4,
    4,
    3,
    3,
    2,
    2,
    1,
    1
  ]
}
