{
  "info": {
    "datafile": "dataset/opacity/opacity_247.png",
    "histogram resolution": [
      30,
      30
    ],
    "time_load (ms)": 24.308,
    "time histogram (ms)": 2938.511,
    "time MT (ms)": 12.057
  },
  "threshold": [
    0,
    0.0005381500643283355,
    0.0005381500643283355,
    0.0010390025943153303,
    0.0010390025943153303,
    0.0011149971961500471,
    0.0011149971961500471,
    0.006145984079288902,
    0.006145984079288902,
    "inf"
  ],
  "clusters": [
    5,
    5,
    4,
    4,
    3,
    3,
    2,
    2,
    1,
    1
  ]
}
