{
  "info": {
    "datafile": "dataset/opacity/opacity_99.png",
    "histogram resolution": [
      30,
      30
    ],
    "time_load (ms)": 35.657,
    "time histogram (ms)": 3093.262,
    "time MT (ms)": 12.308
  },
  "threshold": [
    0,
    0.00021853415552519628,
    0.00021853415552519628,
    0.03721760544363767,
    0.03721760544363767,
    0.039039856153818664,
    0.039039856153818664,
    0.04031862853456836,
    0.04031862853456836,
    "inf"
  ],
  "clusters": [
    5,
    5,
    4,
    4,
    3,
    3,
    2,
    2,
    1,
    1
  ]
}
