{
  "info": {
    "datafile": "dataset/opacity/opacity_65.png",
    "histogram resolution": [
      30,
      30
    ],
    "time_load (ms)": 24.42,
    "time histogram (ms)": 2970.108,
    "time MT (ms)": 12.679
  },
  "threshold": [
    0,
    0.0001044697511152215,
    0.0001044697511152215,
    0.04130944520377444,
    0.04130944520377444,
    0.08894441277817522,
    0.08894441277817522,
    0.09930200597559835,
    0.09930200597559835,
    "inf"
  ],
  "clusters": [
    5,
    5,
    4,
    4,
    3,
    3,
    2,
    2,
    1,
    1
  ]
}
