{
  "info": {
    "datafile": "dataset/opacity/opacity_37.png",
    "histogram resolution": [
      30,
      30
    ],
    "time_load (ms)": 27.452,
    "time histogram (ms)": 2984.624,
    "time MT (ms)": 12.501
  },
  "threshold": [
    0,
    4.358134771187405e-05,
    4.358134771187405e-05,
    0.02669877538194315,
    0.02669877538194315,
    0.1279270482739867,
    0.1279270482739867,
    0.17244778799257526,
    0.17244778799257526,
    "inf"
  ],
  "clusters": [
    5,
    5,
    4,
    4,
    3,
    3,
    2,
    2,
    1,
    1
  ]
}
