{
  "info": {
    "datafile": "dataset/opacity/opacity_130.png",
    "histogram resolution": [
      30,
      30
    ],
    "time_load (ms)": 25.745,
    "time histogram (ms)": 3039.358,
    "time MT (ms)": 11.958
  },
  "threshold": [
    0,
    0.0003495194740733565,
    0.0003495194740733565,
    0.015435848700176169,
    0.015435848700176169,
    0.01797740888761601,
    0.01797740888761601,
    0.027842720942672983,
    0.027842720942672983,
    "inf"
  ],
  "clusters": [
    5,
    5,
    4,
    4,
    3,
    3,
    2,
    2,
    1,
    1
  ]
}
