{
  "info": {
    "datafile": "dataset/opacity/opacity_137.png",
    "histogram resolution": [
      30,
      30
    ],
    "time_load (ms)": 25.287,
    "time histogram (ms)": 2992.447,
    "time MT (ms)": 12.473
  },
  "threshold": [
    0,
    0.00038364130445234235,
    0.00038364130445234235,
    0.012958227160751179,
    0.012958227160751179,
    0.015643649207524257,
    0.015643649207524257,
    0.02638858076426953,
    0.02638858076426953,
    "inf"
  ],
  "clusters": [
    5,
    5,
    4,
    4,
    3,
    3,
    2,
    2,
    1,
    1
  ]
}
