{
  "info": {
    "datafile": "dataset/opacity/opacity_334.png",
    "histogram resolution": [
      30,
      30
    ],
    "time_load (ms)": 24.837,
    "time histogram (ms)": 3651.179,
    "time MT (ms)": 12.45
  },
  "threshold": [
    0,
    1.0656437117839701e-05,
    1.0656437117839701e-05,
    3.3590941768468774e-05,
    3.3590941768468774e-05,
    0.000958847644819627,
    0.000958847644819627,
    0.0019309095519148833,
    0.0019309095519148833,
    "inf"
  ],
  "clusters": [
    5,
    5,
    4,
    4,
    3,
    3,
    2,
    2,
    1,
    1
  ]
}
