{
  "info": {
    "datafile": "dataset/opacity/opacity_104.png",
    "histogram resolution": [
      30,
      30
    ],
    "time_load (ms)": 23.1,
    "time histogram (ms)": 3134.668,
    "time MT (ms)": 13.098
  },
  "threshold": [
    0,
    0.00023439332591068673,
    0.00023439332591068673,
    0.034436275472651934,
    0.034436275472651934,
    0.03563419793417105,
    0.03563419793417105,
    0.03582694043807749,
    0.03582694043807749,
    "inf"
  ],
  "clusters": [
    5,
    5,
    4,
    4,
    3,
    3,
    2,
    2,
    1,
    1
  ]
}
