{
  "info": {
    "datafile": "dataset/opacity/opacity_198.png",
    "histogram resolution": [
      30,
      30
    ],
    "time_load (ms)": 24.465,
    "time histogram (ms)": 3030.555,
    "time MT (ms)": 12.29
  },
  "threshold": [
    0,
    0.0007445699207118128,
    0.0007445699207118128,
    0.0021472720406524592,
    0.0021472720406524592,
    0.0034953113025276705,
    0.0034953113025276705,
    0.013879545584052744,
    0.013879545584052744,
    "inf"
  ],
  "clusters": [
    5,
    5,
    4,
    4,
    3,
    3,
    2,
    2,
    1,
    1
  ]
}
