{
  "info": {
    "datafile": "dataset/opacity/opacity_241.png",
    "histogram resolution": [
      30,
      30
    ],
    "time_load (ms)": 24.1,
    "time histogram (ms)": 3044.385,
    "time MT (ms)": 12.93
  },
  "threshold": [
    0,
    0.0005967604659457004,
    0.0005967604659457004,
    0.0010515991248828405,
    0.0010515991248828405,
    0.0011722080633499443,
    0.0011722080633499443,
    0.006704752024433491,
    0.006704752024433491,
    "inf"
  ],
  "clusters": [
    5,
    5,
    4,
    4,
    3,
    3,
    2,
    2,
    1,
    1
  ]
}
