{
  "info": {
    "datafile": "dataset/opacity/opacity_224.png",
    "histogram resolution": [
      30,
      30
    ],
    "time_load (ms)": 25.491,
    "time histogram (ms)": 3132.718,
    "time MT (ms)": 12.282
  },
  "threshold": [
    0,
    0.0009340308380323403,
    0.0009340308380323403,
    0.0009750639741389899,
    0.0009750639741389899,
    0.0019021739723900088,
    0.0019021739723900088,
    0.009075809241699873,
    0.009075809241699873,
    "inf"
  ],
  "clusters": [
    5,
    5,
    4,
    4,
    3,
    3,
    2,
    2,
    1,
    1
  ]
}
