{
  "info": {
    "datafile": "dataset/opacity/opacity_10.png",
    "histogram resolution": [
      30,
      30
    ],
    "time_load (ms)": 28.67,
    "time histogram (ms)": 3002.438,
    "time MT (ms)": 11.859
  },
  "threshold": [
    0,
    9.247160821290734e-06,
    9.247160821290734e-06,
    0.0009477260717963842,
    0.0009477260717963842,
    0.09377223443739913,
    0.09377223443739913,
    0.12497868064952933,
    0.12497868064952933,
    "inf"
  ],
  "clusters": [
    5,
    5,
    4,
    4,
    3,
    3,
    2,
    2,
    1,
    1
  ]
}
