{
  "info": {
    "datafile": "dataset/opacity/opacity_324.png",
    "histogram resolution": [
      30,
      30
    ],
    "time_load (ms)": 24.144,
    "time histogram (ms)": 4034.103,
    "time MT (ms)": 16.256
  },
  "threshold": [
    0,
    2.1312874235679402e-05,
    2.1312874235679402e-05,
    8.965306813563112e-05,
    8.965306813563112e-05,
    0.0012535212859348666,
    0.0012535212859348666,
    0.0018261212238986912,
    0.0018261212238986912,
    "inf"
  ],
  "clusters": [
    5,
    5,
    4,
    4,
    3,
    3,
    2,
    2,
    1,
    1
  ]
}
