{
  "info": {
    "datafile": "dataset/opacity/opacity_222.png",
    "histogram resolution": [
      30,
      30
    ],
    "time_load (ms)": 25.811,
    "time histogram (ms)": 3128.469,
    "time MT (ms)": 12.655
  },
  "threshold": [
    0,
    0.0009187218640630546,
    0.0009187218640630546,
    0.001017689717548842,
    0.001017689717548842,
    0.0019394715016697872,
    0.0019394715016697872,
    0.009303300989842778,
    0.009303300989842778,
    "inf"
  ],
  "clusters": [
    5,
    5,
    4,
    4,
    3,
    3,
    2,
    2,
    1,
    1
  ]
}
