{
  "info": {
    "datafile": "dataset/opacity/opacity_273.png",
    "histogram resolution": [
      30,
      30
    ],
    "time_load (ms)": 26.89,
    "time histogram (ms)": 3225.67,
    "time MT (ms)": 11.766
  },
  "threshold": [
    0,
    0.0002344416102657565,
    0.0002344416102657565,
    0.0004795396551186548,
    0.0004795396551186548,
    0.001328512015947636,
    0.001328512015947636,
    0.0036558528045202987,
    0.0036558528045202987,
    "inf"
  ],
  "clusters": [
    5,
    5,
    4,
    4,
    3,
    3,
    2,
    2,
    1,
    1
  ]
}
