{
  "info": {
    "datafile": "dataset/opacity/opacity_190.png",
    "histogram resolution": [
      30,
      30
    ],
    "time_load (ms)": 24.755,
    "time histogram (ms)": 3342.981,
    "time MT (ms)": 13.352
  },
  "threshold": [
    0,
    0.0006918574370285979,
    0.0006918574370285979,
    0.0027067349608683733,
    0.0027067349608683733,
    0.00424659006112843,
    0.00424659006112843,
    0.016453770085315844,
    0.016453770085315844,
    "inf"
  ],
  "clusters": [
    5,
    5,
    4,
    4,
    3,
    3,
    2,
    2,
    1,
    1
  ]
}
