{
  "info": {
    "datafile": "dataset/opacity/opacity_343.png",
    "histogram resolution": [
      30,
      30
    ],
    "time_load (ms)": 27.684,
    "time histogram (ms)": 3205.713,
    "time MT (ms)": 12.298
  },
  "threshold": [
    0,
    1.0656437117839701e-05,
    1.0656437117839701e-05,
    2.2471181957861575e-05,
    2.2471181957861575e-05,
    0.0007436339645671142,
    0.0007436339645671142,
    0.0020473870985016074,
    0.0020473870985016074,
    "inf"
  ],
  "clusters": [
    5,
    5,
    4,
    4,
    3,
    3,
    2,
    2,
    1,
    1
  ]
}
