{
  "info": {
    "datafile": "dataset/opacity/opacity_330.png",
    "histogram resolution": [
      30,
      30
    ],
    "time_load (ms)": 23.525,
    "time histogram (ms)": 3520.484,
    "time MT (ms)": 12.324
  },
  "threshold": [
    0,
    1.598465504409896e-05,
    1.598465504409896e-05,
    5.6062125706968224e-05,
    5.6062125706968224e-05,
    0.001077690087959715,
    0.001077690087959715,
    0.001894625504011871,
    0.001894625504011871,
    "inf"
  ],
  "clusters": [
    5,
    5,
    4,
    4,
    3,
    3,
    2,
    2,
    1,
    1
  ]
}
