{
  "info": {
    "datafile": "dataset/opacity/opacity_106.png",
    "histogram resolution": [
      30,
      30
    ],
    "time_load (ms)": 22.247,
    "time histogram (ms)": 3116.887,
    "time MT (ms)": 12.122
  },
  "threshold": [
    0,
    0.00024923897658202243,
    0.00024923897658202243,
    0.03129262668295746,
    0.03129262668295746,
    0.033141518340689013,
    0.033141518340689013,
    0.03455395964465591,
    0.03455395964465591,
    "inf"
  ],
  "clusters": [
    5,
    5,
    4,
    4,
    3,
    3,
    2,
    2,
    1,
    1
  ]
}
