{
  "info": {
    "datafile": "dataset/opacity/opacity_363.png",
    "histogram resolution": [
      30,
      30
    ],
    "time_load (ms)": 20.084,
    "time histogram (ms)": 3052.745,
    "time MT (ms)": 11.659
  },
  "threshold": [
    0,
    5.559880235372905e-06,
    5.559880235372905e-06,
    0.00048472308508962225,
    0.00048472308508962225,
    0.0022466450818563466,
    0.0022466450818563466,
    "inf"
  ],
  "clusters": [
    4,
    4,
    3,
    3,
    2,
    2,
    1,
    1
  ]
}
