{
  "info": {
    "datafile": "dataset/opacity/opacity_208.png",
    "histogram resolution": [
      30,
      30
    ],
    "time_load (ms)": 23.39,
    "time histogram (ms)": 3008.334,
    "time MT (ms)": 11.823
  },
  "threshold": [
    0,
    0.0008263177492654483,
    0.0008263177492654483,
    0.0015345268987838057,
    0.0015345268987838057,
    0.0026907503013954837,
    0.0026907503013954837,
    0.01158771675105591,
    0.01158771675105591,
    "inf"
  ],
  "clusters": [
    5,
    5,
    4,
    4,
    3,
    3,
    2,
    2,
    1,
    1
  ]
}
