{
  "info": {
    "datafile": "dataset/opacity/opacity_45.png",
    "histogram resolution": [
      30,
      30
    ],
    "time_load (ms)": 25.378,
    "time histogram (ms)": 3131.862,
    "time MT (ms)": 12.432
  },
  "threshold": [
    0,
    5.6921197664872025e-05,
    5.6921197664872025e-05,
    0.03267564687709873,
    0.03267564687709873,
    0.11718999342495551,
    0.11718999342495551,
    0.15610081405738246,
    0.15610081405738246,
    "inf"
  ],
  "clusters": [
    5,
    5,
    4,
    4,
    3,
    3,
    2,
    2,
    1,
    1
  ]
}
