{
  "info": {
    "datafile": "dataset/opacity/opacity_2.png",
    "histogram resolution": [
      30,
      30
    ],
    "time_load (ms)": 21.402,
    "time histogram (ms)": 3078.903,
    "time MT (ms)": 11.817
  },
  "threshold": [
    0,
    1.013519714265776e-06,
    1.013519714265776e-06,
    0.015516233924487643,
    0.015516233924487643,
    0.020492326144291084,
    0.020492326144291084,
    "inf"
  ],
  "clusters": [
    4,
    4,
    3,
    3,
    2,
    2,
    1,
    1
  ]
}
