{
  "info": {
    "datafile": "dataset/opacity/opacity_285.png",
    "histogram resolution": [
      30,
      30
    ],
    "time_load (ms)": 25.761,
    "time histogram (ms)": 3177.73,
    "time MT (ms)": 13.171
  },
  "threshold": [
    0,
    0.0001438619004582864,
    0.0001438619004582864,
    0.0003303495481226104,
    0.0003303495481226104,
    0.001458358360492129,
    0.001458358360492129,
    0.0027945347494013895,
    0.0027945347494013895,
    "inf"
  ],
  "clusters": [
    5,
    5,
    4,
    4,
    3,
    3,
    2,
    2,
    1,
    1
  ]
}
