{
  "info": {
    "datafile": "dataset/opacity/opacity_178.png",
    "histogram resolution": [
      30,
      30
    ],
    "time_load (ms)": 24.443,
    "time histogram (ms)": 3255.157,
    "time MT (ms)": 13.08
  },
  "threshold": [
    0,
    0.0006157855818543778,
    0.0006157855818543778,
    0.003783035073075036,
    0.003783035073075036,
    0.005583972856782027,
    0.005583972856782027,
    0.018316098017649274,
    0.018316098017649274,
    "inf"
  ],
  "clusters": [
    5,
    5,
    4,
    4,
    3,
    3,
    2,
    2,
    1,
    1
  ]
}
