{
  "info": {
    "datafile": "dataset/opacity/opacity_141.png",
    "histogram resolution": [
      30,
      30
    ],
    "time_load (ms)": 23.87,
    "time histogram (ms)": 2984.008,
    "time MT (ms)": 12.303
  },
  "threshold": [
    0,
    0.00040460668368391683,
    0.00040460668368391683,
    0.011391730976554215,
    0.011391730976554215,
    0.013981245051937818,
    0.013981245051937818,
    0.025371354319925876,
    0.025371354319925876,
    "inf"
  ],
  "clusters": [
    5,
    5,
    4,
    4,
    3,
    3,
    2,
    2,
    1,
    1
  ]
}
