{
  "info": {
    "datafile": "dataset/opacity/opacity_138.png",
    "histogram resolution": [
      30,
      30
    ],
    "time_load (ms)": 24.518,
    "time histogram (ms)": 3025.924,
    "time MT (ms)": 11.642
  },
  "threshold": [
    0,
    0.0003831779811545033,
    0.0003831779811545033,
    0.012382779581062264,
    0.012382779581062264,
    0.014982950137219564,
    0.014982950137219564,
    0.02603182177628116,
    0.02603182177628116,
    "inf"
  ],
  "clusters": [
    5,
    5,
    4,
    4,
    3,
    3,
    2,
    2,
    1,
    1
  ]
}
