{
  "info": {
    "datafile": "dataset/opacity/opacity_248.png",
    "histogram resolution": [
      30,
      30
    ],
    "time_load (ms)": 24.271,
    "time histogram (ms)": 3173.369,
    "time MT (ms)": 11.999
  },
  "threshold": [
    0,
    0.00048486787557561195,
    0.00048486787557561195,
    0.0010123615021533916,
    0.0010123615021533916,
    0.001124746290544043,
    0.001124746290544043,
    0.005919187313369545,
    0.005919187313369545,
    "inf"
  ],
  "clusters": [
    5,
    5,
    4,
    4,
    3,
    3,
    2,
    2,
    1,
    1
  ]
}
