{
  "info": {
    "datafile": "dataset/opacity/opacity_97.png",
    "histogram resolution": [
      30,
      30
    ],
    "time_load (ms)": 26.132,
    "time histogram (ms)": 3239.617,
    "time MT (ms)": 12.465
  },
  "threshold": [
    0,
    0.0002175206358109305,
    0.0002175206358109305,
    0.03762625665301572,
    0.03762625665301572,
    0.04062233699116169,
    0.04062233699116169,
    0.04157075994463294,
    0.04157075994463294,
    "inf"
  ],
  "clusters": [
    5,
    5,
    4,
    4,
    3,
    3,
    2,
    2,
    1,
    1
  ]
}
