{
  "info": {
    "datafile": "dataset/opacity/opacity_229.png",
    "histogram resolution": [
      30,
      30
    ],
    "time_load (ms)": 24.496,
    "time histogram (ms)": 3050.236,
    "time MT (ms)": 13.618
  },
  "threshold": [
    0,
    0.0008578431690061117,
    0.0008578431690061117,
    0.000980633439749412,
    0.000980633439749412,
    0.001689045241421494,
    0.001689045241421494,
    0.00829997431488605,
    0.00829997431488605,
    "inf"
  ],
  "clusters": [
    5,
    5,
    4,
    4,
    3,
    3,
    2,
    2,
    1,
    1
  ]
}
