{
  "info": {
    "datafile": "dataset/opacity/opacity_131.png",
    "histogram resolution": [
      30,
      30
    ],
    "time_load (ms)": 30.752,
    "time histogram (ms)": 2970.245,
    "time MT (ms)": 12.423
  },
  "threshold": [
    0,
    0.0003626759252208789,
    0.0003626759252208789,
    0.015078858079505153,
    0.015078858079505153,
    0.017556479648033974,
    0.017556479648033974,
    0.027527661052241303,
    0.027527661052241303,
    "inf"
  ],
  "clusters": [
    5,
    5,
    4,
    4,
    3,
    3,
    2,
    2,
    1,
    1
  ]
}
