{
  "info": {
    "datafile": "dataset/opacity/opacity_14.png",
    "histogram resolution": [
      30,
      30
    ],
    "time_load (ms)": 26.943,
    "time histogram (ms)": 3083.193,
    "time MT (ms)": 11.464
  },
  "threshold": [
    0,
    1.4893913514835155e-05,
    1.4893913514835155e-05,
    0.005062500107329115,
    0.005062500107329115,
    0.11287877033684679,
    0.11287877033684679,
    0.15063939037044416,
    0.15063939037044416,
    "inf"
  ],
  "clusters": [
    5,
    5,
    4,
    4,
    3,
    3,
    2,
    2,
    1,
    1
  ]
}
