{
  "info": {
    "datafile": "dataset/opacity/opacity_179.png",
    "histogram resolution": [
      30,
      30
    ],
    "time_load (ms)": 27.73,
    "time histogram (ms)": 3069.332,
    "time MT (ms)": 18.363
  },
  "threshold": [
    0,
    0.0006219053104146166,
    0.0006219053104146166,
    0.003628516734866194,
    0.003628516734866194,
    0.005440110963916001,
    0.005440110963916001,
    0.018131927000944126,
    0.018131927000944126,
    "inf"
  ],
  "clusters": [
    5,
    5,
    4,
    4,
    3,
    3,
    2,
    2,
    1,
    1
  ]
}
