{
  "info": {
    "datafile": "dataset/opacity/opacity_57.png",
    "histogram resolution": [
      30,
      30
    ],
    "time_load (ms)": 24.629,
    "time histogram (ms)": 3135.01,
    "time MT (ms)": 12.148
  },
  "threshold": [
    0,
    8.454684930414569e-05,
    8.454684930414569e-05,
    0.03852834698507768,
    0.03852834698507768,
    0.10215538305823296,
    0.10215538305823296,
    0.12236253551584564,
    0.12236253551584564,
    "inf"
  ],
  "clusters": [
    5,
    5,
    4,
    4,
    3,
    3,
    2,
    2,
    1,
    1
  ]
}
