{
  "info": {
    "datafile": "dataset/opacity/opacity_213.png",
    "histogram resolution": [
      30,
      30
    ],
    "time_load (ms)": 24.565,
    "time histogram (ms)": 3053.343,
    "time MT (ms)": 12.025
  },
  "threshold": [
    0,
    0.0008523893373428848,
    0.0008523893373428848,
    0.0013746803394852902,
    0.0013746803394852902,
    0.0024136829439236895,
    0.0024136829439236895,
    0.010801457017771243,
    0.010801457017771243,
    "inf"
  ],
  "clusters": [
    5,
    5,
    4,
    4,
    3,
    3,
    2,
    2,
    1,
    1
  ]
}
