{
  "info": {
    "datafile": "dataset/opacity/opacity_34.png",
    "histogram resolution": [
      30,
      30
    ],
    "time_load (ms)": 23.905,
    "time histogram (ms)": 2990.079,
    "time MT (ms)": 11.991
  },
  "threshold": [
    0,
    4.15543082833425e-05,
    4.15543082833425e-05,
    0.024460692231108527,
    0.024460692231108527,
    0.12952296531473995,
    0.12952296531473995,
    0.1748508144418061,
    0.1748508144418061,
    "inf"
  ],
  "clusters": [
    5,
    5,
    4,
    4,
    3,
    3,
    2,
    2,
    1,
    1
  ]
}
