{
  "info": {
    "datafile": "dataset/opacity/opacity_337.png",
    "histogram resolution": [
      30,
      30
    ],
    "time_load (ms)": 28.862,
    "time histogram (ms)": 4077.476,
    "time MT (ms)": 12.504
  },
  "threshold": [
    0,
    1.0656437117839701e-05,
    1.0656437117839701e-05,
    3.3590941768468774e-05,
    3.3590941768468774e-05,
    0.0008793876931447175,
    0.0008793876931447175,
    0.001961073829124138,
    0.001961073829124138,
    "inf"
  ],
  "clusters": [
    5,
    5,
    4,
    4,
    3,
    3,
    2,
    2,
    1,
    1
  ]
}
