{
  "info": {
    "datafile": "dataset/opacity/opacity_85.png",
    "histogram resolution": [
      30,
      30
    ],
    "time_load (ms)": 26.354,
    "time histogram (ms)": 3133.409,
    "time MT (ms)": 12.457
  },
  "threshold": [
    0,
    0.00019240465203551604,
    0.00019240465203551604,
    0.04275431913224231,
    0.04275431913224231,
    0.056228688796577275,
    0.056228688796577275,
    0.05745950714892545,
    0.05745950714892545,
    "inf"
  ],
  "clusters": [
    5,
    5,
    4,
    4,
    3,
    3,
    2,
    2,
    1,
    1
  ]
}
