{
  "info": {
    "datafile": "dataset/opacity/opacity_165.png",
    "histogram resolution": [
      30,
      30
    ],
    "time_load (ms)": 27.827,
    "time histogram (ms)": 3044.477,
    "time MT (ms)": 12.055
  },
  "threshold": [
    0,
    0.0005544724654278355,
    0.0005544724654278355,
    0.005440111006939086,
    0.005440111006939086,
    0.0075181161519140005,
    0.0075181161519140005,
    0.02051618901888036,
    0.02051618901888036,
    "inf"
  ],
  "clusters": [
    5,
    5,
    4,
    4,
    3,
    3,
    2,
    2,
    1,
    1
  ]
}
