{
  "info": {
    "datafile": "dataset/opacity/opacity_237.png",
    "histogram resolution": [
      30,
      30
    ],
    "time_load (ms)": 26.271,
    "time histogram (ms)": 3081.524,
    "time MT (ms)": 11.628
  },
  "threshold": [
    0,
    0.0006873401801820722,
    0.0006873401801820722,
    0.001025527536805404,
    0.001025527536805404,
    0.0013640239181847424,
    0.0013640239181847424,
    0.007304292425930559,
    0.007304292425930559,
    "inf"
  ],
  "clusters": [
    5,
    5,
    4,
    4,
    3,
    3,
    2,
    2,
    1,
    1
  ]
}
