{
  "info": {
    "datafile": "dataset/opacity/opacity_98.png",
    "histogram resolution": [
      30,
      30
    ],
    "time_load (ms)": 27.028,
    "time histogram (ms)": 2940.368,
    "time MT (ms)": 12.361
  },
  "threshold": [
    0,
    0.0002175206358109305,
    0.0002175206358109305,
    0.03762625665301572,
    0.03762625665301572,
    0.04062233699116169,
    0.04062233699116169,
    0.04157075994463294,
    0.04157075994463294,
    "inf"
  ],
  "clusters": [
    5,
    5,
    4,
    4,
    3,
    3,
    2,
    2,
    1,
    1
  ]
}
