{
  "info": {
    "datafile": "dataset/opacity/opacity_350.png",
    "histogram resolution": [
      30,
      30
    ],
    "time_load (ms)": 22.409,
    "time histogram (ms)": 3147.518,
    "time MT (ms)": 12.997
  },
  "threshold": [
    0,
    1.0656437117839701e-05,
    1.0656437117839701e-05,
    1.691130238268279e-05,
    1.691130238268279e-05,
    0.000663247367369113,
    0.000663247367369113,
    0.0021102156197086996,
    0.0021102156197086996,
    "inf"
  ],
  "clusters": [
    5,
    5,
    4,
    4,
    3,
    3,
    2,
    2,
    1,
    1
  ]
}
