{
  "info": {
    "datafile": "dataset/opacity/opacity_396.png",
    "histogram resolution": [
      30,
      30
    ],
    "time_load (ms)": 19.667,
    "time histogram (ms)": 3104.333,
    "time MT (ms)": 11.794
  },
  "threshold": [
    0,
    0.0003025018786507738,
    0.0003025018786507738,
    0.002642014235230472,
    0.002642014235230472,
    "inf"
  ],
  "clusters": [
    3,
    3,
    2,
    2,
    1,
    1
  ]
}
