{
  "info": {
    "datafile": "dataset/opacity/opacity_91.png",
    "histogram resolution": [
      30,
      30
    ],
    "time_load (ms)": 26.489,
    "time histogram (ms)": 3162.888,
    "time MT (ms)": 14.0
  },
  "threshold": [
    0,
    0.0002026942902770834,
    0.0002026942902770834,
    0.04020372421644336,
    0.04020372421644336,
    0.04869991601077822,
    0.04869991601077822,
    0.048795824014434996,
    0.048795824014434996,
    "inf"
  ],
  "clusters": [
    5,
    5,
    4,
    4,
    3,
    3,
    2,
    2,
    1,
    1
  ]
}
