{
  "info": {
    "datafile": "dataset/opacity/opacity_356.png",
    "histogram resolution": [
      30,
      30
    ],
    "time_load (ms)": 20.84,
    "time histogram (ms)": 3416.398,
    "time MT (ms)": 13.298
  },
  "threshold": [
    0,
    5.3282185589198505e-06,
    5.3282185589198505e-06,
    1.1119760470801321e-05,
    1.1119760470801321e-05,
    0.000572204330660131,
    0.000572204330660131,
    0.0021664611936077494,
    0.0021664611936077494,
    "inf"
  ],
  "clusters": [
    5,
    5,
    4,
    4,
    3,
    3,
    2,
    2,
    1,
    1
  ]
}
