{
  "info": {
    "datafile": "dataset/opacity/opacity_121.png",
    "histogram resolution": [
      30,
      30
    ],
    "time_load (ms)": 27.568,
    "time histogram (ms)": 3061.173,
    "time MT (ms)": 11.508
  },
  "threshold": [
    0,
    0.0003319904481066116,
    0.0003319904481066116,
    0.020833333955480426,
    0.020833333955480426,
    0.022969949562178515,
    0.022969949562178515,
    0.03042945501981381,
    0.03042945501981381,
    "inf"
  ],
  "clusters": [
    5,
    5,
    4,
    4,
    3,
    3,
    2,
    2,
    1,
    1
  ]
}
