{
  "info": {
    "datafile": "dataset/opacity/opacity_79.png",
    "histogram resolution": [
      30,
      30
    ],
    "time_load (ms)": 32.581,
    "time histogram (ms)": 3086.37,
    "time MT (ms)": 13.265
  },
  "threshold": [
    0,
    0.00013570546345087475,
    0.00013570546345087475,
    0.04354289534541017,
    0.04354289534541017,
    0.06654921590206647,
    0.06654921590206647,
    0.06682651517558436,
    0.06682651517558436,
    "inf"
  ],
  "clusters": [
    5,
    5,
    4,
    4,
    3,
    3,
    2,
    2,
    1,
    1
  ]
}
