{
  "info": {
    "datafile": "dataset/opacity/opacity_304.png",
    "histogram resolution": [
      30,
      30
    ],
    "time_load (ms)": 21.987,
    "time histogram (ms)": 2972.219,
    "time MT (ms)": 12.63
  },
  "threshold": [
    0,
    5.8610402882797175e-05,
    5.8610402882797175e-05,
    0.0001635531356689035,
    0.0001635531356689035,
    0.0016228960423427807,
    0.0016228960423427807,
    0.001906807197942062,
    0.001906807197942062,
    "inf"
  ],
  "clusters": [
    5,
    5,
    4,
    4,
    3,
    3,
    2,
    2,
    1,
    1
  ]
}
