{
  "info": {
    "datafile": "dataset/opacity/opacity_113.png",
    "histogram resolution": [
      30,
      30
    ],
    "time_load (ms)": 24.484,
    "time histogram (ms)": 3159.552,
    "time MT (ms)": 11.511
  },
  "threshold": [
    0,
    0.0002713240537834949,
    0.0002713240537834949,
    0.02553815079938987,
    0.02553815079938987,
    0.027605499459795013,
    0.027605499459795013,
    0.03240460243206694,
    0.03240460243206694,
    "inf"
  ],
  "clusters": [
    5,
    5,
    4,
    4,
    3,
    3,
    2,
    2,
    1,
    1
  ]
}
