{
  "info": {
    "datafile": "dataset/opacity/opacity_364.png",
    "histogram resolution": [
      30,
      30
    ],
    "time_load (ms)": 20.726,
    "time histogram (ms)": 3142.404,
    "time MT (ms)": 13.879
  },
  "threshold": [
    0,
    5.559880235372905e-06,
    5.559880235372905e-06,
    0.00048336207411459053,
    0.00048336207411459053,
    0.0022680834248277604,
    0.0022680834248277604,
    "inf"
  ],
  "clusters": [
    4,
    4,
    3,
    3,
    2,
    2,
    1,
    1
  ]
}
