{
  "info": {
    "datafile": "dataset/opacity/opacity_261.png",
    "histogram resolution": [
      30,
      30
    ],
    "time_load (ms)": 24.399,
    "time histogram (ms)": 3171.547,
    "time MT (ms)": 12.171
  },
  "threshold": [
    0,
    0.0003250213238694122,
    0.0003250213238694122,
    0.000687340171957096,
    0.000687340171957096,
    0.0012320152865843426,
    0.0012320152865843426,
    0.0045760129850194176,
    0.0045760129850194176,
    "inf"
  ],
  "clusters": [
    5,
    5,
    4,
    4,
    3,
    3,
    2,
    2,
    1,
    1
  ]
}
