{
  "info": {
    "datafile": "dataset/opacity/opacity_73.png",
    "histogram resolution": [
      30,
      30
    ],
    "time_load (ms)": 23.595,
    "time histogram (ms)": 3261.042,
    "time MT (ms)": 13.322
  },
  "threshold": [
    0,
    0.00012189263763129343,
    0.00012189263763129343,
    0.043273241229201065,
    0.043273241229201065,
    0.07478502002136589,
    0.07478502002136589,
    0.07753090579417005,
    0.07753090579417005,
    "inf"
  ],
  "clusters": [
    5,
    5,
    4,
    4,
    3,
    3,
    2,
    2,
    1,
    1
  ]
}
