{
  "info": {
    "datafile": "dataset/opacity/opacity_168.png",
    "histogram resolution": [
      30,
      30
    ],
    "time_load (ms)": 27.085,
    "time histogram (ms)": 3378.292,
    "time MT (ms)": 13.331
  },
  "threshold": [
    0,
    0.0005686424362896236,
    0.0005686424362896236,
    0.0050671357173047715,
    0.0050671357173047715,
    0.007070545815741236,
    0.007070545815741236,
    0.02002552960755477,
    0.02002552960755477,
    "inf"
  ],
  "clusters": [
    5,
    5,
    4,
    4,
    3,
    3,
    2,
    2,
    1,
    1
  ]
}
