{
  "info": {
    "datafile": "dataset/opacity/opacity_216.png",
    "histogram resolution": [
      30,
      30
    ],
    "time_load (ms)": 31.317,
    "time histogram (ms)": 3802.708,
    "time MT (ms)": 15.754
  },
  "threshold": [
    0,
    0.0008784705779890656,
    0.0008784705779890656,
    0.0012574595400466348,
    0.0012574595400466348,
    0.0022165388502838335,
    0.0022165388502838335,
    0.0103411452999006,
    0.0103411452999006,
    "inf"
  ],
  "clusters": [
    5,
    5,
    4,
    4,
    3,
    3,
    2,
    2,
    1,
    1
  ]
}
