{
  "info": {
    "datafile": "dataset/opacity/opacity_207.png",
    "histogram resolution": [
      30,
      30
    ],
    "time_load (ms)": 22.738,
    "time histogram (ms)": 3039.35,
    "time MT (ms)": 12.069
  },
  "threshold": [
    0,
    0.0008057963881945573,
    0.0008057963881945573,
    0.001646419494848117,
    0.001646419494848117,
    0.0028505968531016834,
    0.0028505968531016834,
    0.012102700625372387,
    0.012102700625372387,
    "inf"
  ],
  "clusters": [
    5,
    5,
    4,
    4,
    3,
    3,
    2,
    2,
    1,
    1
  ]
}
