{
  "info": {
    "datafile": "dataset/opacity/opacity_15.png",
    "histogram resolution": [
      30,
      30
    ],
    "time_load (ms)": 23.878,
    "time histogram (ms)": 2953.354,
    "time MT (ms)": 18.946
  },
  "threshold": [
    0,
    1.590743322898991e-05,
    1.590743322898991e-05,
    0.006192777523267412,
    0.006192777523267412,
    0.11727872272752693,
    0.11727872272752693,
    0.15664962231707968,
    0.15664962231707968,
    "inf"
  ],
  "clusters": [
    5,
    5,
    4,
    4,
    3,
    3,
    2,
    2,
    1,
    1
  ]
}
