{
  "info": {
    "datafile": "dataset/opacity/opacity_256.png",
    "histogram resolution": [
      30,
      30
    ],
    "time_load (ms)": 24.39,
    "time histogram (ms)": 3068.813,
    "time MT (ms)": 11.766
  },
  "threshold": [
    0,
    0.00038363172485411656,
    0.00038363172485411656,
    0.0007832481079158016,
    0.0007832481079158016,
    0.0011752002671753248,
    0.0011752002671753248,
    0.005076865497318506,
    0.005076865497318506,
    "inf"
  ],
  "clusters": [
    5,
    5,
    4,
    4,
    3,
    3,
    2,
    2,
    1,
    1
  ]
}
