{
  "info": {
    "datafile": "dataset/opacity/opacity_94.png",
    "histogram resolution": [
      30,
      30
    ],
    "time_load (ms)": 26.973,
    "time histogram (ms)": 3064.272,
    "time MT (ms)": 14.109
  },
  "threshold": [
    0,
    0.00019972129911538516,
    0.00019972129911538516,
    0.038629814845010046,
    0.038629814845010046,
    0.043792626934389234,
    0.043792626934389234,
    0.04445332616160158,
    0.04445332616160158,
    "inf"
  ],
  "clusters": [
    5,
    5,
    4,
    4,
    3,
    3,
    2,
    2,
    1,
    1
  ]
}
