{
  "info": {
    "datafile": "dataset/opacity/opacity_387.png",
    "histogram resolution": [
      30,
      30
    ],
    "time_load (ms)": 19.657,
    "time histogram (ms)": 3045.149,
    "time MT (ms)": 13.464
  },
  "threshold": [
    0,
    0.00032235721671153295,
    0.00032235721671153295,
    0.0025597936448823466,
    0.0025597936448823466,
    "inf"
  ],
  "clusters": [
    3,
    3,
    2,
    2,
    1,
    1
  ]
}
