{
  "info": {
    "datafile": "dataset/opacity/opacity_218.png",
    "histogram resolution": [
      30,
      30
    ],
    "time_load (ms)": 23.663,
    "time histogram (ms)": 3111.854,
    "time MT (ms)": 12.183
  },
  "threshold": [
    0,
    0.000896733237982672,
    0.000896733237982672,
    0.0012095055749143935,
    0.0012095055749143935,
    0.002195225977946247,
    0.002195225977946247,
    0.010145622817804956,
    0.010145622817804956,
    "inf"
  ],
  "clusters": [
    5,
    5,
    4,
    4,
    3,
    3,
    2,
    2,
    1,
    1
  ]
}
