{
  "info": {
    "datafile": "dataset/opacity/opacity_88.png",
    "histogram resolution": [
      30,
      30
    ],
    "time_load (ms)": 28.792,
    "time histogram (ms)": 3176.915,
    "time MT (ms)": 12.447
  },
  "threshold": [
    0,
    0.00019295484845183175,
    0.00019295484845183175,
    0.04159230415861492,
    0.04159230415861492,
    0.05289322394895385,
    0.05289322394895385,
    0.05337809190804482,
    0.05337809190804482,
    "inf"
  ],
  "clusters": [
    5,
    5,
    4,
    4,
    3,
    3,
    2,
    2,
    1,
    1
  ]
}
