{
  "info": {
    "datafile": "dataset/opacity/opacity_182.png",
    "histogram resolution": [
      30,
      30
    ],
    "time_load (ms)": 32.995,
    "time histogram (ms)": 3179.823,
    "time MT (ms)": 13.149
  },
  "threshold": [
    0,
    0.0006479865510606864,
    0.0006479865510606864,
    0.00333546472867724,
    0.00333546472867724,
    0.005104433196601865,
    0.005104433196601865,
    0.017724897465059064,
    0.017724897465059064,
    "inf"
  ],
  "clusters": [
    5,
    5,
    4,
    4,
    3,
    3,
    2,
    2,
    1,
    1
  ]
}
