{
  "info": {
    "datafile": "dataset/opacity/opacity_267.png",
    "histogram resolution": [
      30,
      30
    ],
    "time_load (ms)": 34.177,
    "time histogram (ms)": 3036.829,
    "time MT (ms)": 13.049
  },
  "threshold": [
    0,
    0.0002877237952222944,
    0.0002877237952222944,
    0.0005807758083709036,
    0.0005807758083709036,
    0.001289737647451883,
    0.001289737647451883,
    0.004115701217798695,
    0.004115701217798695,
    "inf"
  ],
  "clusters": [
    5,
    5,
    4,
    4,
    3,
    3,
    2,
    2,
    1,
    1
  ]
}
