{
  "info": {
    "datafile": "dataset/opacity/opacity_186.png",
    "histogram resolution": [
      30,
      30
    ],
    "time_load (ms)": 26.068,
    "time histogram (ms)": 2998.026,
    "time MT (ms)": 11.628
  },
  "threshold": [
    0,
    0.0006770117863573732,
    0.0006770117863573732,
    0.002962489454227557,
    0.002962489454227557,
    0.004592924247845076,
    0.004592924247845076,
    0.017128831999519922,
    0.017128831999519922,
    "inf"
  ],
  "clusters": [
    5,
    5,
    4,
    4,
    3,
    3,
    2,
    2,
    1,
    1
  ]
}
