{
  "info": {
    "datafile": "dataset/opacity/opacity_3.png",
    "histogram resolution": [
      30,
      30
    ],
    "time_load (ms)": 24.858,
    "time histogram (ms)": 3084.374,
    "time MT (ms)": 11.862
  },
  "threshold": [
    0,
    4.633232979278645e-06,
    4.633232979278645e-06,
    0.03770826158724683,
    0.03770826158724683,
    0.050069263852808854,
    0.050069263852808854,
    "inf"
  ],
  "clusters": [
    4,
    4,
    3,
    3,
    2,
    2,
    1,
    1
  ]
}
