{
  "info": {
    "datafile": "dataset/opacity/opacity_122.png",
    "histogram resolution": [
      30,
      30
    ],
    "time_load (ms)": 29.295,
    "time histogram (ms)": 3110.778,
    "time MT (ms)": 12.756
  },
  "threshold": [
    0,
    0.0003264209159626885,
    0.0003264209159626885,
    0.01986359820875805,
    0.01986359820875805,
    0.022192029663331225,
    0.022192029663331225,
    0.03007223281415955,
    0.03007223281415955,
    "inf"
  ],
  "clusters": [
    5,
    5,
    4,
    4,
    3,
    3,
    2,
    2,
    1,
    1
  ]
}
