{
  "info": {
    "datafile": "dataset/opacity/opacity_199.png",
    "histogram resolution": [
      30,
      30
    ],
    "time_load (ms)": 24.246,
    "time histogram (ms)": 3230.674,
    "time MT (ms)": 11.958
  },
  "threshold": [
    0,
    0.0007506896492719406,
    0.0007506896492719406,
    0.002099318077418255,
    0.002099318077418255,
    0.0034260444606289964,
    0.0034260444606289964,
    0.013722710645914349,
    0.013722710645914349,
    "inf"
  ],
  "clusters": [
    5,
    5,
    4,
    4,
    3,
    3,
    2,
    2,
    1,
    1
  ]
}
