{
  "info": {
    "datafile": "dataset/opacity/opacity_314.png",
    "histogram resolution": [
      30,
      30
    ],
    "time_load (ms)": 23.836,
    "time histogram (ms)": 3093.978,
    "time MT (ms)": 11.826
  },
  "threshold": [
    0,
    3.729752927977836e-05,
    3.729752927977836e-05,
    0.00013482709436052343,
    0.00013482709436052343,
    0.0015604729990117416,
    0.0015604729990117416,
    0.0017204255965577175,
    0.0017204255965577175,
    "inf"
  ],
  "clusters": [
    5,
    5,
    4,
    4,
    3,
    3,
    2,
    2,
    1,
    1
  ]
}
