{
  "info": {
    "datafile": "data/opacity/opacity_20.png",
    "histogram resolution": [
      30,
      30
    ],
    "time_load (ms)": 23.921,
    "time histogram (ms)": 2971.054,
    "time MT (ms)": 13.094
  },
  "threshold": [
    0,
    2.1554185922645352e-05,
    2.1554185922645352e-05,
    0.01076415713105372,
    0.01076415713105372,
    0.1283730003165895,
    0.1283730003165895,
    0.17146739849577775,
    0.17146739849577775,
    "inf"
  ],
  "clusters": [
    5,
    5,
    4,
    4,
    3,
    3,
    2,
    2,
    1,
    1
  ]
}
