{
  "info": {
    "datafile": "dataset/opacity/opacity_235.png",
    "histogram resolution": [
      30,
      30
    ],
    "time_load (ms)": 27.362,
    "time histogram (ms)": 3189.906,
    "time MT (ms)": 12.372
  },
  "threshold": [
    0,
    0.0007352941484777831,
    0.0007352941484777831,
    0.001020884651257381,
    0.001020884651257381,
    0.0014226343128425634,
    0.0014226343128425634,
    0.007466223926425597,
    0.007466223926425597,
    "inf"
  ],
  "clusters": [
    5,
    5,
    4,
    4,
    3,
    3,
    2,
    2,
    1,
    1
  ]
}
