{
  "info": {
    "datafile": "dataset/opacity/opacity_206.png",
    "histogram resolution": [
      30,
      30
    ],
    "time_load (ms)": 25.371,
    "time histogram (ms)": 3022.577,
    "time MT (ms)": 11.992
  },
  "threshold": [
    0,
    0.0007996766596343186,
    0.0007996766596343186,
    0.0017210145515096364,
    0.0017210145515096364,
    0.002962489441573679,
    0.002962489441573679,
    0.012316987651876943,
    0.012316987651876943,
    "inf"
  ],
  "clusters": [
    5,
    5,
    4,
    4,
    3,
    3,
    2,
    2,
    1,
    1
  ]
}
