{
  "info": {
    "datafile": "dataset/opacity/opacity_41.png",
    "histogram resolution": [
      30,
      30
    ],
    "time_load (ms)": 25.757,
    "time histogram (ms)": 2910.929,
    "time MT (ms)": 11.437
  },
  "threshold": [
    0,
    5.332078953712571e-05,
    5.332078953712571e-05,
    0.028897244626606033,
    0.028897244626606033,
    0.12453436324595596,
    0.12453436324595596,
    0.16833440343464678,
    0.16833440343464678,
    "inf"
  ],
  "clusters": [
    5,
    5,
    4,
    4,
    3,
    3,
    2,
    2,
    1,
    1
  ]
}
