{
  "info": {
    "datafile": "dataset/opacity/opacity_71.png",
    "histogram resolution": [
      30,
      30
    ],
    "time_load (ms)": 26.737,
    "time histogram (ms)": 3076.572,
    "time MT (ms)": 12.752
  },
  "threshold": [
    0,
    0.00011475938935689989,
    0.00011475938935689989,
    0.04272744631521719,
    0.04272744631521719,
    0.07880365480927976,
    0.07880365480927976,
    0.08367966959169437,
    0.08367966959169437,
    "inf"
  ],
  "clusters": [
    5,
    5,
    4,
    4,
    3,
    3,
    2,
    2,
    1,
    1
  ]
}
