{
  "info": {
    "datafile": "dataset/opacity/opacity_8.png",
    "histogram resolution": [
      30,
      30
    ],
    "time_load (ms)": 25.907,
    "time histogram (ms)": 3097.339,
    "time MT (ms)": 11.923
  },
  "threshold": [
    0,
    1.0279985672934089e-05,
    1.0279985672934089e-05,
    0.0003322023239923366,
    0.0003322023239923366,
    0.07797012953105287,
    0.07797012953105287,
    0.10391090607837494,
    0.10391090607837494,
    "inf"
  ],
  "clusters": [
    5,
    5,
    4,
    4,
    3,
    3,
    2,
    2,
    1,
    1
  ]
}
