{
  "info": {
    "datafile": "dataset/opacity/opacity_90.png",
    "histogram resolution": [
      30,
      30
    ],
    "time_load (ms)": 28.629,
    "time histogram (ms)": 3194.129,
    "time MT (ms)": 12.718
  },
  "threshold": [
    0,
    0.0001939683681659865,
    0.0001939683681659865,
    0.040869288120830516,
    0.040869288120830516,
    0.05095908072025457,
    0.05095908072025457,
    0.05120950689635484,
    0.05120950689635484,
    "inf"
  ],
  "clusters": [
    5,
    5,
    4,
    4,
    3,
    3,
    2,
    2,
    1,
    1
  ]
}
