{
  "info": {
    "datafile": "dataset/opacity/opacity_142.png",
    "histogram resolution": [
      30,
      30
    ],
    "time_load (ms)": 25.081,
    "time histogram (ms)": 3070.221,
    "time MT (ms)": 11.709
  },
  "threshold": [
    0,
    0.0004312574258837909,
    0.0004312574258837909,
    0.01063512395573879,
    0.01063512395573879,
    0.01316069944827497,
    0.01316069944827497,
    0.024775752195097478,
    0.024775752195097478,
    "inf"
  ],
  "clusters": [
    5,
    5,
    4,
    4,
    3,
    3,
    2,
    2,
    1,
    1
  ]
}
