{
  "info": {
    "datafile": "dataset/opacity/opacity_25.png",
    "histogram resolution": [
      30,
      30
    ],
    "time_load (ms)": 24.328,
    "time histogram (ms)": 3008.482,
    "time MT (ms)": 11.97
  },
  "threshold": [
    0,
    2.2200908025959976e-05,
    2.2200908025959976e-05,
    0.017350530956074306,
    0.017350530956074306,
    0.13103154640106068,
    0.13103154640106068,
    0.17570333045137965,
    0.17570333045137965,
    "inf"
  ],
  "clusters": [
    5,
    5,
    4,
    4,
    3,
    3,
    2,
    2,
    1,
    1
  ]
}
