{
  "info": {
    "datafile": "dataset/opacity/opacity_174.png",
    "histogram resolution": [
      30,
      30
    ],
    "time_load (ms)": 33.197,
    "time histogram (ms)": 3291.968,
    "time MT (ms)": 13.817
  },
  "threshold": [
    0,
    0.0005942507010692211,
    0.0005942507010692211,
    0.004305200477297766,
    0.004305200477297766,
    0.0062127026347139624,
    0.0062127026347139624,
    0.018957337496154303,
    0.018957337496154303,
    "inf"
  ],
  "clusters": [
    5,
    5,
    4,
    4,
    3,
    3,
    2,
    2,
    1,
    1
  ]
}
