{
  "info": {
    "datafile": "dataset/opacity/opacity_36.png",
    "histogram resolution": [
      30,
      30
    ],
    "time_load (ms)": 25.337,
    "time histogram (ms)": 3006.898,
    "time MT (ms)": 11.901
  },
  "threshold": [
    0,
    4.2567827997608276e-05,
    4.2567827997608276e-05,
    0.025531432456752823,
    0.025531432456752823,
    0.12867740012832085,
    0.12867740012832085,
    0.17364130899406283,
    0.17364130899406283,
    "inf"
  ],
  "clusters": [
    5,
    5,
    4,
    4,
    3,
    3,
    2,
    2,
    1,
    1
  ]
}
