{
  "info": {
    "datafile": "dataset/opacity/opacity_353.png",
    "histogram resolution": [
      30,
      30
    ],
    "time_load (ms)": 22.364,
    "time histogram (ms)": 2913.449,
    "time MT (ms)": 13.528
  },
  "threshold": [
    0,
    5.3282185589198505e-06,
    5.3282185589198505e-06,
    1.6679640045980104e-05,
    1.6679640045980104e-05,
    0.0006173783574902059,
    0.0006173783574902059,
    0.0021403799529615686,
    0.0021403799529615686,
    "inf"
  ],
  "clusters": [
    5,
    5,
    4,
    4,
    3,
    3,
    2,
    2,
    1,
    1
  ]
}
