{
  "info": {
    "datafile": "dataset/opacity/opacity_390.png",
    "histogram resolution": [
      30,
      30
    ],
    "time_load (ms)": 17.652,
    "time histogram (ms)": 3559.502,
    "time MT (ms)": 14.276
  },
  "threshold": [
    0,
    0.000320996204416113,
    0.000320996204416113,
    0.0025822455288548873,
    0.0025822455288548873,
    "inf"
  ],
  "clusters": [
    3,
    3,
    2,
    2,
    1,
    1
  ]
}
