{
  "info": {
    "datafile": "dataset/opacity/opacity_388.png",
    "histogram resolution": [
      30,
      30
    ],
    "time_load (ms)": 20.871,
    "time histogram (ms)": 2947.023,
    "time MT (ms)": 11.934
  },
  "threshold": [
    0,
    0.00032235721671153295,
    0.00032235721671153295,
    0.0025597936448823466,
    0.0025597936448823466,
    "inf"
  ],
  "clusters": [
    3,
    3,
    2,
    2,
    1,
    1
  ]
}
