{
  "info": {
    "datafile": "dataset/opacity/opacity_32.png",
    "histogram resolution": [
      30,
      30
    ],
    "time_load (ms)": 25.185,
    "time histogram (ms)": 2999.504,
    "time MT (ms)": 12.735
  },
  "threshold": [
    0,
    3.6921075304063855e-05,
    3.6921075304063855e-05,
    0.021965695444396804,
    0.021965695444396804,
    0.13100397823658366,
    0.13100397823658366,
    0.17622016616793268,
    0.17622016616793268,
    "inf"
  ],
  "clusters": [
    5,
    5,
    4,
    4,
    3,
    3,
    2,
    2,
    1,
    1
  ]
}
