{
  "info": {
    "datafile": "dataset/opacity/opacity_275.png",
    "histogram resolution": [
      30,
      30
    ],
    "time_load (ms)": 24.312,
    "time histogram (ms)": 3653.995,
    "time MT (ms)": 21.827
  },
  "threshold": [
    0,
    0.00021312873729545379,
    0.00021312873729545379,
    0.00045289856422203734,
    0.00045289856422203734,
    0.0013489271987628948,
    0.0013489271987628948,
    0.0035203307227096303,
    0.0035203307227096303,
    "inf"
  ],
  "clusters": [
    5,
    5,
    4,
    4,
    3,
    3,
    2,
    2,
    1,
    1
  ]
}
