{
  "info": {
    "datafile": "dataset/opacity/opacity_202.png",
    "histogram resolution": [
      30,
      30
    ],
    "time_load (ms)": 23.935,
    "time histogram (ms)": 3213.012,
    "time MT (ms)": 13.27
  },
  "threshold": [
    0,
    0.0007695123824251748,
    0.0007695123824251748,
    0.001816922493162565,
    0.001816922493162565,
    0.0030956948973218656,
    0.0030956948973218656,
    0.013013594283300678,
    0.013013594283300678,
    "inf"
  ],
  "clusters": [
    5,
    5,
    4,
    4,
    3,
    3,
    2,
    2,
    1,
    1
  ]
}
