{
  "info": {
    "datafile": "dataset/opacity/opacity_80.png",
    "histogram resolution": [
      30,
      30
    ],
    "time_load (ms)": 26.151,
    "time histogram (ms)": 3028.031,
    "time MT (ms)": 12.889
  },
  "threshold": [
    0,
    0.00017143927280405258,
    0.00017143927280405258,
    0.043405520004985654,
    0.043405520004985654,
    0.06426364217274927,
    0.06426364217274927,
    0.0645284311549249,
    0.0645284311549249,
    "inf"
  ],
  "clusters": [
    5,
    5,
    4,
    4,
    3,
    3,
    2,
    2,
    1,
    1
  ]
}
