{
  "info": {
    "datafile": "dataset/opacity/opacity_301.png",
    "histogram resolution": [
      30,
      30
    ],
    "time_load (ms)": 25.324,
    "time histogram (ms)": 3080.329,
    "time MT (ms)": 12.006
  },
  "threshold": [
    0,
    6.393862080900092e-05,
    6.393862080900092e-05,
    0.00017467289481931658,
    0.00017467289481931658,
    0.001607027219388546,
    0.001607027219388546,
    0.0020312095233256944,
    0.0020312095233256944,
    "inf"
  ],
  "clusters": [
    5,
    5,
    4,
    4,
    3,
    3,
    2,
    2,
    1,
    1
  ]
}
