{
  "info": {
    "datafile": "dataset/opacity/opacity_188.png",
    "histogram resolution": [
      30,
      30
    ],
    "time_load (ms)": 26.005,
    "time histogram (ms)": 3200.597,
    "time MT (ms)": 11.892
  },
  "threshold": [
    0,
    0.000692320760326548,
    0.000692320760326548,
    0.0028452686358081403,
    0.0028452686358081403,
    0.004433077699935006,
    0.004433077699935006,
    0.01686126283454792,
    0.01686126283454792,
    "inf"
  ],
  "clusters": [
    5,
    5,
    4,
    4,
    3,
    3,
    2,
    2,
    1,
    1
  ]
}
