{
  "info": {
    "datafile": "dataset/opacity/opacity_111.png",
    "histogram resolution": [
      30,
      30
    ],
    "time_load (ms)": 25.193,
    "time histogram (ms)": 3085.674,
    "time MT (ms)": 12.077
  },
  "threshold": [
    0,
    0.00027178737708144496,
    0.00027178737708144496,
    0.026721015292265393,
    0.026721015292265393,
    0.02863917376468994,
    0.02863917376468994,
    0.03286282938760038,
    0.03286282938760038,
    "inf"
  ],
  "clusters": [
    5,
    5,
    4,
    4,
    3,
    3,
    2,
    2,
    1,
    1
  ]
}
