{
  "info": {
    "datafile": "dataset/opacity/opacity_287.png",
    "histogram resolution": [
      30,
      30
    ],
    "time_load (ms)": 26.221,
    "time histogram (ms)": 3215.179,
    "time MT (ms)": 13.87
  },
  "threshold": [
    0,
    0.00012787724541418743,
    0.00012787724541418743,
    0.00030926833069438997,
    0.00030926833069438997,
    0.0014623255662307155,
    0.0014623255662307155,
    0.002747970740573813,
    0.002747970740573813,
    "inf"
  ],
  "clusters": [
    5,
    5,
    4,
    4,
    3,
    3,
    2,
    2,
    1,
    1
  ]
}
