{
  "info": {
    "datafile": "dataset/opacity/opacity_212.png",
    "histogram resolution": [
      30,
      30
    ],
    "time_load (ms)": 23.82,
    "time histogram (ms)": 3063.658,
    "time MT (ms)": 11.654
  },
  "threshold": [
    0,
    0.0008370803633737101,
    0.0008370803633737101,
    0.001443947178853211,
    0.001443947178853211,
    0.002466965125716758,
    0.002466965125716758,
    0.011103775520783232,
    0.011103775520783232,
    "inf"
  ],
  "clusters": [
    5,
    5,
    4,
    4,
    3,
    3,
    2,
    2,
    1,
    1
  ]
}
