{
  "info": {
    "datafile": "dataset/opacity/opacity_39.png",
    "histogram resolution": [
      30,
      30
    ],
    "time_load (ms)": 24.23,
    "time histogram (ms)": 2976.13,
    "time MT (ms)": 12.175
  },
  "threshold": [
    0,
    5.230726982297096e-05,
    5.230726982297096e-05,
    0.027951138661509722,
    0.027951138661509722,
    0.1259310515678887,
    0.1259310515678887,
    0.1701513258512537,
    0.1701513258512537,
    "inf"
  ],
  "clusters": [
    5,
    5,
    4,
    4,
    3,
    3,
    2,
    2,
    1,
    1
  ]
}
