{
  "info": {
    "datafile": "dataset/opacity/opacity_66.png",
    "histogram resolution": [
      30,
      30
    ],
    "time_load (ms)": 27.063,
    "time histogram (ms)": 3204.239,
    "time MT (ms)": 12.882
  },
  "threshold": [
    0,
    9.890021897129841e-05,
    9.890021897129841e-05,
    0.04194188160665657,
    0.04194188160665657,
    0.08605466511214743,
    0.08605466511214743,
    0.09468244048564334,
    0.09468244048564334,
    "inf"
  ],
  "clusters": [
    5,
    5,
    4,
    4,
    3,
    3,
    2,
    2,
    1,
    1
  ]
}
