{
  "info": {
    "datafile": "dataset/opacity/opacity_125.png",
    "histogram resolution": [
      30,
      30
    ],
    "time_load (ms)": 24.986,
    "time histogram (ms)": 2950.955,
    "time MT (ms)": 12.044
  },
  "threshold": [
    0,
    0.0003285541336469633,
    0.0003285541336469633,
    0.017593777159598423,
    0.017593777159598423,
    0.01999147539659729,
    0.01999147539659729,
    0.02899014115462184,
    0.02899014115462184,
    "inf"
  ],
  "clusters": [
    5,
    5,
    4,
    4,
    3,
    3,
    2,
    2,
    1,
    1
  ]
}
