{
  "info": {
    "datafile": "dataset/opacity/opacity_152.png",
    "histogram resolution": [
      30,
      30
    ],
    "time_load (ms)": 23.39,
    "time histogram (ms)": 2976.251,
    "time MT (ms)": 11.883
  },
  "threshold": [
    0,
    0.0004761418703710385,
    0.0004761418703710385,
    0.008141517712552448,
    0.008141517712552448,
    0.010533887842978817,
    0.010533887842978817,
    0.022997285510960863,
    0.022997285510960863,
    "inf"
  ],
  "clusters": [
    5,
    5,
    4,
    4,
    3,
    3,
    2,
    2,
    1,
    1
  ]
}
