{
  "info": {
    "datafile": "dataset/opacity/opacity_83.png",
    "histogram resolution": [
      30,
      30
    ],
    "time_load (ms)": 24.939,
    "time histogram (ms)": 3109.106,
    "time MT (ms)": 12.127
  },
  "threshold": [
    0,
    0.00018220188691231431,
    0.00018220188691231431,
    0.043602664140355685,
    0.043602664140355685,
    0.058114878222113475,
    0.058114878222113475,
    0.059867861838859504,
    0.059867861838859504,
    "inf"
  ],
  "clusters": [
    5,
    5,
    4,
    4,
    3,
    3,
    2,
    2,
    1,
    1
  ]
}
