{
  "info": {
    "datafile": "dataset/opacity/opacity_127.png",
    "histogram resolution": [
      30,
      30
    ],
    "time_load (ms)": 32.925,
    "time histogram (ms)": 2923.238,
    "time MT (ms)": 12.228
  },
  "threshold": [
    0,
    0.00034386310761613803,
    0.00034386310761613803,
    0.01685315480584826,
    0.01685315480584826,
    0.01932544807736436,
    0.01932544807736436,
    0.028534230981123343,
    0.028534230981123343,
    "inf"
  ],
  "clusters": [
    5,
    5,
    4,
    4,
    3,
    3,
    2,
    2,
    1,
    1
  ]
}
