{
  "info": {
    "datafile": "dataset/opacity/opacity_317.png",
    "histogram resolution": [
      30,
      30
    ],
    "time_load (ms)": 25.338,
    "time histogram (ms)": 3279.657,
    "time MT (ms)": 14.328
  },
  "threshold": [
    0,
    3.1969311353574614e-05,
    3.1969311353574614e-05,
    0.00011791579200537416,
    0.00011791579200537416,
    0.0014418622220594424,
    0.0014418622220594424,
    0.0017659085003047803,
    0.0017659085003047803,
    "inf"
  ],
  "clusters": [
    5,
    5,
    4,
    4,
    3,
    3,
    2,
    2,
    1,
    1
  ]
}
