{
  "info": {
    "datafile": "dataset/opacity/opacity_176.png",
    "histogram resolution": [
      30,
      30
    ],
    "time_load (ms)": 23.932,
    "time histogram (ms)": 3575.208,
    "time MT (ms)": 12.833
  },
  "threshold": [
    0,
    0.0006004766078852031,
    0.0006004766078852031,
    0.004049445995327028,
    0.004049445995327028,
    0.005871696643779345,
    0.005871696643779345,
    0.01864691085135589,
    0.01864691085135589,
    "inf"
  ],
  "clusters": [
    5,
    5,
    4,
    4,
    3,
    3,
    2,
    2,
    1,
    1
  ]
}
