{
  "info": {
    "datafile": "dataset/opacity/opacity_133.png",
    "histogram resolution": [
      30,
      30
    ],
    "time_load (ms)": 24.303,
    "time histogram (ms)": 2944.934,
    "time MT (ms)": 11.81
  },
  "threshold": [
    0,
    0.0003622126019229288,
    0.0003622126019229288,
    0.014492754049411916,
    0.014492754049411916,
    0.017018329572317192,
    0.017018329572317192,
    0.02714310271327869,
    0.02714310271327869,
    "inf"
  ],
  "clusters": [
    5,
    5,
    4,
    4,
    3,
    3,
    2,
    2,
    1,
    1
  ]
}
