{
  "info": {
    "datafile": "dataset/opacity/opacity_221.png",
    "histogram resolution": [
      30,
      30
    ],
    "time_load (ms)": 23.74,
    "time histogram (ms)": 3345.347,
    "time MT (ms)": 12.53
  },
  "threshold": [
    0,
    0.0009126021355029268,
    0.0009126021355029268,
    0.001039002589886484,
    0.001039002589886484,
    0.0019661125887701636,
    0.0019661125887701636,
    0.009492568566263848,
    0.009492568566263848,
    "inf"
  ],
  "clusters": [
    5,
    5,
    4,
    4,
    3,
    3,
    2,
    2,
    1,
    1
  ]
}
