{
  "info": {
    "datafile": "dataset/opacity/opacity_119.png",
    "histogram resolution": [
      30,
      30
    ],
    "time_load (ms)": 35.458,
    "time histogram (ms)": 3077.752,
    "time MT (ms)": 17.899
  },
  "threshold": [
    0,
    0.00031668147413743686,
    0.00031668147413743686,
    0.02187766477341624,
    0.02187766477341624,
    0.024126172913542077,
    0.024126172913542077,
    0.030836021240680855,
    0.030836021240680855,
    "inf"
  ],
  "clusters": [
    5,
    5,
    4,
    4,
    3,
    3,
    2,
    2,
    1,
    1
  ]
}
