{
  "info": {
    "datafile": "dataset/opacity/opacity_251.png",
    "histogram resolution": [
      30,
      30
    ],
    "time_load (ms)": 23.611,
    "time histogram (ms)": 3060.096,
    "time MT (ms)": 11.773
  },
  "threshold": [
    0,
    0.0004369139123414634,
    0.0004369139123414634,
    0.0008898124715019384,
    0.0008898124715019384,
    0.0011461749930734566,
    0.0011461749930734566,
    0.005552235238134362,
    0.005552235238134362,
    "inf"
  ],
  "clusters": [
    5,
    5,
    4,
    4,
    3,
    3,
    2,
    2,
    1,
    1
  ]
}
