{
  "info": {
    "datafile": "dataset/opacity/opacity_365.png",
    "histogram resolution": [
      30,
      30
    ],
    "time_load (ms)": 20.62,
    "time histogram (ms)": 3278.417,
    "time MT (ms)": 11.84
  },
  "threshold": [
    0,
    0.0004653214191862598,
    0.0004653214191862598,
    0.002284415571079945,
    0.002284415571079945,
    "inf"
  ],
  "clusters": [
    3,
    3,
    2,
    2,
    1,
    1
  ]
}
