{
  "info": {
    "datafile": "dataset/opacity/opacity_5.png",
    "histogram resolution": [
      30,
      30
    ],
    "time_load (ms)": 23.322,
    "time histogram (ms)": 3053.829,
    "time MT (ms)": 12.03
  },
  "threshold": [
    0,
    5.646752693544421e-06,
    5.646752693544421e-06,
    0.05321893563215918,
    0.05321893563215918,
    0.0705456053433211,
    0.0705456053433211,
    "inf"
  ],
  "clusters": [
    4,
    4,
    3,
    3,
    2,
    2,
    1,
    1
  ]
}
