{
  "info": {
    "datafile": "dataset/opacity/opacity_300.png",
    "histogram resolution": [
      30,
      30
    ],
    "time_load (ms)": 24.719,
    "time histogram (ms)": 3108.243,
    "time MT (ms)": 12.918
  },
  "threshold": [
    0,
    6.393862080900092e-05,
    6.393862080900092e-05,
    0.00019691241576091922,
    0.00019691241576091922,
    0.0015866119244859478,
    0.0015866119244859478,
    0.002138932201428634,
    0.002138932201428634,
    "inf"
  ],
  "clusters": [
    5,
    5,
    4,
    4,
    3,
    3,
    2,
    2,
    1,
    1
  ]
}
