{
  "info": {
    "datafile": "dataset/opacity/opacity_63.png",
    "histogram resolution": [
      30,
      30
    ],
    "time_load (ms)": 26.519,
    "time histogram (ms)": 2988.62,
    "time MT (ms)": 18.893
  },
  "threshold": [
    0,
    9.426698599201977e-05,
    9.426698599201977e-05,
    0.04117438646025373,
    0.04117438646025373,
    0.09135577894069674,
    0.09135577894069674,
    0.10345268803117191,
    0.10345268803117191,
    "inf"
  ],
  "clusters": [
    5,
    5,
    4,
    4,
    3,
    3,
    2,
    2,
    1,
    1
  ]
}
