{
  "info": {
    "datafile": "dataset/opacity/opacity_373.png",
    "histogram resolution": [
      30,
      30
    ],
    "time_load (ms)": 19.406,
    "time histogram (ms)": 3079.077,
    "time MT (ms)": 13.416
  },
  "threshold": [
    0,
    0.0004111994636978866,
    0.0004111994636978866,
    0.0023712886748905593,
    0.0023712886748905593,
    "inf"
  ],
  "clusters": [
    3,
    3,
    2,
    2,
    1,
    1
  ]
}
