{
  "info": {
    "datafile": "dataset/opacity/opacity_53.png",
    "histogram resolution": [
      30,
      30
    ],
    "time_load (ms)": 31.386,
    "time histogram (ms)": 3011.757,
    "time MT (ms)": 12.925
  },
  "threshold": [
    0,
    7.4807407478783e-05,
    7.4807407478783e-05,
    0.03713536562895098,
    0.03713536562895098,
    0.10725726777948885,
    0.10725726777948885,
    0.13261402751389972,
    0.13261402751389972,
    "inf"
  ],
  "clusters": [
    5,
    5,
    4,
    4,
    3,
    3,
    2,
    2,
    1,
    1
  ]
}
