{
  "info": {
    "datafile": "dataset/opacity/opacity_158.png",
    "histogram resolution": [
      30,
      30
    ],
    "time_load (ms)": 24.686,
    "time histogram (ms)": 2973.387,
    "time MT (ms)": 13.164
  },
  "threshold": [
    0,
    0.000503333156418484,
    0.000503333156418484,
    0.006708226970184306,
    0.006708226970184306,
    0.008812873250976905,
    0.008812873250976905,
    0.021701833359940692,
    0.021701833359940692,
    "inf"
  ],
  "clusters": [
    5,
    5,
    4,
    4,
    3,
    3,
    2,
    2,
    1,
    1
  ]
}
