{
  "info": {
    "datafile": "dataset/opacity/opacity_265.png",
    "histogram resolution": [
      30,
      30
    ],
    "time_load (ms)": 21.944,
    "time histogram (ms)": 3066.401,
    "time MT (ms)": 12.315
  },
  "threshold": [
    0,
    0.00029305201314855367,
    0.00029305201314855367,
    0.0006020886800758296,
    0.0006020886800758296,
    0.001278511710045671,
    0.001278511710045671,
    0.004255856526646951,
    0.004255856526646951,
    "inf"
  ],
  "clusters": [
    5,
    5,
    4,
    4,
    3,
    3,
    2,
    2,
    1,
    1
  ]
}
