{
  "info": {
    "datafile": "dataset/opacity/opacity_92.png",
    "histogram resolution": [
      30,
      30
    ],
    "time_load (ms)": 26.52,
    "time histogram (ms)": 3301.723,
    "time MT (ms)": 17.848
  },
  "threshold": [
    0,
    0.0001987077794011194,
    0.0001987077794011194,
    0.03926479946936362,
    0.03926479946936362,
    0.045321825600062204,
    0.045321825600062204,
    0.045742755019328674,
    0.045742755019328674,
    "inf"
  ],
  "clusters": [
    5,
    5,
    4,
    4,
    3,
    3,
    2,
    2,
    1,
    1
  ]
}
