{
  "info": {
    "datafile": "dataset/opacity/opacity_19.png",
    "histogram resolution": [
      30,
      30
    ],
    "time_load (ms)": 23.065,
    "time histogram (ms)": 2930.328,
    "time MT (ms)": 11.944
  },
  "threshold": [
    0,
    2.0540666208379577e-05,
    2.0540666208379577e-05,
    0.009335268205225455,
    0.009335268205225455,
    0.1258335258734249,
    0.1258335258734249,
    0.16825981138517032,
    0.16825981138517032,
    "inf"
  ],
  "clusters": [
    5,
    5,
    4,
    4,
    3,
    3,
    2,
    2,
    1,
    1
  ]
}
