{
  "info": {
    "datafile": "dataset/opacity/opacity_333.png",
    "histogram resolution": [
      30,
      30
    ],
    "time_load (ms)": 22.954,
    "time histogram (ms)": 4005.164,
    "time MT (ms)": 14.351
  },
  "threshold": [
    0,
    1.0656437117839701e-05,
    1.0656437117839701e-05,
    2.8262723209548923e-05,
    2.8262723209548923e-05,
    0.000981318826749955,
    0.000981318826749955,
    0.0019247898233546445,
    0.0019247898233546445,
    "inf"
  ],
  "clusters": [
    5,
    5,
    4,
    4,
    3,
    3,
    2,
    2,
    1,
    1
  ]
}
