{
  "info": {
    "datafile": "dataset/opacity/opacity_210.png",
    "histogram resolution": [
      30,
      30
    ],
    "time_load (ms)": 24.942,
    "time histogram (ms)": 3862.498,
    "time MT (ms)": 12.148
  },
  "threshold": [
    0,
    0.0008375436866716601,
    0.0008375436866716601,
    0.0014865729298553787,
    0.0014865729298553787,
    0.0026001705865264513,
    0.0026001705865264513,
    0.011369723134811882,
    0.011369723134811882,
    "inf"
  ],
  "clusters": [
    5,
    5,
    4,
    4,
    3,
    3,
    2,
    2,
    1,
    1
  ]
}
