{
  "info": {
    "datafile": "dataset/opacity/opacity_148.png",
    "histogram resolution": [
      30,
      30
    ],
    "time_load (ms)": 23.635,
    "time histogram (ms)": 3072.339,
    "time MT (ms)": 12.185
  },
  "threshold": [
    0,
    0.0004573290139612274,
    0.0004573290139612274,
    0.009153879205848092,
    0.009153879205848092,
    0.011567562178242952,
    0.011567562178242952,
    0.023787020170135342,
    0.023787020170135342,
    "inf"
  ],
  "clusters": [
    5,
    5,
    4,
    4,
    3,
    3,
    2,
    2,
    1,
    1
  ]
}
