{
  "info": {
    "datafile": "dataset/opacity/opacity_297.png",
    "histogram resolution": [
      30,
      30
    ],
    "time_load (ms)": 23.382,
    "time histogram (ms)": 2922.621,
    "time MT (ms)": 12.335
  },
  "threshold": [
    0,
    7.459505729418003e-05,
    7.459505729418003e-05,
    0.00021938359967194065,
    0.00021938359967194065,
    0.0015605307032423577,
    0.0015605307032423577,
    0.0022146855663349174,
    0.0022146855663349174,
    "inf"
  ],
  "clusters": [
    5,
    5,
    4,
    4,
    3,
    3,
    2,
    2,
    1,
    1
  ]
}
