{
  "info": {
    "datafile": "dataset/opacity/opacity_61.png",
    "histogram resolution": [
      30,
      30
    ],
    "time_load (ms)": 24.872,
    "time histogram (ms)": 2886.92,
    "time MT (ms)": 12.225
  },
  "threshold": [
    0,
    8.814725743178098e-05,
    8.814725743178098e-05,
    0.040630213142712035,
    0.040630213142712035,
    0.09339092667909982,
    0.09339092667909982,
    0.10714514340835868,
    0.10714514340835868,
    "inf"
  ],
  "clusters": [
    5,
    5,
    4,
    4,
    3,
    3,
    2,
    2,
    1,
    1
  ]
}
