{
  "info": {
    "datafile": "dataset/opacity/opacity_278.png",
    "histogram resolution": [
      30,
      30
    ],
    "time_load (ms)": 24.944,
    "time histogram (ms)": 3046.001,
    "time MT (ms)": 11.888
  },
  "threshold": [
    0,
    0.00019714408288407093,
    0.00019714408288407093,
    0.00041560103937116066,
    0.00041560103937116066,
    0.0013816976695228966,
    0.0013816976695228966,
    0.0032604063450592524,
    0.0032604063450592524,
    "inf"
  ],
  "clusters": [
    5,
    5,
    4,
    4,
    3,
    3,
    2,
    2,
    1,
    1
  ]
}
