{
  "info": {
    "datafile": "dataset/opacity/opacity_320.png",
    "histogram resolution": [
      30,
      30
    ],
    "time_load (ms)": 23.301,
    "time histogram (ms)": 3071.233,
    "time MT (ms)": 13.442
  },
  "threshold": [
    0,
    2.6641092794599253e-05,
    2.6641092794599253e-05,
    0.0001012361499788117,
    0.0001012361499788117,
    0.0013459542926201884,
    0.0013459542926201884,
    0.001786883532104988,
    0.001786883532104988,
    "inf"
  ],
  "clusters": [
    5,
    5,
    4,
    4,
    3,
    3,
    2,
    2,
    1,
    1
  ]
}
