{
  "info": {
    "datafile": "dataset/opacity/opacity_339.png",
    "histogram resolution": [
      30,
      30
    ],
    "time_load (ms)": 46.222,
    "time histogram (ms)": 4079.185,
    "time MT (ms)": 12.814
  },
  "threshold": [
    0,
    1.0656437117839701e-05,
    1.0656437117839701e-05,
    2.803106219328999e-05,
    2.803106219328999e-05,
    0.0008675729496526174,
    0.0008675729496526174,
    0.001977405975376212,
    0.001977405975376212,
    "inf"
  ],
  "clusters": [
    5,
    5,
    4,
    4,
    3,
    3,
    2,
    2,
    1,
    1
  ]
}
