{
  "info": {
    "datafile": "dataset/opacity/opacity_95.png",
    "histogram resolution": [
      30,
      30
    ],
    "time_load (ms)": 25.182,
    "time histogram (ms)": 2951.404,
    "time MT (ms)": 12.984
  },
  "threshold": [
    0,
    0.00021287775026290756,
    0.00021287775026290756,
    0.038277920826032596,
    0.038277920826032596,
    0.04251918274499278,
    0.04251918274499278,
    0.043233164042644434,
    0.043233164042644434,
    "inf"
  ],
  "clusters": [
    5,
    5,
    4,
    4,
    3,
    3,
    2,
    2,
    1,
    1
  ]
}
