{
  "info": {
    "datafile": "dataset/opacity/opacity_135.png",
    "histogram resolution": [
      30,
      30
    ],
    "time_load (ms)": 23.642,
    "time histogram (ms)": 2947.63,
    "time MT (ms)": 13.322
  },
  "threshold": [
    0,
    0.0003632261216371946,
    0.0003632261216371946,
    0.013549659391055235,
    0.013549659391055235,
    0.016096547781236703,
    0.016096547781236703,
    0.026808351633575367,
    0.026808351633575367,
    "inf"
  ],
  "clusters": [
    5,
    5,
    4,
    4,
    3,
    3,
    2,
    2,
    1,
    1
  ]
}
