{
  "info": {
    "datafile": "dataset/opacity/opacity_250.png",
    "histogram resolution": [
      30,
      30
    ],
    "time_load (ms)": 28.164,
    "time histogram (ms)": 3132.074,
    "time MT (ms)": 14.243
  },
  "threshold": [
    0,
    0.0004582267853117661,
    0.0004582267853117661,
    0.0009644075319596435,
    0.0009644075319596435,
    0.0011400552645133288,
    0.0011400552645133288,
    0.005711155145913027,
    0.005711155145913027,
    "inf"
  ],
  "clusters": [
    5,
    5,
    4,
    4,
    3,
    3,
    2,
    2,
    1,
    1
  ]
}
