{
  "info": {
    "datafile": "dataset/opacity/opacity_183.png",
    "histogram resolution": [
      30,
      30
    ],
    "time_load (ms)": 25.417,
    "time histogram (ms)": 3020.729,
    "time MT (ms)": 14.425
  },
  "threshold": [
    0,
    0.0006662492110542928,
    0.0006662492110542928,
    0.003218243926707831,
    0.003218243926707831,
    0.004912617339236314,
    0.004912617339236314,
    0.01754165305572275,
    0.01754165305572275,
    "inf"
  ],
  "clusters": [
    5,
    5,
    4,
    4,
    3,
    3,
    2,
    2,
    1,
    1
  ]
}
