{
  "info": {
    "datafile": "dataset/opacity/opacity_163.png",
    "histogram resolution": [
      30,
      30
    ],
    "time_load (ms)": 23.537,
    "time histogram (ms)": 2893.625,
    "time MT (ms)": 12.315
  },
  "threshold": [
    0,
    0.0005447233710338395,
    0.0005447233710338395,
    0.005791773413480028,
    0.005791773413480028,
    0.007917732576100678,
    0.007917732576100678,
    0.020770553519183665,
    0.020770553519183665,
    "inf"
  ],
  "clusters": [
    5,
    5,
    4,
    4,
    3,
    3,
    2,
    2,
    1,
    1
  ]
}
