{
  "info": {
    "datafile": "dataset/opacity/opacity_145.png",
    "histogram resolution": [
      30,
      30
    ],
    "time_load (ms)": 24.963,
    "time histogram (ms)": 3019.622,
    "time MT (ms)": 12.156
  },
  "threshold": [
    0,
    0.00043590031143181385,
    0.00043590031143181385,
    0.010160912497034935,
    0.010160912497034935,
    0.012638534039623395,
    0.012638534039623395,
    0.024436599539607418,
    0.024436599539607418,
    "inf"
  ],
  "clusters": [
    5,
    5,
    4,
    4,
    3,
    3,
    2,
    2,
    1,
    1
  ]
}
