{
  "info": {
    "datafile": "dataset/opacity/opacity_358.png",
    "histogram resolution": [
      30,
      30
    ],
    "time_load (ms)": 20.042,
    "time histogram (ms)": 3235.396,
    "time MT (ms)": 11.463
  },
  "threshold": [
    0,
    5.3282185589198505e-06,
    5.3282185589198505e-06,
    1.1119760470801321e-05,
    1.1119760470801321e-05,
    0.0005555246899539013,
    0.0005555246899539013,
    0.0021847238536012448,
    0.0021847238536012448,
    "inf"
  ],
  "clusters": [
    5,
    5,
    4,
    4,
    3,
    3,
    2,
    2,
    1,
    1
  ]
}
