{
  "info": {
    "datafile": "dataset/opacity/opacity_290.png",
    "histogram resolution": [
      30,
      30
    ],
    "time_load (ms)": 24.512,
    "time histogram (ms)": 3153.384,
    "time MT (ms)": 12.616
  },
  "threshold": [
    0,
    0.00011189258910471178,
    0.00011189258910471178,
    0.00028679715008439466,
    0.00028679715008439466,
    0.0014873836345938862,
    0.0014873836345938862,
    0.0025943790466226857,
    0.0025943790466226857,
    "inf"
  ],
  "clusters": [
    5,
    5,
    4,
    4,
    3,
    3,
    2,
    2,
    1,
    1
  ]
}
