{
  "info": {
    "datafile": "dataset/opacity/opacity_340.png",
    "histogram resolution": [
      30,
      30
    ],
    "time_load (ms)": 27.034,
    "time histogram (ms)": 4658.851,
    "time MT (ms)": 17.752
  },
  "threshold": [
    0,
    1.0656437117839701e-05,
    1.0656437117839701e-05,
    2.803106219328999e-05,
    2.803106219328999e-05,
    0.0008446384507787563,
    0.0008446384507787563,
    0.0020003211734864745,
    0.0020003211734864745,
    "inf"
  ],
  "clusters": [
    5,
    5,
    4,
    4,
    3,
    3,
    2,
    2,
    1,
    1
  ]
}
