{
  "info": {
    "datafile": "dataset/opacity/opacity_62.png",
    "histogram resolution": [
      30,
      30
    ],
    "time_load (ms)": 25.453,
    "time histogram (ms)": 3066.623,
    "time MT (ms)": 11.96
  },
  "threshold": [
    0,
    9.426698599201977e-05,
    9.426698599201977e-05,
    0.04117438646025373,
    0.04117438646025373,
    0.09135577894069674,
    0.09135577894069674,
    0.10345268803117191,
    0.10345268803117191,
    "inf"
  ],
  "clusters": [
    5,
    5,
    4,
    4,
    3,
    3,
    2,
    2,
    1,
    1
  ]
}
