{
  "info": {
    "datafile": "dataset/opacity/opacity_243.png",
    "histogram resolution": [
      30,
      30
    ],
    "time_load (ms)": 27.947,
    "time histogram (ms)": 3072.984,
    "time MT (ms)": 14.3
  },
  "threshold": [
    0,
    0.0005541347187397183,
    0.0005541347187397183,
    0.0010884622847746606,
    0.0010884622847746606,
    0.001124254098217703,
    0.001124254098217703,
    0.0064316229131510805,
    0.0064316229131510805,
    "inf"
  ],
  "clusters": [
    5,
    5,
    4,
    4,
    3,
    3,
    2,
    2,
    1,
    1
  ]
}
