{
  "info": {
    "datafile": "dataset/opacity/opacity_399.png",
    "histogram resolution": [
      30,
      30
    ],
    "time_load (ms)": 17.658,
    "time histogram (ms)": 3021.162,
    "time MT (ms)": 12.827
  },
  "threshold": [
    0,
    0.0002802623603500032,
    0.0002802623603500032,
    0.002677284719937778,
    0.002677284719937778,
    "inf"
  ],
  "clusters": [
    3,
    3,
    2,
    2,
    1,
    1
  ]
}
