{
  "info": {
    "datafile": "dataset/opacity/opacity_60.png",
    "histogram resolution": [
      30,
      30
    ],
    "time_load (ms)": 24.284,
    "time histogram (ms)": 3070.85,
    "time MT (ms)": 12.019
  },
  "threshold": [
    0,
    9.07631035513834e-05,
    9.07631035513834e-05,
    0.0401061944040626,
    0.0401061944040626,
    0.09505078261621325,
    0.09505078261621325,
    0.11035273087264102,
    0.11035273087264102,
    "inf"
  ],
  "clusters": [
    5,
    5,
    4,
    4,
    3,
    3,
    2,
    2,
    1,
    1
  ]
}
