{
  "info": {
    "datafile": "dataset/opacity/opacity_26.png",
    "histogram resolution": [
      30,
      30
    ],
    "time_load (ms)": 32.079,
    "time histogram (ms)": 3176.83,
    "time MT (ms)": 11.409
  },
  "threshold": [
    0,
    2.616811376454642e-05,
    2.616811376454642e-05,
    0.018110612843278917,
    0.018110612843278917,
    0.1311369522629633,
    0.1311369522629633,
    0.17579390995366412,
    0.17579390995366412,
    "inf"
  ],
  "clusters": [
    5,
    5,
    4,
    4,
    3,
    3,
    2,
    2,
    1,
    1
  ]
}
