{
  "info": {
    "datafile": "dataset/opacity/opacity_180.png",
    "histogram resolution": [
      30,
      30
    ],
    "time_load (ms)": 25.241,
    "time histogram (ms)": 2864.628,
    "time MT (ms)": 11.755
  },
  "threshold": [
    0,
    0.0006265481959626396,
    0.0006265481959626396,
    0.0034367008800314514,
    0.0034367008800314514,
    0.005200341128764441,
    0.005200341128764441,
    0.017875245878539392,
    0.017875245878539392,
    "inf"
  ],
  "clusters": [
    5,
    5,
    4,
    4,
    3,
    3,
    2,
    2,
    1,
    1
  ]
}
