{
  "info": {
    "datafile": "dataset/opacity/opacity_328.png",
    "histogram resolution": [
      30,
      30
    ],
    "time_load (ms)": 24.358,
    "time histogram (ms)": 4578.473,
    "time MT (ms)": 17.624
  },
  "threshold": [
    0,
    1.598465504409896e-05,
    1.598465504409896e-05,
    6.18536676188497e-05,
    6.18536676188497e-05,
    0.001117767554633886,
    0.001117767554633886,
    0.0018782933577597971,
    0.0018782933577597971,
    "inf"
  ],
  "clusters": [
    5,
    5,
    4,
    4,
    3,
    3,
    2,
    2,
    1,
    1
  ]
}
