{
  "info": {
    "datafile": "dataset/opacity/opacity_105.png",
    "histogram resolution": [
      30,
      30
    ],
    "time_load (ms)": 21.775,
    "time histogram (ms)": 3055.733,
    "time MT (ms)": 12.102
  },
  "threshold": [
    0,
    0.0002354068456249525,
    0.0002354068456249525,
    0.03316283133323811,
    0.03316283133323811,
    0.03478793784123141,
    0.03478793784123141,
    0.03522462012487887,
    0.03522462012487887,
    "inf"
  ],
  "clusters": [
    5,
    5,
    4,
    4,
    3,
    3,
    2,
    2,
    1,
    1
  ]
}
