{
  "info": {
    "datafile": "dataset/opacity/opacity_86.png",
    "histogram resolution": [
      30,
      30
    ],
    "time_load (ms)": 27.356,
    "time histogram (ms)": 3285.038,
    "time MT (ms)": 12.39
  },
  "threshold": [
    0,
    0.00018683511989159296,
    0.00018683511989159296,
    0.04206674728213122,
    0.04206674728213122,
    0.054278560772376194,
    0.054278560772376194,
    0.05500852667825279,
    0.05500852667825279,
    "inf"
  ],
  "clusters": [
    5,
    5,
    4,
    4,
    3,
    3,
    2,
    2,
    1,
    1
  ]
}
