{
  "info": {
    "datafile": "dataset/opacity/opacity_48.png",
    "histogram resolution": [
      30,
      30
    ],
    "time_load (ms)": 25.635,
    "time histogram (ms)": 3326.033,
    "time MT (ms)": 11.949
  },
  "threshold": [
    0,
    6.405444593926557e-05,
    6.405444593926557e-05,
    0.03463619948792385,
    0.03463619948792385,
    0.11369236538880756,
    0.11369236538880756,
    0.14731458198587893,
    0.14731458198587893,
    "inf"
  ],
  "clusters": [
    5,
    5,
    4,
    4,
    3,
    3,
    2,
    2,
    1,
    1
  ]
}
