{
  "info": {
    "datafile": "dataset/opacity/opacity_298.png",
    "histogram resolution": [
      30,
      30
    ],
    "time_load (ms)": 22.554,
    "time histogram (ms)": 3167.686,
    "time MT (ms)": 11.702
  },
  "threshold": [
    0,
    6.393862080900092e-05,
    6.393862080900092e-05,
    0.00021359205712734308,
    0.00021359205712734308,
    0.0015666504124000058,
    0.0015666504124000058,
    0.0021903610864538736,
    0.0021903610864538736,
    "inf"
  ],
  "clusters": [
    5,
    5,
    4,
    4,
    3,
    3,
    2,
    2,
    1,
    1
  ]
}
