{
  "info": {
    "datafile": "dataset/opacity/opacity_55.png",
    "histogram resolution": [
      30,
      30
    ],
    "time_load (ms)": 31.663,
    "time histogram (ms)": 3122.539,
    "time MT (ms)": 14.511
  },
  "threshold": [
    0,
    8.353332958987991e-05,
    8.353332958987991e-05,
    0.03800594990773498,
    0.03800594990773498,
    0.10442589893793519,
    0.10442589893793519,
    0.12658248433866037,
    0.12658248433866037,
    "inf"
  ],
  "clusters": [
    5,
    5,
    4,
    4,
    3,
    3,
    2,
    2,
    1,
    1
  ]
}
