{
  "info": {
    "datafile": "dataset/opacity/opacity_153.png",
    "histogram resolution": [
      30,
      30
    ],
    "time_load (ms)": 28.135,
    "time histogram (ms)": 3127.184,
    "time MT (ms)": 11.986
  },
  "threshold": [
    0,
    0.00047567854707308843,
    0.00047567854707308843,
    0.007784527079860271,
    0.007784527079860271,
    0.01016624077253614,
    0.01016624077253614,
    0.022702611861290578,
    0.022702611861290578,
    "inf"
  ],
  "clusters": [
    5,
    5,
    4,
    4,
    3,
    3,
    2,
    2,
    1,
    1
  ]
}
