{
  "info": {
    "datafile": "dataset/opacity/opacity_240.png",
    "histogram resolution": [
      30,
      30
    ],
    "time_load (ms)": 22.628,
    "time histogram (ms)": 3182.275,
    "time MT (ms)": 13.118
  },
  "threshold": [
    0,
    0.0006393862137844541,
    0.0006393862137844541,
    0.0010520624481807905,
    0.0010520624481807905,
    0.0012468031200114638,
    0.0012468031200114638,
    0.0069521666959815875,
    0.0069521666959815875,
    "inf"
  ],
  "clusters": [
    5,
    5,
    4,
    4,
    3,
    3,
    2,
    2,
    1,
    1
  ]
}
