{
  "info": {
    "datafile": "dataset/opacity/opacity_252.png",
    "histogram resolution": [
      30,
      30
    ],
    "time_load (ms)": 23.879,
    "time histogram (ms)": 3154.465,
    "time MT (ms)": 12.151
  },
  "threshold": [
    0,
    0.0004315856937825435,
    0.0004315856937825435,
    0.0008578431626791727,
    0.0008578431626791727,
    0.0011486653557999382,
    0.0011486653557999382,
    0.005438952689396426,
    0.005438952689396426,
    "inf"
  ],
  "clusters": [
    5,
    5,
    4,
    4,
    3,
    3,
    2,
    2,
    1,
    1
  ]
}
