{
  "info": {
    "datafile": "dataset/opacity/opacity_347.png",
    "histogram resolution": [
      30,
      30
    ],
    "time_load (ms)": 22.208,
    "time histogram (ms)": 3354.146,
    "time MT (ms)": 12.619
  },
  "threshold": [
    0,
    1.0656437117839701e-05,
    1.0656437117839701e-05,
    2.2471181957861575e-05,
    2.2471181957861575e-05,
    0.0007028615056288157,
    0.0007028615056288157,
    0.00207755132720433,
    0.00207755132720433,
    "inf"
  ],
  "clusters": [
    5,
    5,
    4,
    4,
    3,
    3,
    2,
    2,
    1,
    1
  ]
}
