{
  "info": {
    "datafile": "dataset/opacity/opacity_226.png",
    "histogram resolution": [
      30,
      30
    ],
    "time_load (ms)": 25.62,
    "time histogram (ms)": 3312.167,
    "time MT (ms)": 11.767
  },
  "threshold": [
    0,
    0.0009164535725215694,
    0.0009164535725215694,
    0.0009504691625402684,
    0.0009504691625402684,
    0.0017689685153765011,
    0.0017689685153765011,
    0.008760054376196869,
    0.008760054376196869,
    "inf"
  ],
  "clusters": [
    5,
    5,
    4,
    4,
    3,
    3,
    2,
    2,
    1,
    1
  ]
}
