{
  "info": {
    "datafile": "dataset/opacity/opacity_270.png",
    "histogram resolution": [
      30,
      30
    ],
    "time_load (ms)": 22.981,
    "time histogram (ms)": 3022.493,
    "time MT (ms)": 13.069
  },
  "threshold": [
    0,
    0.0002557544857668681,
    0.0002557544857668681,
    0.0005061807491786308,
    0.0005061807491786308,
    0.0013075369841474282,
    0.0013075369841474282,
    0.0038201009229629768,
    0.0038201009229629768,
    "inf"
  ],
  "clusters": [
    5,
    5,
    4,
    4,
    3,
    3,
    2,
    2,
    1,
    1
  ]
}
