{
  "info": {
    "datafile": "dataset/opacity/opacity_327.png",
    "histogram resolution": [
      30,
      30
    ],
    "time_load (ms)": 25.617,
    "time histogram (ms)": 4299.456,
    "time MT (ms)": 12.618
  },
  "threshold": [
    0,
    1.598465504409896e-05,
    1.598465504409896e-05,
    6.74135478542226e-05,
    6.74135478542226e-05,
    0.0011742929986322537,
    0.0011742929986322537,
    0.0018619612115076123,
    0.0018619612115076123,
    "inf"
  ],
  "clusters": [
    5,
    5,
    4,
    4,
    3,
    3,
    2,
    2,
    1,
    1
  ]
}
