{
  "info": {
    "datafile": "dataset/opacity/opacity_75.png",
    "histogram resolution": [
      30,
      30
    ],
    "time_load (ms)": 27.429,
    "time histogram (ms)": 3098.508,
    "time MT (ms)": 12.374
  },
  "threshold": [
    0,
    0.00012709537216437639,
    0.00012709537216437639,
    0.0433485311702389,
    0.0433485311702389,
    0.07033757924128986,
    0.07033757924128986,
    0.07170183485330828,
    0.07170183485330828,
    "inf"
  ],
  "clusters": [
    5,
    5,
    4,
    4,
    3,
    3,
    2,
    2,
    1,
    1
  ]
}
