{
  "info": {
    "datafile": "dataset/opacity/opacity_310.png",
    "histogram resolution": [
      30,
      30
    ],
    "time_load (ms)": 24.185,
    "time histogram (ms)": 3256.032,
    "time MT (ms)": 12.47
  },
  "threshold": [
    0,
    4.7953965764957474e-05,
    4.7953965764957474e-05,
    0.00014617851515991154,
    0.00014617851515991154,
    0.0016737555520684455,
    0.0016737555520684455,
    0.001703079930591378,
    0.001703079930591378,
    "inf"
  ],
  "clusters": [
    5,
    5,
    4,
    4,
    3,
    3,
    2,
    2,
    1,
    1
  ]
}
