{
  "info": {
    "datafile": "dataset/opacity/opacity_219.png",
    "histogram resolution": [
      30,
      30
    ],
    "time_load (ms)": 24.623,
    "time histogram (ms)": 3088.489,
    "time MT (ms)": 12.512
  },
  "threshold": [
    0,
    0.0009028529665427998,
    0.0009028529665427998,
    0.0011828644840178315,
    0.0011828644840178315,
    0.002136615578226919,
    0.002136615578226919,
    0.009901451405793793,
    0.009901451405793793,
    "inf"
  ],
  "clusters": [
    5,
    5,
    4,
    4,
    3,
    3,
    2,
    2,
    1,
    1
  ]
}
