{
  "info": {
    "datafile": "dataset/opacity/opacity_228.png",
    "histogram resolution": [
      30,
      30
    ],
    "time_load (ms)": 25.453,
    "time histogram (ms)": 3072.376,
    "time MT (ms)": 12.19
  },
  "threshold": [
    0,
    0.0008844842592699576,
    0.0008844842592699576,
    0.0009500058392423183,
    0.0009500058392423183,
    0.0017263427688031796,
    0.0017263427688031796,
    0.008444531189673032,
    0.008444531189673032,
    "inf"
  ],
  "clusters": [
    5,
    5,
    4,
    4,
    3,
    3,
    2,
    2,
    1,
    1
  ]
}
