{
  "info": {
    "datafile": "dataset/opacity/opacity_166.png",
    "histogram resolution": [
      30,
      30
    ],
    "time_load (ms)": 25.058,
    "time histogram (ms)": 3050.835,
    "time MT (ms)": 12.312
  },
  "threshold": [
    0,
    0.0005584396711664219,
    0.0005584396711664219,
    0.005333546643352893,
    0.005333546643352893,
    0.007374254258415369,
    0.007374254258415369,
    0.02034058948527756,
    0.02034058948527756,
    "inf"
  ],
  "clusters": [
    5,
    5,
    4,
    4,
    3,
    3,
    2,
    2,
    1,
    1
  ]
}
