{
  "info": {
    "datafile": "dataset/opacity/opacity_42.png",
    "histogram resolution": [
      30,
      30
    ],
    "time_load (ms)": 27.16,
    "time histogram (ms)": 3119.214,
    "time MT (ms)": 12.867
  },
  "threshold": [
    0,
    4.933427866116169e-05,
    4.933427866116169e-05,
    0.03102250921415406,
    0.03102250921415406,
    0.12044599811794737,
    0.12044599811794737,
    0.16348572503699432,
    0.16348572503699432,
    "inf"
  ],
  "clusters": [
    5,
    5,
    4,
    4,
    3,
    3,
    2,
    2,
    1,
    1
  ]
}
