{
  "info": {
    "datafile": "dataset/opacity/opacity_110.png",
    "histogram resolution": [
      30,
      30
    ],
    "time_load (ms)": 24.913,
    "time histogram (ms)": 3190.606,
    "time MT (ms)": 12.315
  },
  "threshold": [
    0,
    0.0002513721942661862,
    0.0002513721942661862,
    0.027823956485878154,
    0.027823956485878154,
    0.0298646639541561,
    0.0298646639541561,
    0.03337619162324945,
    0.03337619162324945,
    "inf"
  ],
  "clusters": [
    5,
    5,
    4,
    4,
    3,
    3,
    2,
    2,
    1,
    1
  ]
}
