{
  "info": {
    "datafile": "dataset/opacity/opacity_282.png",
    "histogram resolution": [
      30,
      30
    ],
    "time_load (ms)": 22.983,
    "time histogram (ms)": 3201.092,
    "time MT (ms)": 12.525
  },
  "threshold": [
    0,
    0.00015984655550232985,
    0.00015984655550232985,
    0.0003676470761369566,
    0.0003676470761369566,
    0.0014281940929842252,
    0.0014281940929842252,
    0.003019246557976807,
    0.003019246557976807,
    "inf"
  ],
  "clusters": [
    5,
    5,
    4,
    4,
    3,
    3,
    2,
    2,
    1,
    1
  ]
}
