{
  "info": {
    "datafile": "dataset/opacity/opacity_322.png",
    "histogram resolution": [
      30,
      30
    ],
    "time_load (ms)": 25.881,
    "time histogram (ms)": 3666.459,
    "time MT (ms)": 12.781
  },
  "threshold": [
    0,
    2.6641092794599253e-05,
    2.6641092794599253e-05,
    9.52129477108099e-05,
    9.52129477108099e-05,
    0.0013163015962433522,
    0.0013163015962433522,
    0.0018072987149202469,
    0.0018072987149202469,
    "inf"
  ],
  "clusters": [
    5,
    5,
    4,
    4,
    3,
    3,
    2,
    2,
    1,
    1
  ]
}
