{
  "info": {
    "datafile": "dataset/opacity/opacity_316.png",
    "histogram resolution": [
      30,
      30
    ],
    "time_load (ms)": 23.473,
    "time histogram (ms)": 3330.373,
    "time MT (ms)": 13.368
  },
  "threshold": [
    0,
    3.729752927977836e-05,
    3.729752927977836e-05,
    0.0001237073338897221,
    0.0001237073338897221,
    0.0014877312372749696,
    0.0014877312372749696,
    0.0017250684821057405,
    0.0017250684821057405,
    "inf"
  ],
  "clusters": [
    5,
    5,
    4,
    4,
    3,
    3,
    2,
    2,
    1,
    1
  ]
}
