{
  "info": {
    "datafile": "dataset/opacity/opacity_169.png",
    "histogram resolution": [
      30,
      30
    ],
    "time_load (ms)": 26.267,
    "time histogram (ms)": 3108.676,
    "time MT (ms)": 12.175
  },
  "threshold": [
    0,
    0.0005681791129917846,
    0.0005681791129917846,
    0.004891304496002558,
    0.004891304496002558,
    0.006873401749939834,
    0.006873401749939834,
    0.019757728612445236,
    0.019757728612445236,
    "inf"
  ],
  "clusters": [
    5,
    5,
    4,
    4,
    3,
    3,
    2,
    2,
    1,
    1
  ]
}
