{
  "info": {
    "datafile": "dataset/opacity/opacity_293.png",
    "histogram resolution": [
      30,
      30
    ],
    "time_load (ms)": 24.922,
    "time histogram (ms)": 3079.771,
    "time MT (ms)": 12.093
  },
  "threshold": [
    0,
    9.057971170556289e-05,
    9.057971170556289e-05,
    0.0002532062076832653,
    0.0002532062076832653,
    0.001530366426033214,
    0.001530366426033214,
    0.0024396290671760967,
    0.0024396290671760967,
    "inf"
  ],
  "clusters": [
    5,
    5,
    4,
    4,
    3,
    3,
    2,
    2,
    1,
    1
  ]
}
