{
  "info": {
    "datafile": "dataset/opacity/opacity_58.png",
    "histogram resolution": [
      30,
      30
    ],
    "time_load (ms)": 25.138,
    "time histogram (ms)": 2974.574,
    "time MT (ms)": 13.191
  },
  "threshold": [
    0,
    8.556036901830044e-05,
    8.556036901830044e-05,
    0.039198080724983764,
    0.039198080724983764,
    0.1002254096253305,
    0.1002254096253305,
    0.11860614141851722,
    0.11860614141851722,
    "inf"
  ],
  "clusters": [
    5,
    5,
    4,
    4,
    3,
    3,
    2,
    2,
    1,
    1
  ]
}
