{
  "info": {
    "datafile": "dataset/opacity/opacity_77.png",
    "histogram resolution": [
      30,
      30
    ],
    "time_load (ms)": 25.155,
    "time histogram (ms)": 3019.722,
    "time MT (ms)": 12.937
  },
  "threshold": [
    0,
    0.0001215258400204533,
    0.0001215258400204533,
    0.04343470936972954,
    0.04343470936972954,
    0.06774690675621065,
    0.06774690675621065,
    0.06838768309123977,
    0.06838768309123977,
    "inf"
  ],
  "clusters": [
    5,
    5,
    4,
    4,
    3,
    3,
    2,
    2,
    1,
    1
  ]
}
