{
  "info": {
    "datafile": "dataset/opacity/opacity_196.png",
    "histogram resolution": [
      30,
      30
    ],
    "time_load (ms)": 28.359,
    "time histogram (ms)": 3166.227,
    "time MT (ms)": 12.428
  },
  "threshold": [
    0,
    0.0007343671555885001,
    0.0007343671555885001,
    0.002211210658930707,
    0.002211210658930707,
    0.0036658142900863333,
    0.0036658142900863333,
    0.014274528745798598,
    0.014274528745798598,
    "inf"
  ],
  "clusters": [
    5,
    5,
    4,
    4,
    3,
    3,
    2,
    2,
    1,
    1
  ]
}
