{
  "info": {
    "datafile": "dataset/opacity/opacity_292.png",
    "histogram resolution": [
      30,
      30
    ],
    "time_load (ms)": 24.585,
    "time histogram (ms)": 3453.682,
    "time MT (ms)": 13.871
  },
  "threshold": [
    0,
    9.057971170556289e-05,
    9.057971170556289e-05,
    0.0002587660872584441,
    0.0002587660872584441,
    0.0015242467944857063,
    0.0015242467944857063,
    0.0024583936551582086,
    0.0024583936551582086,
    "inf"
  ],
  "clusters": [
    5,
    5,
    4,
    4,
    3,
    3,
    2,
    2,
    1,
    1
  ]
}
