{
  "info": {
    "datafile": "dataset/opacity/opacity_44.png",
    "histogram resolution": [
      30,
      30
    ],
    "time_load (ms)": 24.337,
    "time histogram (ms)": 3046.105,
    "time MT (ms)": 12.93
  },
  "threshold": [
    0,
    6.249072980879511e-05,
    6.249072980879511e-05,
    0.03154027303001872,
    0.03154027303001872,
    0.11914243792018203,
    0.11914243792018203,
    0.16116795008344087,
    0.16116795008344087,
    "inf"
  ],
  "clusters": [
    5,
    5,
    4,
    4,
    3,
    3,
    2,
    2,
    1,
    1
  ]
}
