{
  "info": {
    "datafile": "dataset/opacity/opacity_68.png",
    "histogram resolution": [
      30,
      30
    ],
    "time_load (ms)": 24.584,
    "time histogram (ms)": 3042.085,
    "time MT (ms)": 12.132
  },
  "threshold": [
    0,
    9.991373868556419e-05,
    9.991373868556419e-05,
    0.042258563040686814,
    0.042258563040686814,
    0.08419419026949893,
    0.08419419026949893,
    0.09153879155169503,
    0.09153879155169503,
    "inf"
  ],
  "clusters": [
    5,
    5,
    4,
    4,
    3,
    3,
    2,
    2,
    1,
    1
  ]
}
