{
  "info": {
    "datafile": "dataset/opacity/opacity_288.png",
    "histogram resolution": [
      30,
      30
    ],
    "time_load (ms)": 30.159,
    "time histogram (ms)": 3192.636,
    "time MT (ms)": 12.912
  },
  "threshold": [
    0,
    0.00011722080766363163,
    0.00011722080766363163,
    0.00029814857088378277,
    0.00029814857088378277,
    0.0014720746606247115,
    0.0014720746606247115,
    0.0026631825716604274,
    0.0026631825716604274,
    "inf"
  ],
  "clusters": [
    5,
    5,
    4,
    4,
    3,
    3,
    2,
    2,
    1,
    1
  ]
}
