{
  "info": {
    "datafile": "dataset/opacity/opacity_259.png",
    "histogram resolution": [
      30,
      30
    ],
    "time_load (ms)": 22.913,
    "time histogram (ms)": 4449.361,
    "time MT (ms)": 26.998
  },
  "threshold": [
    0,
    0.0003250213238694122,
    0.0003250213238694122,
    0.0007299659210611709,
    0.0007299659210611709,
    0.0012116001037691948,
    0.0012116001037691948,
    0.004738871137446976,
    0.004738871137446976,
    "inf"
  ],
  "clusters": [
    5,
    5,
    4,
    4,
    3,
    3,
    2,
    2,
    1,
    1
  ]
}
