{
  "info": {
    "datafile": "dataset/opacity/opacity_124.png",
    "histogram resolution": [
      30,
      30
    ],
    "time_load (ms)": 27.518,
    "time histogram (ms)": 3357.583,
    "time MT (ms)": 12.37
  },
  "threshold": [
    0,
    0.0003325406445229273,
    0.0003325406445229273,
    0.01912297586196754,
    0.01912297586196754,
    0.021323530041389982,
    0.021323530041389982,
    0.02963694050703536,
    0.02963694050703536,
    "inf"
  ],
  "clusters": [
    5,
    5,
    4,
    4,
    3,
    3,
    2,
    2,
    1,
    1
  ]
}
