{
  "info": {
    "datafile": "dataset/opacity/opacity_129.png",
    "histogram resolution": [
      30,
      30
    ],
    "time_load (ms)": 23.265,
    "time histogram (ms)": 3171.564,
    "time MT (ms)": 12.007
  },
  "threshold": [
    0,
    0.0003485059543590907,
    0.0003485059543590907,
    0.016149829977581742,
    0.016149829977581742,
    0.018547528224703624,
    0.018547528224703624,
    0.02815824409208806,
    0.02815824409208806,
    "inf"
  ],
  "clusters": [
    5,
    5,
    4,
    4,
    3,
    3,
    2,
    2,
    1,
    1
  ]
}
