{
  "info": {
    "datafile": "dataset/opacity/opacity_306.png",
    "histogram resolution": [
      30,
      30
    ],
    "time_load (ms)": 25.511,
    "time histogram (ms)": 3117.856,
    "time MT (ms)": 11.718
  },
  "threshold": [
    0,
    5.8610402882797175e-05,
    5.8610402882797175e-05,
    0.00016332147528536067,
    0.00016332147528536067,
    0.0016411587023362761,
    0.0016411587023362761,
    0.0018892009194426684,
    0.0018892009194426684,
    "inf"
  ],
  "clusters": [
    5,
    5,
    4,
    4,
    3,
    3,
    2,
    2,
    1,
    1
  ]
}
