{
  "info": {
    "datafile": "data/opacity/opacity_22.png",
    "histogram resolution": [
      30,
      30
    ],
    "time_load (ms)": 25.074,
    "time histogram (ms)": 3080.704,
    "time MT (ms)": 12.354
  },
  "threshold": [
    0,
    2.2567705636800106e-05,
    2.2567705636800106e-05,
    0.012227564032976534,
    0.012227564032976534,
    0.13030667896937076,
    0.13030667896937076,
    0.17441390296849213,
    0.17441390296849213,
    "inf"
  ],
  "clusters": [
    5,
    5,
    4,
    4,
    3,
    3,
    2,
    2,
    1,
    1
  ]
}
