{
  "info": {
    "datafile": "dataset/opacity/opacity_233.png",
    "histogram resolution": [
      30,
      30
    ],
    "time_load (ms)": 22.702,
    "time histogram (ms)": 2957.955,
    "time MT (ms)": 11.977
  },
  "threshold": [
    0,
    0.0007566070214480858,
    0.0007566070214480858,
    0.0010169174455187946,
    0.0010169174455187946,
    0.0014546036235633664,
    0.0014546036235633664,
    0.007651784933738359,
    0.007651784933738359,
    "inf"
  ],
  "clusters": [
    5,
    5,
    4,
    4,
    3,
    3,
    2,
    2,
    1,
    1
  ]
}
