{
  "info": {
    "datafile": "dataset/opacity/opacity_118.png",
    "histogram resolution": [
      30,
      30
    ],
    "time_load (ms)": 26.367,
    "time histogram (ms)": 3048.099,
    "time MT (ms)": 12.155
  },
  "threshold": [
    0,
    0.0003156679544231711,
    0.0003156679544231711,
    0.022831415856236825,
    0.022831415856236825,
    0.02499467247158149,
    0.02499467247158149,
    0.03121478808642142,
    0.03121478808642142,
    "inf"
  ],
  "clusters": [
    5,
    5,
    4,
    4,
    3,
    3,
    2,
    2,
    1,
    1
  ]
}
