{
  "info": {
    "datafile": "dataset/opacity/opacity_102.png",
    "histogram resolution": [
      30,
      30
    ],
    "time_load (ms)": 26.018,
    "time histogram (ms)": 3604.73,
    "time MT (ms)": 12.351
  },
  "threshold": [
    0,
    0.00022827359735044794,
    0.00022827359735044794,
    0.03560315529719682,
    0.03560315529719682,
    0.036089181515017554,
    0.036089181515017554,
    0.03700447670669982,
    0.03700447670669982,
    "inf"
  ],
  "clusters": [
    5,
    5,
    4,
    4,
    3,
    3,
    2,
    2,
    1,
    1
  ]
}
