{
  "info": {
    "datafile": "dataset/opacity/opacity_281.png",
    "histogram resolution": [
      30,
      30
    ],
    "time_load (ms)": 23.833,
    "time histogram (ms)": 3172.894,
    "time MT (ms)": 13.669
  },
  "threshold": [
    0,
    0.0001651747734285891,
    0.0001651747734285891,
    0.0003783035119894196,
    0.0003783035119894196,
    0.0014067557378861784,
    0.0014067557378861784,
    0.0030658105541230274,
    0.0030658105541230274,
    "inf"
  ],
  "clusters": [
    5,
    5,
    4,
    4,
    3,
    3,
    2,
    2,
    1,
    1
  ]
}
