{
  "info": {
    "datafile": "dataset/opacity/opacity_23.png",
    "histogram resolution": [
      30,
      30
    ],
    "time_load (ms)": 24.995,
    "time histogram (ms)": 2931.372,
    "time MT (ms)": 11.956
  },
  "threshold": [
    0,
    2.6187418901923998e-05,
    2.6187418901923998e-05,
    0.013845258023121532,
    0.013845258023121532,
    0.13251997396219634,
    0.13251997396219634,
    0.17720056014418928,
    0.17720056014418928,
    "inf"
  ],
  "clusters": [
    5,
    5,
    4,
    4,
    3,
    3,
    2,
    2,
    1,
    1
  ]
}
