{
  "info": {
    "datafile": "dataset/opacity/opacity_13.png",
    "histogram resolution": [
      30,
      30
    ],
    "time_load (ms)": 27.058,
    "time histogram (ms)": 3060.254,
    "time MT (ms)": 12.012
  },
  "threshold": [
    0,
    1.1274200249711264e-05,
    1.1274200249711264e-05,
    0.002936540932054754,
    0.002936540932054754,
    0.1071546381191546,
    0.1071546381191546,
    0.14232203817885847,
    0.14232203817885847,
    "inf"
  ],
  "clusters": [
    5,
    5,
    4,
    4,
    3,
    3,
    2,
    2,
    1,
    1
  ]
}
