{
  "info": {
    "datafile": "dataset/opacity/opacity_149.png",
    "histogram resolution": [
      30,
      30
    ],
    "time_load (ms)": 23.633,
    "time histogram (ms)": 3034.115,
    "time MT (ms)": 13.091
  },
  "threshold": [
    0,
    0.00045471316784162497,
    0.00045471316784162497,
    0.008828857882611452,
    0.008828857882611452,
    0.011290494835323073,
    0.011290494835323073,
    0.023581767931325492,
    0.023581767931325492,
    "inf"
  ],
  "clusters": [
    5,
    5,
    4,
    4,
    3,
    3,
    2,
    2,
    1,
    1
  ]
}
