{
  "info": {
    "datafile": "dataset/opacity/opacity_172.png",
    "histogram resolution": [
      30,
      30
    ],
    "time_load (ms)": 26.503,
    "time histogram (ms)": 3212.759,
    "time MT (ms)": 12.961
  },
  "threshold": [
    0,
    0.0005896078155211981,
    0.0005896078155211981,
    0.004475703459794922,
    0.004475703459794922,
    0.006409846732782665,
    0.006409846732782665,
    0.019202898909858934,
    0.019202898909858934,
    "inf"
  ],
  "clusters": [
    5,
    5,
    4,
    4,
    3,
    3,
    2,
    2,
    1,
    1
  ]
}
