{
  "info": {
    "datafile": "dataset/opacity/opacity_33.png",
    "histogram resolution": [
      30,
      30
    ],
    "time_load (ms)": 24.844,
    "time histogram (ms)": 2929.424,
    "time MT (ms)": 12.026
  },
  "threshold": [
    0,
    3.793459501832963e-05,
    3.793459501832963e-05,
    0.02308786465849777,
    0.02308786465849777,
    0.13089208563636556,
    0.13089208563636556,
    0.1759058011761543,
    0.1759058011761543,
    "inf"
  ],
  "clusters": [
    5,
    5,
    4,
    4,
    3,
    3,
    2,
    2,
    1,
    1
  ]
}
