{
  "info": {
    "datafile": "dataset/opacity/opacity_302.png",
    "histogram resolution": [
      30,
      30
    ],
    "time_load (ms)": 32.256,
    "time histogram (ms)": 3364.561,
    "time MT (ms)": 12.051
  },
  "threshold": [
    0,
    6.393862080900092e-05,
    6.393862080900092e-05,
    0.0001635531356689035,
    0.0001635531356689035,
    0.0016182531567947578,
    0.0016182531567947578,
    0.0019802439505950398,
    0.0019802439505950398,
    "inf"
  ],
  "clusters": [
    5,
    5,
    4,
    4,
    3,
    3,
    2,
    2,
    1,
    1
  ]
}
