{
  "info": {
    "datafile": "dataset/opacity/opacity_194.png",
    "histogram resolution": [
      30,
      30
    ],
    "time_load (ms)": 27.078,
    "time histogram (ms)": 3210.766,
    "time MT (ms)": 14.371
  },
  "threshold": [
    0,
    0.0007297242700404771,
    0.0007297242700404771,
    0.0023071185872970967,
    0.0023071185872970967,
    0.003809676179156174,
    0.003809676179156174,
    0.014696153006473478,
    0.014696153006473478,
    "inf"
  ],
  "clusters": [
    5,
    5,
    4,
    4,
    3,
    3,
    2,
    2,
    1,
    1
  ]
}
