{
  "info": {
    "datafile": "dataset/opacity/opacity_308.png",
    "histogram resolution": [
      30,
      30
    ],
    "time_load (ms)": 24.531,
    "time histogram (ms)": 3154.465,
    "time MT (ms)": 12.364
  },
  "threshold": [
    0,
    5.8610402882797175e-05,
    5.8610402882797175e-05,
    0.00015752993532652804,
    0.00015752993532652804,
    0.001652384639742488,
    0.001652384639742488,
    0.0018268839252799096,
    0.0018268839252799096,
    "inf"
  ],
  "clusters": [
    5,
    5,
    4,
    4,
    3,
    3,
    2,
    2,
    1,
    1
  ]
}
