{
  "info": {
    "datafile": "dataset/opacity/opacity_191.png",
    "histogram resolution": [
      30,
      30
    ],
    "time_load (ms)": 27.118,
    "time histogram (ms)": 3211.189,
    "time MT (ms)": 11.628
  },
  "threshold": [
    0,
    0.0007030831804093474,
    0.0007030831804093474,
    0.0025948423818867306,
    0.0025948423818867306,
    0.004150682147946616,
    0.004150682147946616,
    0.016030755875488467,
    0.016030755875488467,
    "inf"
  ],
  "clusters": [
    5,
    5,
    4,
    4,
    3,
    3,
    2,
    2,
    1,
    1
  ]
}
