{
  "info": {
    "datafile": "dataset/opacity/opacity_393.png",
    "histogram resolution": [
      30,
      30
    ],
    "time_load (ms)": 23.574,
    "time histogram (ms)": 3490.231,
    "time MT (ms)": 14.388
  },
  "threshold": [
    0,
    0.0002978493425685458,
    0.0002978493425685458,
    0.002625682084398173,
    0.002625682084398173,
    "inf"
  ],
  "clusters": [
    3,
    3,
    2,
    2,
    1,
    1
  ]
}
