{
  "info": {
    "datafile": "dataset/opacity/opacity_11.png",
    "histogram resolution": [
      30,
      30
    ],
    "time_load (ms)": 22.126,
    "time histogram (ms)": 2979.666,
    "time MT (ms)": 11.427
  },
  "threshold": [
    0,
    1.0260680535445488e-05,
    1.0260680535445488e-05,
    0.0020608599288899354,
    0.0020608599288899354,
    0.1009322029251486,
    0.1009322029251486,
    0.13446291228351392,
    0.13446291228351392,
    "inf"
  ],
  "clusters": [
    5,
    5,
    4,
    4,
    3,
    3,
    2,
    2,
    1,
    1
  ]
}
