{
  "info": {
    "datafile": "dataset/opacity/opacity_108.png",
    "histogram resolution": [
      30,
      30
    ],
    "time_load (ms)": 27.687,
    "time histogram (ms)": 3200.148,
    "time MT (ms)": 12.233
  },
  "threshold": [
    0,
    0.0002502524962961772,
    0.0002502524962961772,
    0.030200341890398996,
    0.030200341890398996,
    0.03203324894433457,
    0.03203324894433457,
    0.03412005728979273,
    0.03412005728979273,
    "inf"
  ],
  "clusters": [
    5,
    5,
    4,
    4,
    3,
    3,
    2,
    2,
    1,
    1
  ]
}
