{
  "info": {
    "datafile": "dataset/opacity/opacity_309.png",
    "histogram resolution": [
      30,
      30
    ],
    "time_load (ms)": 25.795,
    "time histogram (ms)": 3311.58,
    "time MT (ms)": 13.596
  },
  "threshold": [
    0,
    4.7953965764957474e-05,
    4.7953965764957474e-05,
    0.00015173839473514583,
    0.00015173839473514583,
    0.001679035381942362,
    0.001679035381942362,
    0.001730512663410011,
    0.001730512663410011,
    "inf"
  ],
  "clusters": [
    5,
    5,
    4,
    4,
    3,
    3,
    2,
    2,
    1,
    1
  ]
}
