{
  "info": {
    "datafile": "dataset/opacity/opacity_342.png",
    "histogram resolution": [
      30,
      30
    ],
    "time_load (ms)": 22.611,
    "time histogram (ms)": 3263.528,
    "time MT (ms)": 12.438
  },
  "threshold": [
    0,
    1.0656437117839701e-05,
    1.0656437117839701e-05,
    2.803106219328999e-05,
    2.803106219328999e-05,
    0.0007774565686172186,
    0.0007774565686172186,
    0.0020208425345574765,
    0.0020208425345574765,
    "inf"
  ],
  "clusters": [
    5,
    5,
    4,
    4,
    3,
    3,
    2,
    2,
    1,
    1
  ]
}
