{
  "info": {
    "datafile": "dataset/opacity/opacity_171.png",
    "histogram resolution": [
      30,
      30
    ],
    "time_load (ms)": 25.105,
    "time histogram (ms)": 3139.595,
    "time MT (ms)": 12.138
  },
  "threshold": [
    0,
    0.0005742988415519124,
    0.0005742988415519124,
    0.004742114376985296,
    0.004742114376985296,
    0.006654944790922046,
    0.006654944790922046,
    0.0195615111790729,
    0.0195615111790729,
    "inf"
  ],
  "clusters": [
    5,
    5,
    4,
    4,
    3,
    3,
    2,
    2,
    1,
    1
  ]
}
