{
  "info": {
    "datafile": "dataset/opacity/opacity_284.png",
    "histogram resolution": [
      30,
      30
    ],
    "time_load (ms)": 25.778,
    "time histogram (ms)": 3094.503,
    "time MT (ms)": 13.172
  },
  "threshold": [
    0,
    0.00015451833694341,
    0.00015451833694341,
    0.00034841915597172424,
    0.00034841915597172424,
    0.0014328369688308973,
    0.0014328369688308973,
    0.0028795545799087385,
    0.0028795545799087385,
    "inf"
  ],
  "clusters": [
    5,
    5,
    4,
    4,
    3,
    3,
    2,
    2,
    1,
    1
  ]
}
