{
  "info": {
    "datafile": "dataset/opacity/opacity_193.png",
    "histogram resolution": [
      30,
      30
    ],
    "time_load (ms)": 24.053,
    "time histogram (ms)": 3082.783,
    "time MT (ms)": 11.855
  },
  "threshold": [
    0,
    0.0007236045414802383,
    0.0007236045414802383,
    0.002397698303431506,
    0.002397698303431506,
    0.0038736147873113524,
    0.0038736147873113524,
    0.015106657476830987,
    0.015106657476830987,
    "inf"
  ],
  "clusters": [
    5,
    5,
    4,
    4,
    3,
    3,
    2,
    2,
    1,
    1
  ]
}
