{
  "info": {
    "datafile": "dataset/opacity/opacity_254.png",
    "histogram resolution": [
      30,
      30
    ],
    "time_load (ms)": 24.714,
    "time histogram (ms)": 3109.551,
    "time MT (ms)": 11.403
  },
  "threshold": [
    0,
    0.0004102728214449014,
    0.0004102728214449014,
    0.0008152174154731906,
    0.0008152174154731906,
    0.001163974329769113,
    0.001163974329769113,
    0.005208217663726089,
    0.005208217663726089,
    "inf"
  ],
  "clusters": [
    5,
    5,
    4,
    4,
    3,
    3,
    2,
    2,
    1,
    1
  ]
}
