{
  "info": {
    "datafile": "dataset/opacity/opacity_368.png",
    "histogram resolution": [
      30,
      30
    ],
    "time_load (ms)": 26.766,
    "time histogram (ms)": 2845.882,
    "time MT (ms)": 12.311
  },
  "threshold": [
    0,
    0.00044682709616944427,
    0.00044682709616944427,
    0.002324792265981035,
    0.002324792265981035,
    "inf"
  ],
  "clusters": [
    3,
    3,
    2,
    2,
    1,
    1
  ]
}
