{
  "info": {
    "datafile": "dataset/opacity/opacity_69.png",
    "histogram resolution": [
      30,
      30
    ],
    "time_load (ms)": 23.282,
    "time histogram (ms)": 2994.676,
    "time MT (ms)": 11.953
  },
  "threshold": [
    0,
    0.000111139676091776,
    0.000111139676091776,
    0.042496016211566734,
    0.042496016211566734,
    0.08205108811222994,
    0.08205108811222994,
    0.08813406003173441,
    0.08813406003173441,
    "inf"
  ],
  "clusters": [
    5,
    5,
    4,
    4,
    3,
    3,
    2,
    2,
    1,
    1
  ]
}
