{
  "info": {
    "datafile": "dataset/opacity/opacity_215.png",
    "histogram resolution": [
      30,
      30
    ],
    "time_load (ms)": 25.111,
    "time histogram (ms)": 3044.399,
    "time MT (ms)": 15.582
  },
  "threshold": [
    0,
    0.0008636152747490966,
    0.0008636152747490966,
    0.0013160699397659625,
    0.0013160699397659625,
    0.0022911339177010825,
    0.0022911339177010825,
    0.010572343643779791,
    0.010572343643779791,
    "inf"
  ],
  "clusters": [
    5,
    5,
    4,
    4,
    3,
    3,
    2,
    2,
    1,
    1
  ]
}
