{
  "info": {
    "datafile": "dataset/opacity/opacity_345.png",
    "histogram resolution": [
      30,
      30
    ],
    "time_load (ms)": 23.005,
    "time histogram (ms)": 3144.957,
    "time MT (ms)": 12.707
  },
  "threshold": [
    0,
    1.0656437117839701e-05,
    1.0656437117839701e-05,
    2.2471181957861575e-05,
    2.2471181957861575e-05,
    0.000753827077039082,
    0.000753827077039082,
    0.002053506827061735,
    0.002053506827061735,
    "inf"
  ],
  "clusters": [
    5,
    5,
    4,
    4,
    3,
    3,
    2,
    2,
    1,
    1
  ]
}
