{
  "info": {
    "datafile": "dataset/opacity/opacity_318.png",
    "histogram resolution": [
      30,
      30
    ],
    "time_load (ms)": 20.848,
    "time histogram (ms)": 3144.641,
    "time MT (ms)": 12.86
  },
  "threshold": [
    0,
    3.1969311353574614e-05,
    3.1969311353574614e-05,
    0.0001067960302141846,
    0.0001067960302141846,
    0.0014078079602115046,
    0.0014078079602115046,
    0.0017771344377109921,
    0.0017771344377109921,
    "inf"
  ],
  "clusters": [
    5,
    5,
    4,
    4,
    3,
    3,
    2,
    2,
    1,
    1
  ]
}
