{
  "info": {
    "datafile": "dataset/opacity/opacity_238.png",
    "histogram resolution": [
      30,
      30
    ],
    "time_load (ms)": 23.38,
    "time histogram (ms)": 2955.468,
    "time MT (ms)": 14.141
  },
  "threshold": [
    0,
    0.0006500426528003311,
    0.0006500426528003311,
    0.0010316472653656428,
    0.0010316472653656428,
    0.001300085299906495,
    0.001300085299906495,
    0.007121743039117556,
    0.007121743039117556,
    "inf"
  ],
  "clusters": [
    5,
    5,
    4,
    4,
    3,
    3,
    2,
    2,
    1,
    1
  ]
}
