{
  "info": {
    "datafile": "dataset/opacity/opacity_146.png",
    "histogram resolution": [
      30,
      30
    ],
    "time_load (ms)": 26.612,
    "time histogram (ms)": 3018.169,
    "time MT (ms)": 12.204
  },
  "threshold": [
    0,
    0.0004420200399919416,
    0.0004420200399919416,
    0.009963768416681618,
    0.009963768416681618,
    0.012388107779375102,
    0.012388107779375102,
    0.024257293431587224,
    0.024257293431587224,
    "inf"
  ],
  "clusters": [
    5,
    5,
    4,
    4,
    3,
    3,
    2,
    2,
    1,
    1
  ]
}
