{
  "info": {
    "datafile": "dataset/opacity/opacity_160.png",
    "histogram resolution": [
      30,
      30
    ],
    "time_load (ms)": 30.869,
    "time histogram (ms)": 2972.422,
    "time MT (ms)": 11.934
  },
  "threshold": [
    0,
    0.000523294668504426,
    0.000523294668504426,
    0.006425831403644056,
    0.006425831403644056,
    0.008541134109533277,
    0.008541134109533277,
    0.021417121185383303,
    0.021417121185383303,
    "inf"
  ],
  "clusters": [
    5,
    5,
    4,
    4,
    3,
    3,
    2,
    2,
    1,
    1
  ]
}
