{
  "info": {
    "datafile": "dataset/opacity/opacity_140.png",
    "histogram resolution": [
      30,
      30
    ],
    "time_load (ms)": 26.245,
    "time histogram (ms)": 2976.094,
    "time MT (ms)": 11.752
  },
  "threshold": [
    0,
    0.00038419150086865805,
    0.00038419150086865805,
    0.011887255295574606,
    0.011887255295574606,
    0.014551364436477365,
    0.014551364436477365,
    0.025765179132934635,
    0.025765179132934635,
    "inf"
  ],
  "clusters": [
    5,
    5,
    4,
    4,
    3,
    3,
    2,
    2,
    1,
    1
  ]
}
