{
  "info": {
    "datafile": "dataset/opacity/opacity_386.png",
    "histogram resolution": [
      30,
      30
    ],
    "time_load (ms)": 19.828,
    "time histogram (ms)": 3042.257,
    "time MT (ms)": 12.665
  },
  "threshold": [
    0,
    0.0003343843206752295,
    0.0003343843206752295,
    0.0025357491423143586,
    0.0025357491423143586,
    "inf"
  ],
  "clusters": [
    3,
    3,
    2,
    2,
    1,
    1
  ]
}
