{
  "info": {
    "datafile": "dataset/opacity/opacity_295.png",
    "histogram resolution": [
      30,
      30
    ],
    "time_load (ms)": 25.752,
    "time histogram (ms)": 2996.144,
    "time MT (ms)": 13.147
  },
  "threshold": [
    0,
    7.992327522038378e-05,
    7.992327522038378e-05,
    0.00021984692627086133,
    0.00021984692627086133,
    0.0015493047658361458,
    0.0015493047658361458,
    0.00227700255323543,
    0.00227700255323543,
    "inf"
  ],
  "clusters": [
    5,
    5,
    4,
    4,
    3,
    3,
    2,
    2,
    1,
    1
  ]
}
