{
  "info": {
    "datafile": "dataset/opacity/opacity_150.png",
    "histogram resolution": [
      30,
      30
    ],
    "time_load (ms)": 25.975,
    "time histogram (ms)": 3115.172,
    "time MT (ms)": 14.137
  },
  "threshold": [
    0,
    0.00045572668755589074,
    0.00045572668755589074,
    0.00848252369526209,
    0.00848252369526209,
    0.010858909160521346,
    0.010858909160521346,
    0.0232996039851166,
    0.0232996039851166,
    "inf"
  ],
  "clusters": [
    5,
    5,
    4,
    4,
    3,
    3,
    2,
    2,
    1,
    1
  ]
}
