{
  "info": {
    "datafile": "dataset/opacity/opacity_312.png",
    "histogram resolution": [
      30,
      30
    ],
    "time_load (ms)": 23.083,
    "time histogram (ms)": 3542.762,
    "time MT (ms)": 12.288
  },
  "threshold": [
    0,
    4.7953965764957474e-05,
    4.7953965764957474e-05,
    0.00013482709436052343,
    0.00013482709436052343,
    0.0016056470271622048,
    0.0016056470271622048,
    0.0017091996591515057,
    0.0017091996591515057,
    "inf"
  ],
  "clusters": [
    5,
    5,
    4,
    4,
    3,
    3,
    2,
    2,
    1,
    1
  ]
}
