{
  "info": {
    "datafile": "dataset/opacity/opacity_232.png",
    "histogram resolution": [
      30,
      30
    ],
    "time_load (ms)": 25.632,
    "time histogram (ms)": 3186.018,
    "time MT (ms)": 12.765
  },
  "threshold": [
    0,
    0.0007885763290054748,
    0.0007885763290054748,
    0.0009913960538576738,
    0.0009913960538576738,
    0.001491901161700837,
    0.001491901161700837,
    0.007901516253520813,
    0.007901516253520813,
    "inf"
  ],
  "clusters": [
    5,
    5,
    4,
    4,
    3,
    3,
    2,
    2,
    1,
    1
  ]
}
