{
  "info": {
    "datafile": "dataset/opacity/opacity_201.png",
    "histogram resolution": [
      30,
      30
    ],
    "time_load (ms)": 31.497,
    "time histogram (ms)": 2973.481,
    "time MT (ms)": 12.582
  },
  "threshold": [
    0,
    0.000763392653864936,
    0.000763392653864936,
    0.0018808611120735286,
    0.0018808611120735286,
    0.003170289968535245,
    0.003170289968535245,
    0.013270275405787901,
    0.013270275405787901,
    "inf"
  ],
  "clusters": [
    5,
    5,
    4,
    4,
    3,
    3,
    2,
    2,
    1,
    1
  ]
}
