{
  "info": {
    "datafile": "dataset/opacity/opacity_400.png",
    "histogram resolution": [
      30,
      30
    ],
    "time_load (ms)": 18.242,
    "time histogram (ms)": 3014.683,
    "time MT (ms)": 12.172
  },
  "threshold": [
    0,
    0.0002802623603500032,
    0.0002802623603500032,
    0.002708935495017828,
    0.002708935495017828,
    "inf"
  ],
  "clusters": [
    3,
    3,
    2,
    2,
    1,
    1
  ]
}
