{
  "info": {
    "datafile": "dataset/opacity/opacity_377.png",
    "histogram resolution": [
      30,
      30
    ],
    "time_load (ms)": 19.064,
    "time histogram (ms)": 2992.261,
    "time MT (ms)": 11.958
  },
  "threshold": [
    0,
    0.0004047322438768819,
    0.0004047322438768819,
    0.002412119058841422,
    0.002412119058841422,
    "inf"
  ],
  "clusters": [
    3,
    3,
    2,
    2,
    1,
    1
  ]
}
