{
  "info": {
    "datafile": "dataset/opacity/opacity_155.png",
    "histogram resolution": [
      30,
      30
    ],
    "time_load (ms)": 28.226,
    "time histogram (ms)": 3019.293,
    "time MT (ms)": 11.953
  },
  "threshold": [
    0,
    0.0004766920667873542,
    0.0004766920667873542,
    0.007544757252300915,
    0.007544757252300915,
    0.009851875861742243,
    0.009851875861742243,
    0.02248299660604902,
    0.02248299660604902,
    "inf"
  ],
  "clusters": [
    5,
    5,
    4,
    4,
    3,
    3,
    2,
    2,
    1,
    1
  ]
}
