{
  "info": {
    "datafile": "dataset/opacity/opacity_245.png",
    "histogram resolution": [
      30,
      30
    ],
    "time_load (ms)": 25.032,
    "time histogram (ms)": 2973.207,
    "time MT (ms)": 11.548
  },
  "threshold": [
    0,
    0.0005381500643283355,
    0.0005381500643283355,
    0.001060315467285633,
    0.001060315467285633,
    0.0011088774675899193,
    0.0011088774675899193,
    0.006220810801918164,
    0.006220810801918164,
    "inf"
  ],
  "clusters": [
    5,
    5,
    4,
    4,
    3,
    3,
    2,
    2,
    1,
    1
  ]
}
