{
  "info": {
    "datafile": "dataset/opacity/opacity_257.png",
    "histogram resolution": [
      30,
      30
    ],
    "time_load (ms)": 22.061,
    "time histogram (ms)": 3051.4,
    "time MT (ms)": 12.805
  },
  "threshold": [
    0,
    0.0003783035056624806,
    0.0003783035056624806,
    0.0007672634528717026,
    0.0007672634528717026,
    0.0011900555704152938,
    0.0011900555704152938,
    0.0050231199951983885,
    0.0050231199951983885,
    "inf"
  ],
  "clusters": [
    5,
    5,
    4,
    4,
    3,
    3,
    2,
    2,
    1,
    1
  ]
}
