{
  "info": {
    "datafile": "dataset/opacity/opacity_381.png",
    "histogram resolution": [
      30,
      30
    ],
    "time_load (ms)": 22.081,
    "time histogram (ms)": 3265.28,
    "time MT (ms)": 13.495
  },
  "threshold": [
    0,
    0.0003639984010773145,
    0.0003639984010773145,
    0.0024586154823027506,
    0.0024586154823027506,
    "inf"
  ],
  "clusters": [
    3,
    3,
    2,
    2,
    1,
    1
  ]
}
