{
  "info": {
    "datafile": "dataset/opacity/opacity_395.png",
    "histogram resolution": [
      30,
      30
    ],
    "time_load (ms)": 21.426,
    "time histogram (ms)": 3173.632,
    "time MT (ms)": 12.627
  },
  "threshold": [
    0,
    0.0003025018786507738,
    0.0003025018786507738,
    0.002642014235230472,
    0.002642014235230472,
    "inf"
  ],
  "clusters": [
    3,
    3,
    2,
    2,
    1,
    1
  ]
}
