{
  "info": {
    "datafile": "dataset/opacity/opacity_101.png",
    "histogram resolution": [
      30,
      30
    ],
    "time_load (ms)": 28.693,
    "time histogram (ms)": 2979.707,
    "time MT (ms)": 11.56
  },
  "threshold": [
    0,
    0.00023384312949437103,
    0.00023384312949437103,
    0.03655574804459438,
    0.03655574804459438,
    0.037095056439284235,
    0.037095056439284235,
    0.0383844852679075,
    0.0383844852679075,
    "inf"
  ],
  "clusters": [
    5,
    5,
    4,
    4,
    3,
    3,
    2,
    2,
    1,
    1
  ]
}
