{
  "info": {
    "datafile": "dataset/opacity/opacity_379.png",
    "histogram resolution": [
      30,
      30
    ],
    "time_load (ms)": 19.158,
    "time histogram (ms)": 3185.554,
    "time MT (ms)": 12.496
  },
  "threshold": [
    0,
    0.000370465621666205,
    0.000370465621666205,
    0.002442283336050677,
    0.002442283336050677,
    "inf"
  ],
  "clusters": [
    3,
    3,
    2,
    2,
    1,
    1
  ]
}
