{
  "info": {
    "datafile": "dataset/opacity/opacity_262.png",
    "histogram resolution": [
      30,
      30
    ],
    "time_load (ms)": 28.63,
    "time histogram (ms)": 3065.667,
    "time MT (ms)": 13.659
  },
  "threshold": [
    0,
    0.0003143648867515725,
    0.0003143648867515725,
    0.0006500426458407316,
    0.0006500426458407316,
    0.0012381350151445814,
    0.0012381350151445814,
    0.004489371506876894,
    0.004489371506876894,
    "inf"
  ],
  "clusters": [
    5,
    5,
    4,
    4,
    3,
    3,
    2,
    2,
    1,
    1
  ]
}
