{
  "info": {
    "datafile": "dataset/opacity/opacity_17.png",
    "histogram resolution": [
      30,
      30
    ],
    "time_load (ms)": 23.542,
    "time histogram (ms)": 2959.4,
    "time MT (ms)": 11.579
  },
  "threshold": [
    0,
    1.6920952943255685e-05,
    1.6920952943255685e-05,
    0.007486376532006567,
    0.007486376532006567,
    0.12131519634840005,
    0.12131519634840005,
    0.16196185702700971,
    0.16196185702700971,
    "inf"
  ],
  "clusters": [
    5,
    5,
    4,
    4,
    3,
    3,
    2,
    2,
    1,
    1
  ]
}
