{
  "info": {
    "datafile": "dataset/opacity/opacity_28.png",
    "histogram resolution": [
      30,
      30
    ],
    "time_load (ms)": 22.515,
    "time histogram (ms)": 2952.417,
    "time MT (ms)": 11.664
  },
  "threshold": [
    0,
    4.147708773372116e-05,
    4.147708773372116e-05,
    0.01922629581278429,
    0.01922629581278429,
    0.1315428234332211,
    0.1315428234332211,
    0.17643862350783107,
    0.17643862350783107,
    "inf"
  ],
  "clusters": [
    5,
    5,
    4,
    4,
    3,
    3,
    2,
    2,
    1,
    1
  ]
}
