{
  "info": {
    "datafile": "dataset/opacity/opacity_114.png",
    "histogram resolution": [
      30,
      30
    ],
    "time_load (ms)": 29.561,
    "time histogram (ms)": 3192.264,
    "time MT (ms)": 12.132
  },
  "threshold": [
    0,
    0.00029060988605988936,
    0.00029060988605988936,
    0.024744246261948544,
    0.024744246261948544,
    0.026752984525797774,
    0.026752984525797774,
    0.03210784385223092,
    0.03210784385223092,
    "inf"
  ],
  "clusters": [
    5,
    5,
    4,
    4,
    3,
    3,
    2,
    2,
    1,
    1
  ]
}
