{
  "info": {
    "datafile": "dataset/opacity/opacity_30.png",
    "histogram resolution": [
      30,
      30
    ],
    "time_load (ms)": 30.004,
    "time histogram (ms)": 2892.949,
    "time MT (ms)": 11.663
  },
  "threshold": [
    0,
    3.590755558979808e-05,
    3.590755558979808e-05,
    0.020874336997658005,
    0.020874336997658005,
    0.1311862959943726,
    0.1311862959943726,
    0.17663043895837566,
    0.17663043895837566,
    "inf"
  ],
  "clusters": [
    5,
    5,
    4,
    4,
    3,
    3,
    2,
    2,
    1,
    1
  ]
}
