{
  "info": {
    "datafile": "dataset/opacity/opacity_93.png",
    "histogram resolution": [
      30,
      30
    ],
    "time_load (ms)": 34.677,
    "time histogram (ms)": 3419.346,
    "time MT (ms)": 11.789
  },
  "threshold": [
    0,
    0.0001987077794011194,
    0.0001987077794011194,
    0.03926479946936362,
    0.03926479946936362,
    0.045321825600062204,
    0.045321825600062204,
    0.045742755019328674,
    0.045742755019328674,
    "inf"
  ],
  "clusters": [
    5,
    5,
    4,
    4,
    3,
    3,
    2,
    2,
    1,
    1
  ]
}
