{
  "info": {
    "datafile": "dataset/opacity/opacity_269.png",
    "histogram resolution": [
      30,
      30
    ],
    "time_load (ms)": 24.093,
    "time histogram (ms)": 3210.648,
    "time MT (ms)": 12.527
  },
  "threshold": [
    0,
    0.0002557544857668681,
    0.0002557544857668681,
    0.0005168371850310938,
    0.0005168371850310938,
    0.0012892743241539328,
    0.0012892743241539328,
    0.0039053524151468344,
    0.0039053524151468344,
    "inf"
  ],
  "clusters": [
    5,
    5,
    4,
    4,
    3,
    3,
    2,
    2,
    1,
    1
  ]
}
