{
  "info": {
    "datafile": "dataset/opacity/opacity_348.png",
    "histogram resolution": [
      30,
      30
    ],
    "time_load (ms)": 22.327,
    "time histogram (ms)": 3173.343,
    "time MT (ms)": 12.442
  },
  "threshold": [
    0,
    1.0656437117839701e-05,
    1.0656437117839701e-05,
    1.691130238268279e-05,
    1.691130238268279e-05,
    0.0006748304447559139,
    0.0006748304447559139,
    0.002093883473456515,
    0.002093883473456515,
    "inf"
  ],
  "clusters": [
    5,
    5,
    4,
    4,
    3,
    3,
    2,
    2,
    1,
    1
  ]
}
