{
  "info": {
    "datafile": "dataset/opacity/opacity_185.png",
    "histogram resolution": [
      30,
      30
    ],
    "time_load (ms)": 26.151,
    "time histogram (ms)": 2914.339,
    "time MT (ms)": 12.897
  },
  "threshold": [
    0,
    0.0006708920577971345,
    0.0006708920577971345,
    0.00305306916593312,
    0.00305306916593312,
    0.00472612970169517,
    0.00472612970169517,
    0.017323427775244038,
    0.017323427775244038,
    "inf"
  ],
  "clusters": [
    5,
    5,
    4,
    4,
    3,
    3,
    2,
    2,
    1,
    1
  ]
}
