{
  "info": {
    "datafile": "dataset/opacity/opacity_52.png",
    "histogram resolution": [
      30,
      30
    ],
    "time_load (ms)": 25.31,
    "time histogram (ms)": 3106.444,
    "time MT (ms)": 12.682
  },
  "threshold": [
    0,
    7.379388776462825e-05,
    7.379388776462825e-05,
    0.03652099901016398,
    0.03652099901016398,
    0.10910986615154528,
    0.10910986615154528,
    0.1368925867978048,
    0.1368925867978048,
    "inf"
  ],
  "clusters": [
    5,
    5,
    4,
    4,
    3,
    3,
    2,
    2,
    1,
    1
  ]
}
