{
  "info": {
    "datafile": "dataset/opacity/opacity_331.png",
    "histogram resolution": [
      30,
      30
    ],
    "time_load (ms)": 25.082,
    "time histogram (ms)": 3230.664,
    "time MT (ms)": 11.453
  },
  "threshold": [
    0,
    1.0656437117839701e-05,
    1.0656437117839701e-05,
    3.938248302015612e-05,
    3.938248302015612e-05,
    0.0010044849936547973,
    0.0010044849936547973,
    0.0019135638859485438,
    0.0019135638859485438,
    "inf"
  ],
  "clusters": [
    5,
    5,
    4,
    4,
    3,
    3,
    2,
    2,
    1,
    1
  ]
}
