{
  "info": {
    "datafile": "dataset/opacity/opacity_286.png",
    "histogram resolution": [
      30,
      30
    ],
    "time_load (ms)": 24.439,
    "time histogram (ms)": 3308.716,
    "time MT (ms)": 12.773
  },
  "threshold": [
    0,
    0.0001438619004582864,
    0.0001438619004582864,
    0.0003303495481226104,
    0.0003303495481226104,
    0.001458358360492129,
    0.001458358360492129,
    0.0027945347494013895,
    0.0027945347494013895,
    "inf"
  ],
  "clusters": [
    5,
    5,
    4,
    4,
    3,
    3,
    2,
    2,
    1,
    1
  ]
}
