{
  "info": {
    "datafile": "dataset/opacity/opacity_50.png",
    "histogram resolution": [
      30,
      30
    ],
    "time_load (ms)": 24.195,
    "time histogram (ms)": 3225.52,
    "time MT (ms)": 13.873
  },
  "threshold": [
    0,
    7.278036805036248e-05,
    7.278036805036248e-05,
    0.035830647185879916,
    0.035830647185879916,
    0.11135072935588697,
    0.11135072935588697,
    0.14113384865555895,
    0.14113384865555895,
    "inf"
  ],
  "clusters": [
    5,
    5,
    4,
    4,
    3,
    3,
    2,
    2,
    1,
    1
  ]
}
