{
  "info": {
    "datafile": "dataset/opacity/opacity_162.png",
    "histogram resolution": [
      30,
      30
    ],
    "time_load (ms)": 26.404,
    "time histogram (ms)": 3192.89,
    "time MT (ms)": 11.678
  },
  "threshold": [
    0,
    0.0005386036424737117,
    0.0005386036424737117,
    0.006010230376926773,
    0.006010230376926773,
    0.008146845950092074,
    0.008146845950092074,
    0.020982987246252083,
    0.020982987246252083,
    "inf"
  ],
  "clusters": [
    5,
    5,
    4,
    4,
    3,
    3,
    2,
    2,
    1,
    1
  ]
}
