{
  "info": {
    "datafile": "data/opacity/000_10_70000_0_7_1.png",
    "histogram resolution": [
      30,
      30
    ],
    "time_load (ms)": 20.732,
    "time histogram (ms)": 1796.59,
    "time MT (ms)": 13.478
  },
  "threshold": [
    0,
    6.688834979517999e-05,
    6.688834979517999e-05,
    0.00013313966768757624,
    0.00013313966768757624,
    0.08502209994063281,
    0.08502209994063281,
    0.10610212263656649,
    0.10610212263656649,
    "inf"
  ],
  "clusters": [
    5,
    5,
    4,
    4,
    3,
    3,
    2,
    2,
    1,
    1
  ]
}
