{
  "info": {
    "datafile": "data/opacity/000_10_70000_0_7_50.png",
    "histogram resolution": [
      30,
      30
    ],
    "time_load (ms)": 11.757,
    "time histogram (ms)": 1740.32,
    "time MT (ms)": 12.081
  },
  "threshold": [
    0,
    8.472525169727978e-05,
    8.472525169727978e-05,
    9.937698773124768e-05,
    9.937698773124768e-05,
    0.0026991044251639166,
    0.0026991044251639166,
    0.0037470217491605284,
    0.0037470217491605284,
    0.0038731543269629283,
    0.0038731543269629283,
    0.005035100619734112,
    0.005035100619734112,
    0.006112321685240777,
    0.006112321685240777,
    "inf"
  ],
  "clusters": [
    8,
    8,
    7,
    7,
    6,
    6,
    5,
    5,
    4,
    4,
    3,
    3,
    2,
    2,
    1,
    1
  ]
}
