{
  "info": {
    "datafile": "data/opacity/000_10_70000_0_7_10.png",
    "histogram resolution": [
      30,
      30
    ],
    "time_load (ms)": 16.628,
    "time histogram (ms)": 1725.859,
    "time MT (ms)": 12.989
  },
  "threshold": [
    0,
    0.0005784249677528441,
    0.0005784249677528441,
    0.0011377389784212877,
    0.0011377389784212877,
    0.20484845524458933,
    0.20484845524458933,
    0.24941903392117426,
    0.24941903392117426,
    "inf"
  ],
  "clusters": [
    5,
    5,
    4,
    4,
    3,
    3,
    2,
    2,
    1,
    1
  ]
}
