{
  "info": {
    "datafile": "demo/data/opacity/opacity_331.png",
    "histogram resolution": [
      30,
      30
    ],
    "time_load (ms)": 23.586,
    "time histogram (ms)": 3064.145,
    "time MT (ms)": 12.137
  },
  "threshold": [
    0,
    3.938248302015612e-05,
    3.938248302015612e-05,
    0.0010044849936547973,
    0.0010044849936547973,
    0.0019135638859485438,
    0.0019135638859485438,
    "inf"
  ],
  "clusters": [
    4,
    4,
    3,
    3,
    2,
    2,
    1,
    1
  ]
}
