{
  "info": {
    "datafile": "demo/data/opacity/opacity_248.png",
    "histogram resolution": [
      30,
      30
    ],
    "time_load (ms)": 23.297,
    "time histogram (ms)": 2967.26,
    "time MT (ms)": 13.153
  },
  "threshold": [
    0,
    0.0003996163811635922,
    0.0003996163811635922,
    0.0010123615021533916,
    0.0010123615021533916,
    0.001124746290544043,
    0.001124746290544043,
    0.005924747198639002,
    0.005924747198639002,
    "inf"
  ],
  "clusters": [
    5,
    5,
    4,
    4,
    3,
    3,
    2,
    2,
    1,
    1
  ]
}
