{
  "info": {
    "datafile": "demo/data/opacity/opacity_333.png",
    "histogram resolution": [
      30,
      30
    ],
    "time_load (ms)": 21.633,
    "time histogram (ms)": 2854.588,
    "time MT (ms)": 12.239
  },
  "threshold": [
    0,
    2.8262723209548923e-05,
    2.8262723209548923e-05,
    0.000981318826749955,
    0.000981318826749955,
    0.0019247898233546445,
    0.0019247898233546445,
    "inf"
  ],
  "clusters": [
    4,
    4,
    3,
    3,
    2,
    2,
    1,
    1
  ]
}
