{
  "info": {
    "datafile": "demo/data/opacity/opacity_182.png",
    "histogram resolution": [
      30,
      30
    ],
    "time_load (ms)": 27.791,
    "time histogram (ms)": 3006.72,
    "time MT (ms)": 11.695
  },
  "threshold": [
    0,
    0.0006479865510606864,
    0.0006479865510606864,
    0.00323422858175193,
    0.00323422858175193,
    0.005051151012278043,
    0.005051151012278043,
    0.017724897465059064,
    0.017724897465059064,
    "inf"
  ],
  "clusters": [
    5,
    5,
    4,
    4,
    3,
    3,
    2,
    2,
    1,
    1
  ]
}
