{
  "info": {
    "datafile": "demo/data/opacity/opacity_51.png",
    "histogram resolution": [
      30,
      30
    ],
    "time_load (ms)": 22.715,
    "time histogram (ms)": 2919.188,
    "time MT (ms)": 12.689
  },
  "threshold": [
    0,
    7.379388776462825e-05,
    7.379388776462825e-05,
    0.03653930031751357,
    0.03653930031751357,
    0.10903202772701892,
    0.10903202772701892,
    0.1369458689947825,
    0.1369458689947825,
    "inf"
  ],
  "clusters": [
    5,
    5,
    4,
    4,
    3,
    3,
    2,
    2,
    1,
    1
  ]
}
