{
  "info": {
    "datafile": "demo/data/opacity/opacity_184.png",
    "histogram resolution": [
      30,
      30
    ],
    "time_load (ms)": 30.142,
    "time histogram (ms)": 3004.852,
    "time MT (ms)": 12.681
  },
  "threshold": [
    0,
    0.0006662492110542928,
    0.0006662492110542928,
    0.003111679562488978,
    0.003111679562488978,
    0.004869991592030332,
    0.004869991592030332,
    0.01754165305572275,
    0.01754165305572275,
    "inf"
  ],
  "clusters": [
    5,
    5,
    4,
    4,
    3,
    3,
    2,
    2,
    1,
    1
  ]
}
