{
  "info": {
    "datafile": "demo/data/opacity/opacity_259.png",
    "histogram resolution": [
      30,
      30
    ],
    "time_load (ms)": 24.151,
    "time histogram (ms)": 3119.936,
    "time MT (ms)": 11.5
  },
  "threshold": [
    0,
    0.00025042626847332494,
    0.00025042626847332494,
    0.0007299659210611709,
    0.0007299659210611709,
    0.0012116001037691948,
    0.0012116001037691948,
    0.004738871135548883,
    0.004738871135548883,
    "inf"
  ],
  "clusters": [
    5,
    5,
    4,
    4,
    3,
    3,
    2,
    2,
    1,
    1
  ]
}
