{
  "info": {
    "datafile": "demo/data/opacity/opacity_311.png",
    "histogram resolution": [
      30,
      30
    ],
    "time_load (ms)": 21.775,
    "time histogram (ms)": 2935.579,
    "time MT (ms)": 11.975
  },
  "threshold": [
    0,
    1.598465567675955e-05,
    1.598465567675955e-05,
    0.00014617851515991154,
    0.00014617851515991154,
    0.001673755552701106,
    0.001673755552701106,
    0.001703079930591378,
    0.001703079930591378,
    "inf"
  ],
  "clusters": [
    5,
    5,
    4,
    4,
    3,
    3,
    2,
    2,
    1,
    1
  ]
}
