{
  "info": {
    "datafile": "demo/data/opacity/opacity_146.png",
    "histogram resolution": [
      30,
      30
    ],
    "time_load (ms)": 23.096,
    "time histogram (ms)": 3059.001,
    "time MT (ms)": 12.594
  },
  "threshold": [
    0,
    0.0004420200399919416,
    0.0004420200399919416,
    0.009830562946381571,
    0.009830562946381571,
    0.0123348256032762,
    0.0123348256032762,
    0.024257293431587224,
    0.024257293431587224,
    "inf"
  ],
  "clusters": [
    5,
    5,
    4,
    4,
    3,
    3,
    2,
    2,
    1,
    1
  ]
}
