{
  "info": {
    "datafile": "demo/data/opacity/opacity_80.png",
    "histogram resolution": [
      30,
      30
    ],
    "time_load (ms)": 24.797,
    "time histogram (ms)": 3036.589,
    "time MT (ms)": 11.91
  },
  "threshold": [
    0,
    0.00017143927280405258,
    0.00017143927280405258,
    0.04342150467647976,
    0.04342150467647976,
    0.06427429859531514,
    0.06427429859531514,
    0.06442974330654933,
    0.06442974330654933,
    "inf"
  ],
  "clusters": [
    5,
    5,
    4,
    4,
    3,
    3,
    2,
    2,
    1,
    1
  ]
}
