{
  "info": {
    "datafile": "demo/data/opacity/opacity_20.png",
    "histogram resolution": [
      30,
      30
    ],
    "time_load (ms)": 22.536,
    "time histogram (ms)": 3070.052,
    "time MT (ms)": 13.058
  },
  "threshold": [
    0,
    2.1554185922645352e-05,
    2.1554185922645352e-05,
    0.01075813386656188,
    0.01075813386656188,
    0.12831902307139575,
    0.12831902307139575,
    0.171440757446639,
    0.171440757446639,
    "inf"
  ],
  "clusters": [
    5,
    5,
    4,
    4,
    3,
    3,
    2,
    2,
    1,
    1
  ]
}
