{
  "info": {
    "datafile": "demo/data/opacity/opacity_347.png",
    "histogram resolution": [
      30,
      30
    ],
    "time_load (ms)": 21.452,
    "time histogram (ms)": 3067.633,
    "time MT (ms)": 13.251
  },
  "threshold": [
    0,
    2.2471181957861575e-05,
    2.2471181957861575e-05,
    0.0007028615056288157,
    0.0007028615056288157,
    0.00207755132720433,
    0.00207755132720433,
    "inf"
  ],
  "clusters": [
    4,
    4,
    3,
    3,
    2,
    2,
    1,
    1
  ]
}
