{
  "info": {
    "datafile": "demo/data/opacity/opacity_73.png",
    "histogram resolution": [
      30,
      30
    ],
    "time_load (ms)": 33.918,
    "time histogram (ms)": 3122.949,
    "time MT (ms)": 11.547
  },
  "threshold": [
    0,
    0.00012189263763129343,
    0.00012189263763129343,
    0.04322528726280345,
    0.04322528726280345,
    0.07474447924110422,
    0.07474447924110422,
    0.07754689042896806,
    0.07754689042896806,
    "inf"
  ],
  "clusters": [
    5,
    5,
    4,
    4,
    3,
    3,
    2,
    2,
    1,
    1
  ]
}
