{
  "info": {
    "datafile": "demo/data/opacity/opacity_342.png",
    "histogram resolution": [
      30,
      30
    ],
    "time_load (ms)": 22.364,
    "time histogram (ms)": 3085.933,
    "time MT (ms)": 12.252
  },
  "threshold": [
    0,
    2.803106219328999e-05,
    2.803106219328999e-05,
    0.0007774565686172186,
    0.0007774565686172186,
    0.0020208425345574765,
    0.0020208425345574765,
    "inf"
  ],
  "clusters": [
    4,
    4,
    3,
    3,
    2,
    2,
    1,
    1
  ]
}
