{
  "info": {
    "datafile": "demo/data/opacity/opacity_163.png",
    "histogram resolution": [
      30,
      30
    ],
    "time_load (ms)": 24.274,
    "time histogram (ms)": 3014.14,
    "time MT (ms)": 13.294
  },
  "threshold": [
    0,
    0.0005447233710338395,
    0.0005447233710338395,
    0.0056638961902100715,
    0.0056638961902100715,
    0.007843137520071874,
    0.007843137520071874,
    0.020770553519183665,
    0.020770553519183665,
    "inf"
  ],
  "clusters": [
    5,
    5,
    4,
    4,
    3,
    3,
    2,
    2,
    1,
    1
  ]
}
