{
  "info": {
    "datafile": "demo/data/opacity/opacity_25.png",
    "histogram resolution": [
      30,
      30
    ],
    "time_load (ms)": 21.542,
    "time histogram (ms)": 3099.369,
    "time MT (ms)": 13.112
  },
  "threshold": [
    0,
    2.2200908025959976e-05,
    2.2200908025959976e-05,
    0.017263426266730275,
    0.017263426266730275,
    0.1310104650888937,
    0.1310104650888937,
    0.17570333041088737,
    0.17570333041088737,
    "inf"
  ],
  "clusters": [
    5,
    5,
    4,
    4,
    3,
    3,
    2,
    2,
    1,
    1
  ]
}
