{
  "info": {
    "datafile": "demo/data/opacity/opacity_130.png",
    "histogram resolution": [
      30,
      30
    ],
    "time_load (ms)": 31.615,
    "time histogram (ms)": 3228.422,
    "time MT (ms)": 13.208
  },
  "threshold": [
    0,
    0.0003495194740733565,
    0.0003495194740733565,
    0.015329284322670833,
    0.015329284322670833,
    0.017902813832852582,
    0.017902813832852582,
    0.027848049161231903,
    0.027848049161231903,
    "inf"
  ],
  "clusters": [
    5,
    5,
    4,
    4,
    3,
    3,
    2,
    2,
    1,
    1
  ]
}
