{
  "info": {
    "datafile": "demo/data/opacity/opacity_157.png",
    "histogram resolution": [
      30,
      30
    ],
    "time_load (ms)": 23.75,
    "time histogram (ms)": 2987.873,
    "time MT (ms)": 11.983
  },
  "threshold": [
    0,
    0.000492001040756529,
    0.000492001040756529,
    0.007027920093210238,
    0.007027920093210238,
    0.00928708469449624,
    0.00928708469449624,
    0.02204863099115706,
    0.02204863099115706,
    "inf"
  ],
  "clusters": [
    5,
    5,
    4,
    4,
    3,
    3,
    2,
    2,
    1,
    1
  ]
}
