{
  "info": {
    "datafile": "demo/data/opacity/opacity_349.png",
    "histogram resolution": [
      30,
      30
    ],
    "time_load (ms)": 19.285,
    "time histogram (ms)": 3156.849,
    "time MT (ms)": 12.149
  },
  "threshold": [
    0,
    1.691130238268279e-05,
    1.691130238268279e-05,
    0.0006748304447559139,
    0.0006748304447559139,
    0.002093883473456515,
    0.002093883473456515,
    "inf"
  ],
  "clusters": [
    4,
    4,
    3,
    3,
    2,
    2,
    1,
    1
  ]
}
