{
  "info": {
    "datafile": "demo/data/opacity/opacity_243.png",
    "histogram resolution": [
      30,
      30
    ],
    "time_load (ms)": 24.919,
    "time histogram (ms)": 3149.421,
    "time MT (ms)": 12.86
  },
  "threshold": [
    0,
    0.0004688832198988524,
    0.0004688832198988524,
    0.0010884622847746606,
    0.0010884622847746606,
    0.001124254098217703,
    0.001124254098217703,
    0.006426526359514628,
    0.006426526359514628,
    "inf"
  ],
  "clusters": [
    5,
    5,
    4,
    4,
    3,
    3,
    2,
    2,
    1,
    1
  ]
}
