{
  "info": {
    "datafile": "demo/data/opacity/opacity_100.png",
    "histogram resolution": [
      30,
      30
    ],
    "time_load (ms)": 26.462,
    "time histogram (ms)": 2871.917,
    "time MT (ms)": 11.62
  },
  "threshold": [
    0,
    0.00023384312949437103,
    0.00023384312949437103,
    0.03656640448107956,
    0.03656640448107956,
    0.03687659945812216,
    0.03687659945812216,
    0.03832054663634271,
    0.03832054663634271,
    "inf"
  ],
  "clusters": [
    5,
    5,
    4,
    4,
    3,
    3,
    2,
    2,
    1,
    1
  ]
}
