{
  "info": {
    "datafile": "demo/data/opacity/opacity_315.png",
    "histogram resolution": [
      30,
      30
    ],
    "time_load (ms)": 22.905,
    "time histogram (ms)": 2953.262,
    "time MT (ms)": 13.043
  },
  "threshold": [
    0,
    0.0001237073338897221,
    0.0001237073338897221,
    0.0014930594552011733,
    0.0014930594552011733,
    0.0017250684821057405,
    0.0017250684821057405,
    "inf"
  ],
  "clusters": [
    4,
    4,
    3,
    3,
    2,
    2,
    1,
    1
  ]
}
