{
  "info": {
    "datafile": "demo/data/opacity/opacity_338.png",
    "histogram resolution": [
      30,
      30
    ],
    "time_load (ms)": 22.465,
    "time histogram (ms)": 3103.024,
    "time MT (ms)": 12.514
  },
  "threshold": [
    0,
    3.3590941768468774e-05,
    3.3590941768468774e-05,
    0.0008847159117036374,
    0.0008847159117036374,
    0.001961073829124138,
    0.001961073829124138,
    "inf"
  ],
  "clusters": [
    4,
    4,
    3,
    3,
    2,
    2,
    1,
    1
  ]
}
