{
  "info": {
    "datafile": "demo/data/opacity/opacity_8.png",
    "histogram resolution": [
      30,
      30
    ],
    "time_load (ms)": 22.149,
    "time histogram (ms)": 3135.281,
    "time MT (ms)": 11.558
  },
  "threshold": [
    0,
    1.0279985672934089e-05,
    1.0279985672934089e-05,
    0.00028725996409284527,
    0.00028725996409284527,
    0.07795947309520046,
    0.07795947309520046,
    0.10392156251422735,
    0.10392156251422735,
    "inf"
  ],
  "clusters": [
    5,
    5,
    4,
    4,
    3,
    3,
    2,
    2,
    1,
    1
  ]
}
