{
  "info": {
    "datafile": "demo/data/opacity/opacity_280.png",
    "histogram resolution": [
      30,
      30
    ],
    "time_load (ms)": 25.685,
    "time histogram (ms)": 3250.712,
    "time MT (ms)": 12.865
  },
  "threshold": [
    0,
    0.00010656436864769914,
    0.00010656436864769914,
    0.0003783035119894196,
    0.0003783035119894196,
    0.0014067557378861784,
    0.0014067557378861784,
    0.0030766986522846596,
    0.0030766986522846596,
    "inf"
  ],
  "clusters": [
    5,
    5,
    4,
    4,
    3,
    3,
    2,
    2,
    1,
    1
  ]
}
