{
  "info": {
    "datafile": "demo/data/opacity/opacity_273.png",
    "histogram resolution": [
      30,
      30
    ],
    "time_load (ms)": 26.282,
    "time histogram (ms)": 3112.738,
    "time MT (ms)": 12.266
  },
  "threshold": [
    0,
    0.00018115942783997196,
    0.00018115942783997196,
    0.0004795396551186548,
    0.0004795396551186548,
    0.001328512015947636,
    0.001328512015947636,
    0.003650524586594095,
    0.003650524586594095,
    "inf"
  ],
  "clusters": [
    5,
    5,
    4,
    4,
    3,
    3,
    2,
    2,
    1,
    1
  ]
}
