{
  "info": {
    "datafile": "demo/data/opacity/opacity_360.png",
    "histogram resolution": [
      30,
      30
    ],
    "time_load (ms)": 18.017,
    "time histogram (ms)": 2850.035,
    "time MT (ms)": 11.874
  },
  "threshold": [
    0,
    1.1119760470801321e-05,
    1.1119760470801321e-05,
    0.0005261036539056518,
    0.0005261036539056518,
    0.0022226005332073306,
    0.0022226005332073306,
    "inf"
  ],
  "clusters": [
    4,
    4,
    3,
    3,
    2,
    2,
    1,
    1
  ]
}
