{
  "info": {
    "datafile": "demo/data/opacity/opacity_94.png",
    "histogram resolution": [
      30,
      30
    ],
    "time_load (ms)": 26.416,
    "time histogram (ms)": 2974.972,
    "time MT (ms)": 13.476
  },
  "threshold": [
    0,
    0.00019972129911538516,
    0.00019972129911538516,
    0.038629814845010046,
    0.038629814845010046,
    0.0436114674553012,
    0.0436114674553012,
    0.0443893875534464,
    0.0443893875534464,
    "inf"
  ],
  "clusters": [
    5,
    5,
    4,
    4,
    3,
    3,
    2,
    2,
    1,
    1
  ]
}
