{
  "info": {
    "datafile": "demo/data/opacity/opacity_344.png",
    "histogram resolution": [
      30,
      30
    ],
    "time_load (ms)": 22.696,
    "time histogram (ms)": 3069.663,
    "time MT (ms)": 12.24
  },
  "threshold": [
    0,
    2.2471181957861575e-05,
    2.2471181957861575e-05,
    0.0007436339645671142,
    0.0007436339645671142,
    0.0020473870985016074,
    0.0020473870985016074,
    "inf"
  ],
  "clusters": [
    4,
    4,
    3,
    3,
    2,
    2,
    1,
    1
  ]
}
