{
  "info": {
    "datafile": "demo/data/opacity/opacity_198.png",
    "histogram resolution": [
      30,
      30
    ],
    "time_load (ms)": 24.249,
    "time histogram (ms)": 3007.019,
    "time MT (ms)": 12.241
  },
  "threshold": [
    0,
    0.0007445699207118128,
    0.0007445699207118128,
    0.0020087383593857533,
    0.0020087383593857533,
    0.003479326646850911,
    0.003479326646850911,
    0.013922402992907701,
    0.013922402992907701,
    "inf"
  ],
  "clusters": [
    5,
    5,
    4,
    4,
    3,
    3,
    2,
    2,
    1,
    1
  ]
}
