{
  "info": {
    "datafile": "demo/data/opacity/opacity_322.png",
    "histogram resolution": [
      30,
      30
    ],
    "time_load (ms)": 22.51,
    "time histogram (ms)": 3152.464,
    "time MT (ms)": 12.131
  },
  "threshold": [
    0,
    9.52129477108099e-05,
    9.52129477108099e-05,
    0.001321629814802272,
    0.001321629814802272,
    0.0018072987149202469,
    0.0018072987149202469,
    "inf"
  ],
  "clusters": [
    4,
    4,
    3,
    3,
    2,
    2,
    1,
    1
  ]
}
