{
  "info": {
    "datafile": "demo/data/opacity/opacity_239.png",
    "histogram resolution": [
      30,
      30
    ],
    "time_load (ms)": 23.222,
    "time histogram (ms)": 3060.349,
    "time MT (ms)": 12.789
  },
  "threshold": [
    0,
    0.0005647911583883114,
    0.0005647911583883114,
    0.0010316472653656428,
    0.0010316472653656428,
    0.001300085299906495,
    0.001300085299906495,
    0.00714328757436955,
    0.00714328757436955,
    "inf"
  ],
  "clusters": [
    5,
    5,
    4,
    4,
    3,
    3,
    2,
    2,
    1,
    1
  ]
}
