{
  "info": {
    "datafile": "demo/data/opacity/opacity_152.png",
    "histogram resolution": [
      30,
      30
    ],
    "time_load (ms)": 26.145,
    "time histogram (ms)": 3012.545,
    "time MT (ms)": 13.978
  },
  "threshold": [
    0,
    0.0004761418703710385,
    0.0004761418703710385,
    0.007981671178561633,
    0.007981671178561633,
    0.010427323474331118,
    0.010427323474331118,
    0.022997285510960863,
    0.022997285510960863,
    "inf"
  ],
  "clusters": [
    5,
    5,
    4,
    4,
    3,
    3,
    2,
    2,
    1,
    1
  ]
}
