{
  "info": {
    "datafile": "demo/data/opacity/opacity_18.png",
    "histogram resolution": [
      30,
      30
    ],
    "time_load (ms)": 21.21,
    "time histogram (ms)": 2983.492,
    "time MT (ms)": 12.485
  },
  "threshold": [
    0,
    1.6920952943255685e-05,
    1.6920952943255685e-05,
    0.007440970869055263,
    0.007440970869055263,
    0.12122785982223394,
    0.12122785982223394,
    0.16195652872809896,
    0.16195652872809896,
    "inf"
  ],
  "clusters": [
    5,
    5,
    4,
    4,
    3,
    3,
    2,
    2,
    1,
    1
  ]
}
