{
  "info": {
    "datafile": "demo/data/opacity/opacity_334.png",
    "histogram resolution": [
      30,
      30
    ],
    "time_load (ms)": 23.713,
    "time histogram (ms)": 3008.11,
    "time MT (ms)": 11.894
  },
  "threshold": [
    0,
    3.3590941768468774e-05,
    3.3590941768468774e-05,
    0.000958847644819627,
    0.000958847644819627,
    0.0019309095519148833,
    0.0019309095519148833,
    "inf"
  ],
  "clusters": [
    4,
    4,
    3,
    3,
    2,
    2,
    1,
    1
  ]
}
