{
  "info": {
    "datafile": "demo/data/opacity/opacity_30.png",
    "histogram resolution": [
      30,
      30
    ],
    "time_load (ms)": 21.977,
    "time histogram (ms)": 3054.96,
    "time MT (ms)": 12.767
  },
  "threshold": [
    0,
    3.590755558979808e-05,
    3.590755558979808e-05,
    0.02089727143928699,
    0.02089727143928699,
    0.1312164120307449,
    0.1312164120307449,
    0.17664109541447426,
    0.17664109541447426,
    "inf"
  ],
  "clusters": [
    5,
    5,
    4,
    4,
    3,
    3,
    2,
    2,
    1,
    1
  ]
}
