{
  "info": {
    "datafile": "demo/data/opacity/opacity_317.png",
    "histogram resolution": [
      30,
      30
    ],
    "time_load (ms)": 22.824,
    "time histogram (ms)": 3458.463,
    "time MT (ms)": 20.734
  },
  "threshold": [
    0,
    0.00011791579200537416,
    0.00011791579200537416,
    0.0014471904399856461,
    0.0014471904399856461,
    0.0017659085003047803,
    0.0017659085003047803,
    "inf"
  ],
  "clusters": [
    4,
    4,
    3,
    3,
    2,
    2,
    1,
    1
  ]
}
