{
  "info": {
    "datafile": "demo/data/opacity/opacity_228.png",
    "histogram resolution": [
      30,
      30
    ],
    "time_load (ms)": 25.021,
    "time histogram (ms)": 3088.318,
    "time MT (ms)": 12.09
  },
  "threshold": [
    0,
    0.0007779198963164813,
    0.0007779198963164813,
    0.0009500058392423183,
    0.0009500058392423183,
    0.0017210145502442598,
    0.0017210145502442598,
    0.008465844062010675,
    0.008465844062010675,
    "inf"
  ],
  "clusters": [
    5,
    5,
    4,
    4,
    3,
    3,
    2,
    2,
    1,
    1
  ]
}
