{
  "info": {
    "datafile": "demo/data/opacity/opacity_226.png",
    "histogram resolution": [
      30,
      30
    ],
    "time_load (ms)": 25.356,
    "time histogram (ms)": 3260.34,
    "time MT (ms)": 12.846
  },
  "threshold": [
    0,
    0.0007992327699195001,
    0.0007992327699195001,
    0.0009504691625402684,
    0.0009504691625402684,
    0.0017636402968175813,
    0.0017636402968175813,
    0.008786927128109634,
    0.008786927128109634,
    "inf"
  ],
  "clusters": [
    5,
    5,
    4,
    4,
    3,
    3,
    2,
    2,
    1,
    1
  ]
}
