{
  "info": {
    "datafile": "demo/data/opacity/opacity_190.png",
    "histogram resolution": [
      30,
      30
    ],
    "time_load (ms)": 22.8,
    "time histogram (ms)": 3113.525,
    "time MT (ms)": 11.624
  },
  "threshold": [
    0,
    0.0006918574370285979,
    0.0006918574370285979,
    0.0025895141544701183,
    0.0025895141544701183,
    0.004230605406084387,
    0.004230605406084387,
    0.016464889844466202,
    0.016464889844466202,
    "inf"
  ],
  "clusters": [
    5,
    5,
    4,
    4,
    3,
    3,
    2,
    2,
    1,
    1
  ]
}
