{
  "info": {
    "datafile": "demo/data/opacity/opacity_193.png",
    "histogram resolution": [
      30,
      30
    ],
    "time_load (ms)": 33.236,
    "time histogram (ms)": 3046.287,
    "time MT (ms)": 12.733
  },
  "threshold": [
    0,
    0.0007236045414802383,
    0.0007236045414802383,
    0.0022591646221648554,
    0.0022591646221648554,
    0.0038523019137083336,
    0.0038523019137083336,
    0.015117777238622176,
    0.015117777238622176,
    "inf"
  ],
  "clusters": [
    5,
    5,
    4,
    4,
    3,
    3,
    2,
    2,
    1,
    1
  ]
}
