{
  "info": {
    "datafile": "demo/data/opacity/opacity_180.png",
    "histogram resolution": [
      30,
      30
    ],
    "time_load (ms)": 23.792,
    "time histogram (ms)": 2997.769,
    "time MT (ms)": 11.764
  },
  "threshold": [
    0,
    0.0006265481959626396,
    0.0006265481959626396,
    0.003340792948501592,
    0.003340792948501592,
    0.005157715379660366,
    0.005157715379660366,
    0.017875245878539392,
    0.017875245878539392,
    "inf"
  ],
  "clusters": [
    5,
    5,
    4,
    4,
    3,
    3,
    2,
    2,
    1,
    1
  ]
}
