{
  "info": {
    "datafile": "demo/data/opacity/opacity_293.png",
    "histogram resolution": [
      30,
      30
    ],
    "time_load (ms)": 22.288,
    "time histogram (ms)": 3109.089,
    "time MT (ms)": 12.58
  },
  "threshold": [
    0,
    4.7953967030334166e-05,
    4.7953967030334166e-05,
    0.0002532062076832653,
    0.0002532062076832653,
    0.001530366426033214,
    0.001530366426033214,
    0.0024396290665433806,
    0.0024396290665433806,
    "inf"
  ],
  "clusters": [
    5,
    5,
    4,
    4,
    3,
    3,
    2,
    2,
    1,
    1
  ]
}
