{
  "info": {
    "datafile": "demo/data/opacity/opacity_147.png",
    "histogram resolution": [
      30,
      30
    ],
    "time_load (ms)": 31.699,
    "time histogram (ms)": 3027.98,
    "time MT (ms)": 12.561
  },
  "threshold": [
    0,
    0.0004573290139612274,
    0.0004573290139612274,
    0.009004689101382857,
    0.009004689101382857,
    0.011492967117785358,
    0.011492967117785358,
    0.023787020170135342,
    0.023787020170135342,
    "inf"
  ],
  "clusters": [
    5,
    5,
    4,
    4,
    3,
    3,
    2,
    2,
    1,
    1
  ]
}
