{
  "info": {
    "datafile": "demo/data/opacity/opacity_154.png",
    "histogram resolution": [
      30,
      30
    ],
    "time_load (ms)": 24.171,
    "time histogram (ms)": 3086.267,
    "time MT (ms)": 12.524
  },
  "threshold": [
    0,
    0.00047567854707308843,
    0.00047567854707308843,
    0.007630008759366813,
    0.007630008759366813,
    0.010112958582517984,
    0.010112958582517984,
    0.022702611861290578,
    0.022702611861290578,
    "inf"
  ],
  "clusters": [
    5,
    5,
    4,
    4,
    3,
    3,
    2,
    2,
    1,
    1
  ]
}
