{
  "info": {
    "datafile": "demo/data/opacity/opacity_86.png",
    "histogram resolution": [
      30,
      30
    ],
    "time_load (ms)": 25.104,
    "time histogram (ms)": 3330.573,
    "time MT (ms)": 12.404
  },
  "threshold": [
    0,
    0.00018683511989159296,
    0.00018683511989159296,
    0.042077403720514495,
    0.042077403720514495,
    0.05421995036506455,
    0.05421995036506455,
    0.05477941330362862,
    0.05477941330362862,
    "inf"
  ],
  "clusters": [
    5,
    5,
    4,
    4,
    3,
    3,
    2,
    2,
    1,
    1
  ]
}
