{
  "info": {
    "datafile": "demo/data/opacity/opacity_354.png",
    "histogram resolution": [
      30,
      30
    ],
    "time_load (ms)": 17.923,
    "time histogram (ms)": 3022.936,
    "time MT (ms)": 13.416
  },
  "threshold": [
    0,
    5.3282185589198505e-06,
    5.3282185589198505e-06,
    1.6679640045980104e-05,
    1.6679640045980104e-05,
    0.0006004670538146684,
    0.0006004670538146684,
    0.0021516058903677804,
    0.0021516058903677804,
    "inf"
  ],
  "clusters": [
    5,
    5,
    4,
    4,
    3,
    3,
    2,
    2,
    1,
    1
  ]
}
