{
  "info": {
    "datafile": "demo/data/opacity/opacity_56.png",
    "histogram resolution": [
      30,
      30
    ],
    "time_load (ms)": 25.042,
    "time histogram (ms)": 2985.459,
    "time MT (ms)": 11.879
  },
  "threshold": [
    0,
    8.454684930414569e-05,
    8.454684930414569e-05,
    0.03849174444916231,
    0.03849174444916231,
    0.10207708140635785,
    0.10207708140635785,
    0.12243180235141743,
    0.12243180235141743,
    "inf"
  ],
  "clusters": [
    5,
    5,
    4,
    4,
    3,
    3,
    2,
    2,
    1,
    1
  ]
}
