{
  "info": {
    "datafile": "demo/data/opacity/opacity_336.png",
    "histogram resolution": [
      30,
      30
    ],
    "time_load (ms)": 22.496,
    "time histogram (ms)": 3027.592,
    "time MT (ms)": 12.069
  },
  "threshold": [
    0,
    3.3590941768468774e-05,
    3.3590941768468774e-05,
    0.000924561714803207,
    0.000924561714803207,
    0.0019406586463088793,
    0.0019406586463088793,
    "inf"
  ],
  "clusters": [
    4,
    4,
    3,
    3,
    2,
    2,
    1,
    1
  ]
}
