{
  "info": {
    "datafile": "demo/data/opacity/opacity_55.png",
    "histogram resolution": [
      30,
      30
    ],
    "time_load (ms)": 25.997,
    "time histogram (ms)": 3094.744,
    "time MT (ms)": 12.967
  },
  "threshold": [
    0,
    8.353332958987991e-05,
    8.353332958987991e-05,
    0.03795799597401728,
    0.03795799597401728,
    0.10432118785103567,
    0.10432118785103567,
    0.12659314079222816,
    0.12659314079222816,
    "inf"
  ],
  "clusters": [
    5,
    5,
    4,
    4,
    3,
    3,
    2,
    2,
    1,
    1
  ]
}
