{
  "info": {
    "datafile": "demo/data/opacity/opacity_9.png",
    "histogram resolution": [
      30,
      30
    ],
    "time_load (ms)": 21.393,
    "time histogram (ms)": 2846.265,
    "time MT (ms)": 12.602
  },
  "threshold": [
    0,
    9.247160821290734e-06,
    9.247160821290734e-06,
    0.000897918776776252,
    0.000897918776776252,
    0.09378891407612477,
    0.09378891407612477,
    0.12498400890794792,
    0.12498400890794792,
    "inf"
  ],
  "clusters": [
    5,
    5,
    4,
    4,
    3,
    3,
    2,
    2,
    1,
    1
  ]
}
