{
  "info": {
    "datafile": "demo/data/opacity/opacity_306.png",
    "histogram resolution": [
      30,
      30
    ],
    "time_load (ms)": 20.525,
    "time histogram (ms)": 2968.514,
    "time MT (ms)": 11.571
  },
  "threshold": [
    0,
    2.1312874235679402e-05,
    2.1312874235679402e-05,
    0.00016332147528536067,
    0.00016332147528536067,
    0.0016411587023362761,
    0.0016411587023362761,
    0.0018892009194426684,
    0.0018892009194426684,
    "inf"
  ],
  "clusters": [
    5,
    5,
    4,
    4,
    3,
    3,
    2,
    2,
    1,
    1
  ]
}
