{
  "info": {
    "datafile": "demo/data/opacity/opacity_203.png",
    "histogram resolution": [
      30,
      30
    ],
    "time_load (ms)": 25.96,
    "time histogram (ms)": 3009.592,
    "time MT (ms)": 12.215
  },
  "threshold": [
    0,
    0.0007695123824251748,
    0.0007695123824251748,
    0.0016783888011401293,
    0.0016783888011401293,
    0.0030743820237187913,
    0.0030743820237187913,
    0.013024482391557901,
    0.013024482391557901,
    "inf"
  ],
  "clusters": [
    5,
    5,
    4,
    4,
    3,
    3,
    2,
    2,
    1,
    1
  ]
}
