{
  "info": {
    "datafile": "demo/data/opacity/opacity_102.png",
    "histogram resolution": [
      30,
      30
    ],
    "time_load (ms)": 25.323,
    "time histogram (ms)": 3057.264,
    "time MT (ms)": 11.66
  },
  "threshold": [
    0,
    0.00022827359735044794,
    0.00022827359735044794,
    0.035416667633082544,
    0.035416667633082544,
    0.036094509733576474,
    0.036094509733576474,
    0.03696185096771881,
    0.03696185096771881,
    "inf"
  ],
  "clusters": [
    5,
    5,
    4,
    4,
    3,
    3,
    2,
    2,
    1,
    1
  ]
}
