{
  "info": {
    "datafile": "demo/data/opacity/opacity_59.png",
    "histogram resolution": [
      30,
      30
    ],
    "time_load (ms)": 24.326,
    "time histogram (ms)": 3085.825,
    "time MT (ms)": 11.913
  },
  "threshold": [
    0,
    9.07631035513834e-05,
    9.07631035513834e-05,
    0.04009669627774781,
    0.04009669627774781,
    0.09498916061846835,
    0.09498916061846835,
    0.11042732594258903,
    0.11042732594258903,
    "inf"
  ],
  "clusters": [
    5,
    5,
    4,
    4,
    3,
    3,
    2,
    2,
    1,
    1
  ]
}
