{
  "info": {
    "datafile": "demo/data/opacity/opacity_22.png",
    "histogram resolution": [
      30,
      30
    ],
    "time_load (ms)": 24.333,
    "time histogram (ms)": 3068.754,
    "time MT (ms)": 12.69
  },
  "threshold": [
    0,
    2.2567705636800106e-05,
    2.2567705636800106e-05,
    0.01226555656453343,
    0.01226555656453343,
    0.13030135075144456,
    0.13030135075144456,
    0.1743819336609348,
    0.1743819336609348,
    "inf"
  ],
  "clusters": [
    5,
    5,
    4,
    4,
    3,
    3,
    2,
    2,
    1,
    1
  ]
}
