{
  "info": {
    "datafile": "demo/data/opacity/opacity_204.png",
    "histogram resolution": [
      30,
      30
    ],
    "time_load (ms)": 22.918,
    "time histogram (ms)": 3079.854,
    "time MT (ms)": 12.807
  },
  "threshold": [
    0,
    0.0007950337740862956,
    0.0007950337740862956,
    0.001641091271860351,
    0.001641091271860351,
    0.0029997869702207414,
    0.0029997869702207414,
    0.012674673268415704,
    0.012674673268415704,
    "inf"
  ],
  "clusters": [
    5,
    5,
    4,
    4,
    3,
    3,
    2,
    2,
    1,
    1
  ]
}
