{
  "info": {
    "datafile": "demo/data/opacity/opacity_186.png",
    "histogram resolution": [
      30,
      30
    ],
    "time_load (ms)": 26.002,
    "time histogram (ms)": 3005.034,
    "time MT (ms)": 11.935
  },
  "threshold": [
    0,
    0.0006770117863573732,
    0.0006770117863573732,
    0.0028612533009753083,
    0.0028612533009753083,
    0.004544970283978211,
    0.004544970283978211,
    0.017128831999519922,
    0.017128831999519922,
    "inf"
  ],
  "clusters": [
    5,
    5,
    4,
    4,
    3,
    3,
    2,
    2,
    1,
    1
  ]
}
