{
  "info": {
    "datafile": "demo/data/opacity/opacity_1.png",
    "histogram resolution": [
      30,
      30
    ],
    "time_load (ms)": 21.144,
    "time histogram (ms)": 2943.964,
    "time MT (ms)": 12.364
  },
  "threshold": [
    0,
    1.013519714265776e-06,
    1.013519714265776e-06,
    0.015516233924487643,
    0.015516233924487643,
    0.020492326144291084,
    0.020492326144291084,
    "inf"
  ],
  "clusters": [
    4,
    4,
    3,
    3,
    2,
    2,
    1,
    1
  ]
}
