{
  "info": {
    "datafile": "demo/data/opacity/opacity_14.png",
    "histogram resolution": [
      30,
      30
    ],
    "time_load (ms)": 21.436,
    "time histogram (ms)": 2994.236,
    "time MT (ms)": 11.629
  },
  "threshold": [
    0,
    1.4893913514835155e-05,
    1.4893913514835155e-05,
    0.0050062062843774235,
    0.0050062062843774235,
    0.11289614496051925,
    0.11289614496051925,
    0.15059676458654203,
    0.15059676458654203,
    "inf"
  ],
  "clusters": [
    5,
    5,
    4,
    4,
    3,
    3,
    2,
    2,
    1,
    1
  ]
}
