{
  "info": {
    "datafile": "demo/data/opacity/opacity_191.png",
    "histogram resolution": [
      30,
      30
    ],
    "time_load (ms)": 25.447,
    "time histogram (ms)": 3002.653,
    "time MT (ms)": 12.117
  },
  "threshold": [
    0,
    0.0007030831804093474,
    0.0007030831804093474,
    0.0024616369185463394,
    0.0024616369185463394,
    0.004124041055784677,
    0.004124041055784677,
    0.016041875634638825,
    0.016041875634638825,
    "inf"
  ],
  "clusters": [
    5,
    5,
    4,
    4,
    3,
    3,
    2,
    2,
    1,
    1
  ]
}
