{
  "info": {
    "datafile": "demo/data/opacity/opacity_302.png",
    "histogram resolution": [
      30,
      30
    ],
    "time_load (ms)": 25.761,
    "time histogram (ms)": 2884.7,
    "time MT (ms)": 12.34
  },
  "threshold": [
    0,
    2.1312874235679402e-05,
    2.1312874235679402e-05,
    0.0001635531356689035,
    0.0001635531356689035,
    0.0016182531567947578,
    0.0016182531567947578,
    0.0019855721685212435,
    0.0019855721685212435,
    "inf"
  ],
  "clusters": [
    5,
    5,
    4,
    4,
    3,
    3,
    2,
    2,
    1,
    1
  ]
}
