{
  "info": {
    "datafile": "demo/data/opacity/opacity_98.png",
    "histogram resolution": [
      30,
      30
    ],
    "time_load (ms)": 26.178,
    "time histogram (ms)": 3079.718,
    "time MT (ms)": 12.684
  },
  "threshold": [
    0,
    0.0002175206358109305,
    0.0002175206358109305,
    0.037636913088868185,
    0.037636913088868185,
    0.0404411775165025,
    0.0404411775165025,
    0.04149616487405222,
    0.04149616487405222,
    "inf"
  ],
  "clusters": [
    5,
    5,
    4,
    4,
    3,
    3,
    2,
    2,
    1,
    1
  ]
}
