{
  "info": {
    "datafile": "demo/data/opacity/opacity_285.png",
    "histogram resolution": [
      30,
      30
    ],
    "time_load (ms)": 24.525,
    "time histogram (ms)": 3191.518,
    "time MT (ms)": 12.455
  },
  "threshold": [
    0,
    9.590793216257554e-05,
    9.590793216257554e-05,
    0.0003303495481226104,
    0.0003303495481226104,
    0.001458358360492129,
    0.001458358360492129,
    0.002799862971123779,
    0.002799862971123779,
    "inf"
  ],
  "clusters": [
    5,
    5,
    4,
    4,
    3,
    3,
    2,
    2,
    1,
    1
  ]
}
