{
  "info": {
    "datafile": "demo/data/opacity/opacity_287.png",
    "histogram resolution": [
      30,
      30
    ],
    "time_load (ms)": 24.296,
    "time histogram (ms)": 3141.761,
    "time MT (ms)": 13.513
  },
  "threshold": [
    0,
    7.992327711847658e-05,
    7.992327711847658e-05,
    0.00030926833069438997,
    0.00030926833069438997,
    0.0014623255662307155,
    0.0014623255662307155,
    0.002753298959765449,
    0.002753298959765449,
    "inf"
  ],
  "clusters": [
    5,
    5,
    4,
    4,
    3,
    3,
    2,
    2,
    1,
    1
  ]
}
