{
  "info": {
    "datafile": "demo/data/opacity/opacity_240.png",
    "histogram resolution": [
      30,
      30
    ],
    "time_load (ms)": 23.658,
    "time histogram (ms)": 3066.846,
    "time MT (ms)": 12.078
  },
  "threshold": [
    0,
    0.0005328218464020762,
    0.0005328218464020762,
    0.0010520624481807905,
    0.0010520624481807905,
    0.0012468031200114638,
    0.0012468031200114638,
    0.006973942892882556,
    0.006973942892882556,
    "inf"
  ],
  "clusters": [
    5,
    5,
    4,
    4,
    3,
    3,
    2,
    2,
    1,
    1
  ]
}
