{
  "info": {
    "datafile": "demo/data/opacity/opacity_237.png",
    "histogram resolution": [
      30,
      30
    ],
    "time_load (ms)": 25.718,
    "time histogram (ms)": 3089.248,
    "time MT (ms)": 11.821
  },
  "threshold": [
    0,
    0.0005967604684765093,
    0.0005967604684765093,
    0.001025527536805404,
    0.001025527536805404,
    0.0013640239181847424,
    0.0013640239181847424,
    0.007331165179108701,
    0.007331165179108701,
    "inf"
  ],
  "clusters": [
    5,
    5,
    4,
    4,
    3,
    3,
    2,
    2,
    1,
    1
  ]
}
