{
  "info": {
    "datafile": "demo/data/opacity/opacity_44.png",
    "histogram resolution": [
      30,
      30
    ],
    "time_load (ms)": 22.273,
    "time histogram (ms)": 3135.806,
    "time MT (ms)": 12.948
  },
  "threshold": [
    0,
    6.249072980879511e-05,
    6.249072980879511e-05,
    0.031458033143315134,
    0.031458033143315134,
    0.11916560416210209,
    0.11916560416210209,
    0.1612265604534237,
    0.1612265604534237,
    "inf"
  ],
  "clusters": [
    5,
    5,
    4,
    4,
    3,
    3,
    2,
    2,
    1,
    1
  ]
}
