{
  "info": {
    "datafile": "demo/data/opacity/opacity_265.png",
    "histogram resolution": [
      30,
      30
    ],
    "time_load (ms)": 22.823,
    "time histogram (ms)": 2914.606,
    "time MT (ms)": 13.011
  },
  "threshold": [
    0,
    0.00021845695775246643,
    0.00021845695775246643,
    0.0006020886800758296,
    0.0006020886800758296,
    0.001278511710045671,
    0.001278511710045671,
    0.004250528308720691,
    0.004250528308720691,
    "inf"
  ],
  "clusters": [
    5,
    5,
    4,
    4,
    3,
    3,
    2,
    2,
    1,
    1
  ]
}
