{
  "info": {
    "datafile": "demo/data/opacity/opacity_41.png",
    "histogram resolution": [
      30,
      30
    ],
    "time_load (ms)": 24.732,
    "time histogram (ms)": 3121.874,
    "time MT (ms)": 11.595
  },
  "threshold": [
    0,
    5.332078953712571e-05,
    5.332078953712571e-05,
    0.028827746120692554,
    0.028827746120692554,
    0.12454779962775786,
    0.12454779962775786,
    0.16826513656617503,
    0.16826513656617503,
    "inf"
  ],
  "clusters": [
    5,
    5,
    4,
    4,
    3,
    3,
    2,
    2,
    1,
    1
  ]
}
