{
  "info": {
    "datafile": "demo/data/opacity/opacity_63.png",
    "histogram resolution": [
      30,
      30
    ],
    "time_load (ms)": 27.518,
    "time histogram (ms)": 3063.915,
    "time MT (ms)": 11.893
  },
  "threshold": [
    0,
    9.426698599201977e-05,
    9.426698599201977e-05,
    0.04117508144847415,
    0.04117508144847415,
    0.09131639641437844,
    0.09131639641437844,
    0.10351129845240276,
    0.10351129845240276,
    "inf"
  ],
  "clusters": [
    5,
    5,
    4,
    4,
    3,
    3,
    2,
    2,
    1,
    1
  ]
}
