{
  "info": {
    "datafile": "demo/data/opacity/opacity_164.png",
    "histogram resolution": [
      30,
      30
    ],
    "time_load (ms)": 24.879,
    "time histogram (ms)": 3158.285,
    "time MT (ms)": 12.078
  },
  "threshold": [
    0,
    0.0005544724654278355,
    0.0005544724654278355,
    0.005328218436815135,
    0.005328218436815135,
    0.007411551787695092,
    0.007411551787695092,
    0.02051618901888036,
    0.02051618901888036,
    "inf"
  ],
  "clusters": [
    5,
    5,
    4,
    4,
    3,
    3,
    2,
    2,
    1,
    1
  ]
}
