{
  "info": {
    "datafile": "demo/data/opacity/opacity_249.png",
    "histogram resolution": [
      30,
      30
    ],
    "time_load (ms)": 31.608,
    "time histogram (ms)": 3074.096,
    "time MT (ms)": 13.062
  },
  "threshold": [
    0,
    0.0003676470698100176,
    0.0003676470698100176,
    0.0009644075319596435,
    0.0009644075319596435,
    0.0011400552645133288,
    0.0011400552645133288,
    0.005722043249108633,
    0.005722043249108633,
    "inf"
  ],
  "clusters": [
    5,
    5,
    4,
    4,
    3,
    3,
    2,
    2,
    1,
    1
  ]
}
