{
  "info": {
    "datafile": "demo/data/opacity/opacity_116.png",
    "histogram resolution": [
      30,
      30
    ],
    "time_load (ms)": 28.225,
    "time histogram (ms)": 3007.719,
    "time MT (ms)": 13.787
  },
  "threshold": [
    0,
    0.0003059188600291751,
    0.0003059188600291751,
    0.02363064862109482,
    0.02363064862109482,
    0.025863172052397743,
    0.025863172052397743,
    0.03163270574497801,
    0.03163270574497801,
    "inf"
  ],
  "clusters": [
    5,
    5,
    4,
    4,
    3,
    3,
    2,
    2,
    1,
    1
  ]
}
