{
  "info": {
    "datafile": "demo/data/opacity/opacity_292.png",
    "histogram resolution": [
      30,
      30
    ],
    "time_load (ms)": 24.437,
    "time histogram (ms)": 3148.465,
    "time MT (ms)": 12.855
  },
  "threshold": [
    0,
    4.7953967030334166e-05,
    4.7953967030334166e-05,
    0.0002587660872584441,
    0.0002587660872584441,
    0.0015242467944857063,
    0.0015242467944857063,
    0.0024690500910106716,
    0.0024690500910106716,
    "inf"
  ],
  "clusters": [
    5,
    5,
    4,
    4,
    3,
    3,
    2,
    2,
    1,
    1
  ]
}
