{
  "info": {
    "datafile": "demo/data/opacity/opacity_290.png",
    "histogram resolution": [
      30,
      30
    ],
    "time_load (ms)": 24.169,
    "time histogram (ms)": 3189.547,
    "time MT (ms)": 14.336
  },
  "threshold": [
    0,
    6.926683936792077e-05,
    6.926683936792077e-05,
    0.00028679715008439466,
    0.00028679715008439466,
    0.0014873836345938862,
    0.0014873836345938862,
    0.0026050354824751487,
    0.0026050354824751487,
    "inf"
  ],
  "clusters": [
    5,
    5,
    4,
    4,
    3,
    3,
    2,
    2,
    1,
    1
  ]
}
