{
  "info": {
    "datafile": "demo/data/opacity/opacity_216.png",
    "histogram resolution": [
      30,
      30
    ],
    "time_load (ms)": 23.189,
    "time histogram (ms)": 2921.687,
    "time MT (ms)": 12.085
  },
  "threshold": [
    0,
    0.0008784705779890656,
    0.0008784705779890656,
    0.0011402387387098867,
    0.0011402387387098867,
    0.002200554194607074,
    0.002200554194607074,
    0.010357361615960903,
    0.010357361615960903,
    "inf"
  ],
  "clusters": [
    5,
    5,
    4,
    4,
    3,
    3,
    2,
    2,
    1,
    1
  ]
}
