{
  "info": {
    "datafile": "demo/data/opacity/opacity_345.png",
    "histogram resolution": [
      30,
      30
    ],
    "time_load (ms)": 21.869,
    "time histogram (ms)": 2922.113,
    "time MT (ms)": 12.659
  },
  "threshold": [
    0,
    2.2471181957861575e-05,
    2.2471181957861575e-05,
    0.000753827077039082,
    0.000753827077039082,
    0.002053506827061735,
    0.002053506827061735,
    "inf"
  ],
  "clusters": [
    4,
    4,
    3,
    3,
    2,
    2,
    1,
    1
  ]
}
