{
  "info": {
    "datafile": "demo/data/opacity/opacity_110.png",
    "histogram resolution": [
      30,
      30
    ],
    "time_load (ms)": 24.159,
    "time histogram (ms)": 2961.956,
    "time MT (ms)": 12.186
  },
  "threshold": [
    0,
    0.0002513721942661862,
    0.0002513721942661862,
    0.02768542282991926,
    0.02768542282991926,
    0.029779412469234434,
    0.029779412469234434,
    0.03338151984117571,
    0.03338151984117571,
    "inf"
  ],
  "clusters": [
    5,
    5,
    4,
    4,
    3,
    3,
    2,
    2,
    1,
    1
  ]
}
