{
  "info": {
    "datafile": "demo/data/opacity/opacity_155.png",
    "histogram resolution": [
      30,
      30
    ],
    "time_load (ms)": 26.495,
    "time histogram (ms)": 3122.746,
    "time MT (ms)": 12.865
  },
  "threshold": [
    0,
    0.0004766920667873542,
    0.0004766920667873542,
    0.007363597842808989,
    0.007363597842808989,
    0.009777280800651933,
    0.009777280800651933,
    0.02248299660604902,
    0.02248299660604902,
    "inf"
  ],
  "clusters": [
    5,
    5,
    4,
    4,
    3,
    3,
    2,
    2,
    1,
    1
  ]
}
