{
  "info": {
    "datafile": "demo/data/opacity/opacity_140.png",
    "histogram resolution": [
      30,
      30
    ],
    "time_load (ms)": 23.982,
    "time histogram (ms)": 3121.368,
    "time MT (ms)": 13.162
  },
  "threshold": [
    0,
    0.00038419150086865805,
    0.00038419150086865805,
    0.011780690902251922,
    0.011780690902251922,
    0.014466112943963438,
    0.014466112943963438,
    0.025765179132934635,
    0.025765179132934635,
    "inf"
  ],
  "clusters": [
    5,
    5,
    4,
    4,
    3,
    3,
    2,
    2,
    1,
    1
  ]
}
