{
  "info": {
    "datafile": "demo/data/opacity/opacity_339.png",
    "histogram resolution": [
      30,
      30
    ],
    "time_load (ms)": 23.259,
    "time histogram (ms)": 3098.65,
    "time MT (ms)": 12.626
  },
  "threshold": [
    0,
    2.803106219328999e-05,
    2.803106219328999e-05,
    0.0008675729496526174,
    0.0008675729496526174,
    0.001977405975376212,
    0.001977405975376212,
    "inf"
  ],
  "clusters": [
    4,
    4,
    3,
    3,
    2,
    2,
    1,
    1
  ]
}
