{
  "info": {
    "datafile": "demo/data/opacity/opacity_348.png",
    "histogram resolution": [
      30,
      30
    ],
    "time_load (ms)": 24.931,
    "time histogram (ms)": 3236.164,
    "time MT (ms)": 12.118
  },
  "threshold": [
    0,
    1.691130238268279e-05,
    1.691130238268279e-05,
    0.0006748304447559139,
    0.0006748304447559139,
    0.002093883473456515,
    0.002093883473456515,
    "inf"
  ],
  "clusters": [
    4,
    4,
    3,
    3,
    2,
    2,
    1,
    1
  ]
}
