{
  "info": {
    "datafile": "demo/data/opacity/opacity_131.png",
    "histogram resolution": [
      30,
      30
    ],
    "time_load (ms)": 26.109,
    "time histogram (ms)": 3200.958,
    "time MT (ms)": 11.859
  },
  "threshold": [
    0,
    0.0003626759252208789,
    0.0003626759252208789,
    0.014913683293422686,
    0.014913683293422686,
    0.017508525686697918,
    0.017508525686697918,
    0.027527661052241303,
    0.027527661052241303,
    "inf"
  ],
  "clusters": [
    5,
    5,
    4,
    4,
    3,
    3,
    2,
    2,
    1,
    1
  ]
}
