{
  "info": {
    "datafile": "demo/data/opacity/opacity_320.png",
    "histogram resolution": [
      30,
      30
    ],
    "time_load (ms)": 30.462,
    "time histogram (ms)": 3220.088,
    "time MT (ms)": 12.163
  },
  "threshold": [
    0,
    0.0001012361499788117,
    0.0001012361499788117,
    0.0013512825111791082,
    0.0013512825111791082,
    0.001786883532104988,
    0.001786883532104988,
    "inf"
  ],
  "clusters": [
    4,
    4,
    3,
    3,
    2,
    2,
    1,
    1
  ]
}
