{
  "info": {
    "datafile": "demo/data/opacity/opacity_145.png",
    "histogram resolution": [
      30,
      30
    ],
    "time_load (ms)": 26.467,
    "time histogram (ms)": 2994.344,
    "time MT (ms)": 11.489
  },
  "threshold": [
    0,
    0.00043590031143181385,
    0.00043590031143181385,
    0.010011722369792753,
    0.010011722369792753,
    0.012590580081450753,
    0.012590580081450753,
    0.024436599539607418,
    0.024436599539607418,
    "inf"
  ],
  "clusters": [
    5,
    5,
    4,
    4,
    3,
    3,
    2,
    2,
    1,
    1
  ]
}
