{
  "info": {
    "datafile": "demo/data/opacity/opacity_43.png",
    "histogram resolution": [
      30,
      30
    ],
    "time_load (ms)": 23.981,
    "time histogram (ms)": 3019.291,
    "time MT (ms)": 12.976
  },
  "threshold": [
    0,
    4.933427866116169e-05,
    4.933427866116169e-05,
    0.03090343513252697,
    0.03090343513252697,
    0.1204858440073957,
    0.1204858440073957,
    0.16343777108071977,
    0.16343777108071977,
    "inf"
  ],
  "clusters": [
    5,
    5,
    4,
    4,
    3,
    3,
    2,
    2,
    1,
    1
  ]
}
