{
  "info": {
    "datafile": "demo/data/opacity/opacity_185.png",
    "histogram resolution": [
      30,
      30
    ],
    "time_load (ms)": 25.772,
    "time histogram (ms)": 2979.161,
    "time MT (ms)": 13.009
  },
  "threshold": [
    0,
    0.0006708920577971345,
    0.0006708920577971345,
    0.002946504799183458,
    0.002946504799183458,
    0.00467817573782825,
    0.00467817573782825,
    0.017323427775244038,
    0.017323427775244038,
    "inf"
  ],
  "clusters": [
    5,
    5,
    4,
    4,
    3,
    3,
    2,
    2,
    1,
    1
  ]
}
