{
  "info": {
    "datafile": "demo/data/opacity/opacity_90.png",
    "histogram resolution": [
      30,
      30
    ],
    "time_load (ms)": 24.911,
    "time histogram (ms)": 2983.869,
    "time MT (ms)": 11.863
  },
  "threshold": [
    0,
    0.0001939683681659865,
    0.0001939683681659865,
    0.04087994455921379,
    0.04087994455921379,
    0.05089514209944557,
    0.05089514209944557,
    0.05099104998542159,
    0.05099104998542159,
    "inf"
  ],
  "clusters": [
    5,
    5,
    4,
    4,
    3,
    3,
    2,
    2,
    1,
    1
  ]
}
