{
  "info": {
    "datafile": "demo/data/opacity/opacity_199.png",
    "histogram resolution": [
      30,
      30
    ],
    "time_load (ms)": 24.313,
    "time histogram (ms)": 2979.442,
    "time MT (ms)": 11.737
  },
  "threshold": [
    0,
    0.0007506896492719406,
    0.0007506896492719406,
    0.001955456176327308,
    0.001955456176327308,
    0.0034047315863932615,
    0.0034047315863932615,
    0.01374958340225596,
    0.01374958340225596,
    "inf"
  ],
  "clusters": [
    5,
    5,
    4,
    4,
    3,
    3,
    2,
    2,
    1,
    1
  ]
}
