{
  "info": {
    "datafile": "demo/data/opacity/opacity_111.png",
    "histogram resolution": [
      30,
      30
    ],
    "time_load (ms)": 24.859,
    "time histogram (ms)": 2973.982,
    "time MT (ms)": 11.588
  },
  "threshold": [
    0,
    0.00027178737708144496,
    0.00027178737708144496,
    0.026545184105128572,
    0.026545184105128572,
    0.028596548028239632,
    0.028596548028239632,
    0.03286282938760038,
    0.03286282938760038,
    "inf"
  ],
  "clusters": [
    5,
    5,
    4,
    4,
    3,
    3,
    2,
    2,
    1,
    1
  ]
}
