{
  "info": {
    "datafile": "demo/data/opacity/opacity_391.png",
    "histogram resolution": [
      30,
      30
    ],
    "time_load (ms)": 16.294,
    "time histogram (ms)": 2868.062,
    "time MT (ms)": 11.567
  },
  "threshold": [
    0,
    0.000320996204416113,
    0.000320996204416113,
    0.0025822455288548873,
    0.0025822455288548873,
    "inf"
  ],
  "clusters": [
    3,
    3,
    2,
    2,
    1,
    1
  ]
}
