{
  "info": {
    "datafile": "demo/data/opacity/opacity_318.png",
    "histogram resolution": [
      30,
      30
    ],
    "time_load (ms)": 24.299,
    "time histogram (ms)": 3422.711,
    "time MT (ms)": 12.191
  },
  "threshold": [
    0,
    0.0001067960302141846,
    0.0001067960302141846,
    0.0014184643966966282,
    0.0014184643966966282,
    0.0017771344377109921,
    0.0017771344377109921,
    "inf"
  ],
  "clusters": [
    4,
    4,
    3,
    3,
    2,
    2,
    1,
    1
  ]
}
