{
  "info": {
    "datafile": "demo/data/opacity/opacity_27.png",
    "histogram resolution": [
      30,
      30
    ],
    "time_load (ms)": 20.638,
    "time histogram (ms)": 3080.752,
    "time MT (ms)": 12.673
  },
  "threshold": [
    0,
    2.616811376454642e-05,
    2.616811376454642e-05,
    0.018108991322649814,
    0.018108991322649814,
    0.13109432639455554,
    0.13109432639455554,
    0.1757246430193925,
    0.1757246430193925,
    "inf"
  ],
  "clusters": [
    5,
    5,
    4,
    4,
    3,
    3,
    2,
    2,
    1,
    1
  ]
}
