{
  "info": {
    "datafile": "demo/data/opacity/opacity_205.png",
    "histogram resolution": [
      30,
      30
    ],
    "time_load (ms)": 25.334,
    "time histogram (ms)": 3125.577,
    "time MT (ms)": 12.795
  },
  "threshold": [
    0,
    0.0007996766596343186,
    0.0007996766596343186,
    0.00158248086961027,
    0.00158248086961027,
    0.0029465047871623518,
    0.0029465047871623518,
    0.012360076719850122,
    0.012360076719850122,
    "inf"
  ],
  "clusters": [
    5,
    5,
    4,
    4,
    3,
    3,
    2,
    2,
    1,
    1
  ]
}
