{
  "info": {
    "datafile": "demo/data/opacity/opacity_194.png",
    "histogram resolution": [
      30,
      30
    ],
    "time_load (ms)": 22.863,
    "time histogram (ms)": 2910.084,
    "time MT (ms)": 12.284
  },
  "threshold": [
    0,
    0.0007297242700404771,
    0.0007297242700404771,
    0.0021792413469444716,
    0.0021792413469444716,
    0.003783035086994291,
    0.003783035086994291,
    0.014701712888689489,
    0.014701712888689489,
    "inf"
  ],
  "clusters": [
    5,
    5,
    4,
    4,
    3,
    3,
    2,
    2,
    1,
    1
  ]
}
