{
  "info": {
    "datafile": "demo/data/opacity/opacity_329.png",
    "histogram resolution": [
      30,
      30
    ],
    "time_load (ms)": 22.319,
    "time histogram (ms)": 3079.976,
    "time MT (ms)": 12.966
  },
  "threshold": [
    0,
    5.6062125706968224e-05,
    5.6062125706968224e-05,
    0.001077690087959715,
    0.001077690087959715,
    0.001894625504011871,
    0.001894625504011871,
    "inf"
  ],
  "clusters": [
    4,
    4,
    3,
    3,
    2,
    2,
    1,
    1
  ]
}
