{
  "info": {
    "datafile": "demo/data/opacity/opacity_122.png",
    "histogram resolution": [
      30,
      30
    ],
    "time_load (ms)": 28.762,
    "time histogram (ms)": 3019.743,
    "time MT (ms)": 12.789
  },
  "threshold": [
    0,
    0.0003264209159626885,
    0.0003264209159626885,
    0.01972506453698175,
    0.01972506453698175,
    0.022160060349446953,
    0.022160060349446953,
    0.03007756103271847,
    0.03007756103271847,
    "inf"
  ],
  "clusters": [
    5,
    5,
    4,
    4,
    3,
    3,
    2,
    2,
    1,
    1
  ]
}
