{
  "info": {
    "datafile": "demo/data/opacity/opacity_278.png",
    "histogram resolution": [
      30,
      30
    ],
    "time_load (ms)": 22.452,
    "time histogram (ms)": 2997.605,
    "time MT (ms)": 11.704
  },
  "threshold": [
    0,
    0.0001332054627077306,
    0.0001332054627077306,
    0.00041560103937116066,
    0.00041560103937116066,
    0.0013816976695228966,
    0.0013816976695228966,
    0.003265966225294681,
    0.003265966225294681,
    "inf"
  ],
  "clusters": [
    5,
    5,
    4,
    4,
    3,
    3,
    2,
    2,
    1,
    1
  ]
}
