{
  "info": {
    "datafile": "demo/data/opacity/opacity_79.png",
    "histogram resolution": [
      30,
      30
    ],
    "time_load (ms)": 25.401,
    "time histogram (ms)": 2999.06,
    "time MT (ms)": 12.109
  },
  "threshold": [
    0,
    0.00013570546345087475,
    0.00013570546345087475,
    0.04348428492354661,
    0.04348428492354661,
    0.06649292213547936,
    0.06649292213547936,
    0.06681585874669155,
    0.06681585874669155,
    "inf"
  ],
  "clusters": [
    5,
    5,
    4,
    4,
    3,
    3,
    2,
    2,
    1,
    1
  ]
}
