{
  "info": {
    "datafile": "demo/data/opacity/opacity_221.png",
    "histogram resolution": [
      30,
      30
    ],
    "time_load (ms)": 24.982,
    "time histogram (ms)": 2944.836,
    "time MT (ms)": 11.758
  },
  "threshold": [
    0,
    0.0009126021355029268,
    0.0009126021355029268,
    0.0009324382225041616,
    0.0009324382225041616,
    0.0019714408073290834,
    0.0019714408073290834,
    0.00951411310025041,
    0.00951411310025041,
    "inf"
  ],
  "clusters": [
    5,
    5,
    4,
    4,
    3,
    3,
    2,
    2,
    1,
    1
  ]
}
