{
  "info": {
    "datafile": "demo/data/opacity/opacity_382.png",
    "histogram resolution": [
      30,
      30
    ],
    "time_load (ms)": 16.094,
    "time histogram (ms)": 2894.711,
    "time MT (ms)": 11.615
  },
  "threshold": [
    0,
    0.00035197130283987077,
    0.00035197130283987077,
    0.0025030848275305884,
    0.0025030848275305884,
    "inf"
  ],
  "clusters": [
    3,
    3,
    2,
    2,
    1,
    1
  ]
}
