{
  "info": {
    "datafile": "demo/data/opacity/opacity_214.png",
    "histogram resolution": [
      30,
      30
    ],
    "time_load (ms)": 24.442,
    "time histogram (ms)": 3008.621,
    "time MT (ms)": 12.77
  },
  "threshold": [
    0,
    0.0008523893373428848,
    0.0008523893373428848,
    0.0012574595394139187,
    0.0012574595394139187,
    0.0024083547253647697,
    0.0024083547253647697,
    0.01083388965627391,
    0.01083388965627391,
    "inf"
  ],
  "clusters": [
    5,
    5,
    4,
    4,
    3,
    3,
    2,
    2,
    1,
    1
  ]
}
