{
  "info": {
    "datafile": "demo/data/opacity/opacity_53.png",
    "histogram resolution": [
      30,
      30
    ],
    "time_load (ms)": 26.497,
    "time histogram (ms)": 2920.957,
    "time MT (ms)": 12.201
  },
  "threshold": [
    0,
    7.4807407478783e-05,
    7.4807407478783e-05,
    0.037118685978781873,
    0.037118685978781873,
    0.10722159185693936,
    0.10722159185693936,
    0.13267796609421645,
    0.13267796609421645,
    "inf"
  ],
  "clusters": [
    5,
    5,
    4,
    4,
    3,
    3,
    2,
    2,
    1,
    1
  ]
}
