{
  "info": {
    "datafile": "demo/data/opacity/opacity_175.png",
    "histogram resolution": [
      30,
      30
    ],
    "time_load (ms)": 23.091,
    "time histogram (ms)": 3075.297,
    "time MT (ms)": 11.888
  },
  "threshold": [
    0,
    0.0006004766078852031,
    0.0006004766078852031,
    0.003916240528190451,
    0.003916240528190451,
    0.0058343991107034365,
    0.0058343991107034365,
    0.01864691085135589,
    0.01864691085135589,
    "inf"
  ],
  "clusters": [
    5,
    5,
    4,
    4,
    3,
    3,
    2,
    2,
    1,
    1
  ]
}
