{
  "info": {
    "datafile": "demo/data/opacity/opacity_241.png",
    "histogram resolution": [
      30,
      30
    ],
    "time_load (ms)": 25.995,
    "time histogram (ms)": 3093.638,
    "time MT (ms)": 11.496
  },
  "threshold": [
    0,
    0.0005061807542401375,
    0.0005061807542401375,
    0.0010515991248828405,
    0.0010515991248828405,
    0.0011722080633499443,
    0.0011722080633499443,
    0.006710311904641331,
    0.006710311904641331,
    "inf"
  ],
  "clusters": [
    5,
    5,
    4,
    4,
    3,
    3,
    2,
    2,
    1,
    1
  ]
}
