{
  "info": {
    "datafile": "demo/data/opacity/opacity_210.png",
    "histogram resolution": [
      30,
      30
    ],
    "time_load (ms)": 26.26,
    "time histogram (ms)": 3196.88,
    "time MT (ms)": 13.362
  },
  "threshold": [
    0,
    0.0008375436866716601,
    0.0008375436866716601,
    0.0013640239080616734,
    0.0013640239080616734,
    0.0026001705865264513,
    0.0026001705865264513,
    0.01141281221444862,
    0.01141281221444862,
    "inf"
  ],
  "clusters": [
    5,
    5,
    4,
    4,
    3,
    3,
    2,
    2,
    1,
    1
  ]
}
