{
  "info": {
    "datafile": "demo/data/opacity/opacity_83.png",
    "histogram resolution": [
      30,
      30
    ],
    "time_load (ms)": 30.15,
    "time histogram (ms)": 3373.836,
    "time MT (ms)": 11.86
  },
  "threshold": [
    0,
    0.00018220188691231431,
    0.00018220188691231431,
    0.04362930523125225,
    0.04362930523125225,
    0.058109549993431486,
    0.058109549993431486,
    0.05968670244961366,
    0.05968670244961366,
    "inf"
  ],
  "clusters": [
    5,
    5,
    4,
    4,
    3,
    3,
    2,
    2,
    1,
    1
  ]
}
