{
  "info": {
    "datafile": "demo/data/opacity/opacity_174.png",
    "histogram resolution": [
      30,
      30
    ],
    "time_load (ms)": 33.432,
    "time histogram (ms)": 2997.397,
    "time MT (ms)": 13.455
  },
  "threshold": [
    0,
    0.0005942507010692211,
    0.0005942507010692211,
    0.0041826514422174665,
    0.0041826514422174665,
    0.006143435795346042,
    0.006143435795346042,
    0.018957337496154303,
    0.018957337496154303,
    "inf"
  ],
  "clusters": [
    5,
    5,
    4,
    4,
    3,
    3,
    2,
    2,
    1,
    1
  ]
}
