{
  "info": {
    "datafile": "demo/data/opacity/opacity_47.png",
    "histogram resolution": [
      30,
      30
    ],
    "time_load (ms)": 21.489,
    "time histogram (ms)": 3006.413,
    "time MT (ms)": 12.183
  },
  "threshold": [
    0,
    5.793471737902678e-05,
    5.793471737902678e-05,
    0.033634726159112394,
    0.033634726159112394,
    0.11542565830235435,
    0.11542565830235435,
    0.15170503383041767,
    0.15170503383041767,
    "inf"
  ],
  "clusters": [
    5,
    5,
    4,
    4,
    3,
    3,
    2,
    2,
    1,
    1
  ]
}
