{
  "info": {
    "datafile": "demo/data/opacity/opacity_76.png",
    "histogram resolution": [
      30,
      30
    ],
    "time_load (ms)": 26.422,
    "time histogram (ms)": 3097.506,
    "time MT (ms)": 12.009
  },
  "threshold": [
    0,
    0.00012709537216437639,
    0.00012709537216437639,
    0.043337874745774885,
    0.043337874745774885,
    0.07029217353696599,
    0.07029217353696599,
    0.07168052197654184,
    0.07168052197654184,
    "inf"
  ],
  "clusters": [
    5,
    5,
    4,
    4,
    3,
    3,
    2,
    2,
    1,
    1
  ]
}
