{
  "info": {
    "datafile": "demo/data/opacity/opacity_132.png",
    "histogram resolution": [
      30,
      30
    ],
    "time_load (ms)": 24.375,
    "time histogram (ms)": 3061.869,
    "time MT (ms)": 12.551
  },
  "threshold": [
    0,
    0.0003626759252208789,
    0.0003626759252208789,
    0.014913683293422686,
    0.014913683293422686,
    0.017508525686697918,
    0.017508525686697918,
    0.027527661052241303,
    0.027527661052241303,
    "inf"
  ],
  "clusters": [
    5,
    5,
    4,
    4,
    3,
    3,
    2,
    2,
    1,
    1
  ]
}
