{
  "info": {
    "datafile": "demo/data/opacity/opacity_126.png",
    "histogram resolution": [
      30,
      30
    ],
    "time_load (ms)": 25.214,
    "time histogram (ms)": 3012.414,
    "time MT (ms)": 12.122
  },
  "threshold": [
    0,
    0.0003285541336469633,
    0.0003285541336469633,
    0.017449915263568982,
    0.017449915263568982,
    0.019948849656350853,
    0.019948849656350853,
    0.02899014115462184,
    0.02899014115462184,
    "inf"
  ],
  "clusters": [
    5,
    5,
    4,
    4,
    3,
    3,
    2,
    2,
    1,
    1
  ]
}
