{
  "info": {
    "datafile": "demo/data/opacity/opacity_189.png",
    "histogram resolution": [
      30,
      30
    ],
    "time_load (ms)": 26.438,
    "time histogram (ms)": 2884.524,
    "time MT (ms)": 12.851
  },
  "threshold": [
    0,
    0.000692320760326548,
    0.000692320760326548,
    0.00271739139229199,
    0.00271739139229199,
    0.0044064366090385,
    0.0044064366090385,
    0.01686126283454792,
    0.01686126283454792,
    "inf"
  ],
  "clusters": [
    5,
    5,
    4,
    4,
    3,
    3,
    2,
    2,
    1,
    1
  ]
}
