{
  "info": {
    "datafile": "demo/data/opacity/opacity_91.png",
    "histogram resolution": [
      30,
      30
    ],
    "time_load (ms)": 26.621,
    "time histogram (ms)": 2896.475,
    "time MT (ms)": 12.187
  },
  "threshold": [
    0,
    0.0002026942902770834,
    0.0002026942902770834,
    0.04021970887022208,
    0.04021970887022208,
    0.048508100147085786,
    0.048508100147085786,
    0.048721228971060015,
    0.048721228971060015,
    "inf"
  ],
  "clusters": [
    5,
    5,
    4,
    4,
    3,
    3,
    2,
    2,
    1,
    1
  ]
}
