{
  "info": {
    "datafile": "demo/data/opacity/opacity_328.png",
    "histogram resolution": [
      30,
      30
    ],
    "time_load (ms)": 24.426,
    "time histogram (ms)": 3102.294,
    "time MT (ms)": 13.051
  },
  "threshold": [
    0,
    6.18536676188497e-05,
    6.18536676188497e-05,
    0.001123095773192806,
    0.001123095773192806,
    0.0018782933577597971,
    0.0018782933577597971,
    "inf"
  ],
  "clusters": [
    4,
    4,
    3,
    3,
    2,
    2,
    1,
    1
  ]
}
