{
  "info": {
    "datafile": "demo/data/opacity/opacity_69.png",
    "histogram resolution": [
      30,
      30
    ],
    "time_load (ms)": 24.996,
    "time histogram (ms)": 3066.872,
    "time MT (ms)": 12.343
  },
  "threshold": [
    0,
    0.000111139676091776,
    0.000111139676091776,
    0.04249115129933312,
    0.04249115129933312,
    0.08196282500284724,
    0.08196282500284724,
    0.08818201397662051,
    0.08818201397662051,
    "inf"
  ],
  "clusters": [
    5,
    5,
    4,
    4,
    3,
    3,
    2,
    2,
    1,
    1
  ]
}
