{
  "info": {
    "datafile": "demo/data/opacity/opacity_6.png",
    "histogram resolution": [
      30,
      30
    ],
    "time_load (ms)": 22.812,
    "time histogram (ms)": 2972.294,
    "time MT (ms)": 11.871
  },
  "threshold": [
    0,
    6.660272407810197e-06,
    6.660272407810197e-06,
    0.06525815986730654,
    0.06525815986730654,
    0.08617859673888784,
    0.08617859673888784,
    "inf"
  ],
  "clusters": [
    4,
    4,
    3,
    3,
    2,
    2,
    1,
    1
  ]
}
