{
  "info": {
    "datafile": "demo/data/opacity/opacity_352.png",
    "histogram resolution": [
      30,
      30
    ],
    "time_load (ms)": 19.129,
    "time histogram (ms)": 2882.914,
    "time MT (ms)": 12.233
  },
  "threshold": [
    0,
    5.3282185589198505e-06,
    5.3282185589198505e-06,
    2.2239520941602642e-05,
    2.2239520941602642e-05,
    0.0006400812017572921,
    0.0006400812017572921,
    0.00213426022440133,
    0.00213426022440133,
    "inf"
  ],
  "clusters": [
    5,
    5,
    4,
    4,
    3,
    3,
    2,
    2,
    1,
    1
  ]
}
