{
  "info": {
    "datafile": "demo/data/opacity/opacity_40.png",
    "histogram resolution": [
      30,
      30
    ],
    "time_load (ms)": 23.057,
    "time histogram (ms)": 3085.793,
    "time MT (ms)": 12.401
  },
  "threshold": [
    0,
    5.332078953712571e-05,
    5.332078953712571e-05,
    0.028827746120692554,
    0.028827746120692554,
    0.12454779962775786,
    0.12454779962775786,
    0.16826513656617503,
    0.16826513656617503,
    "inf"
  ],
  "clusters": [
    5,
    5,
    4,
    4,
    3,
    3,
    2,
    2,
    1,
    1
  ]
}
