{
  "info": {
    "datafile": "demo/data/opacity/opacity_104.png",
    "histogram resolution": [
      30,
      30
    ],
    "time_load (ms)": 24.731,
    "time histogram (ms)": 3086.458,
    "time MT (ms)": 14.893
  },
  "threshold": [
    0,
    0.00023439332591068673,
    0.00023439332591068673,
    0.03427642893866112,
    0.03427642893866112,
    0.035639526154628065,
    0.035639526154628065,
    0.035773658261345875,
    0.035773658261345875,
    "inf"
  ],
  "clusters": [
    5,
    5,
    4,
    4,
    3,
    3,
    2,
    2,
    1,
    1
  ]
}
