{
  "info": {
    "datafile": "demo/data/opacity/opacity_31.png",
    "histogram resolution": [
      30,
      30
    ],
    "time_load (ms)": 23.441,
    "time histogram (ms)": 3516.25,
    "time MT (ms)": 12.042
  },
  "threshold": [
    0,
    3.6921075304063855e-05,
    3.6921075304063855e-05,
    0.02201063774267764,
    0.02201063774267764,
    0.1310067582397505,
    0.1310067582397505,
    0.1762095096713418,
    0.1762095096713418,
    "inf"
  ],
  "clusters": [
    5,
    5,
    4,
    4,
    3,
    3,
    2,
    2,
    1,
    1
  ]
}
