{
  "info": {
    "datafile": "demo/data/opacity/opacity_264.png",
    "histogram resolution": [
      30,
      30
    ],
    "time_load (ms)": 23.238,
    "time histogram (ms)": 3053.365,
    "time MT (ms)": 12.346
  },
  "threshold": [
    0,
    0.00023976983135548524,
    0.00023976983135548524,
    0.000650042645208071,
    0.000650042645208071,
    0.0012478841095385773,
    0.0012478841095385773,
    0.004332536554654154,
    0.004332536554654154,
    "inf"
  ],
  "clusters": [
    5,
    5,
    4,
    4,
    3,
    3,
    2,
    2,
    1,
    1
  ]
}
