{
  "info": {
    "datafile": "demo/data/opacity/opacity_218.png",
    "histogram resolution": [
      30,
      30
    ],
    "time_load (ms)": 23.814,
    "time histogram (ms)": 3046.113,
    "time MT (ms)": 12.098
  },
  "threshold": [
    0,
    0.000896733237982672,
    0.000896733237982672,
    0.0010869565543860094,
    0.0010869565543860094,
    0.0021792413222694873,
    0.0021792413222694873,
    0.010161839134497974,
    0.010161839134497974,
    "inf"
  ],
  "clusters": [
    5,
    5,
    4,
    4,
    3,
    3,
    2,
    2,
    1,
    1
  ]
}
