{
  "info": {
    "datafile": "demo/data/opacity/opacity_12.png",
    "histogram resolution": [
      30,
      30
    ],
    "time_load (ms)": 20.914,
    "time histogram (ms)": 3048.923,
    "time MT (ms)": 12.851
  },
  "threshold": [
    0,
    1.1274200249711264e-05,
    1.1274200249711264e-05,
    0.002808200378527248,
    0.002808200378527248,
    0.10712730217133504,
    0.10712730217133504,
    0.14231670996093226,
    0.14231670996093226,
    "inf"
  ],
  "clusters": [
    5,
    5,
    4,
    4,
    3,
    3,
    2,
    2,
    1,
    1
  ]
}
