{
  "info": {
    "datafile": "demo/data/opacity/opacity_215.png",
    "histogram resolution": [
      30,
      30
    ],
    "time_load (ms)": 24.252,
    "time histogram (ms)": 3103.786,
    "time MT (ms)": 13.241
  },
  "threshold": [
    0,
    0.0008636152747490966,
    0.0008636152747490966,
    0.001209505575547054,
    0.001209505575547054,
    0.002280477480583243,
    0.002280477480583243,
    0.010583231741913945,
    0.010583231741913945,
    "inf"
  ],
  "clusters": [
    5,
    5,
    4,
    4,
    3,
    3,
    2,
    2,
    1,
    1
  ]
}
