{
  "info": {
    "datafile": "demo/data/opacity/opacity_327.png",
    "histogram resolution": [
      30,
      30
    ],
    "time_load (ms)": 20.764,
    "time histogram (ms)": 3032.468,
    "time MT (ms)": 13.647
  },
  "threshold": [
    0,
    6.74135478542226e-05,
    6.74135478542226e-05,
    0.0011796212171911735,
    0.0011796212171911735,
    0.0018619612115076123,
    0.0018619612115076123,
    "inf"
  ],
  "clusters": [
    4,
    4,
    3,
    3,
    2,
    2,
    1,
    1
  ]
}
