{
  "info": {
    "datafile": "demo/data/opacity/opacity_211.png",
    "histogram resolution": [
      30,
      30
    ],
    "time_load (ms)": 24.371,
    "time histogram (ms)": 2937.93,
    "time MT (ms)": 13.039
  },
  "threshold": [
    0,
    0.0008370803633737101,
    0.0008370803633737101,
    0.0013267263762511416,
    0.0013267263762511416,
    0.002461636907157838,
    0.002461636907157838,
    0.011125320062417177,
    0.011125320062417177,
    "inf"
  ],
  "clusters": [
    5,
    5,
    4,
    4,
    3,
    3,
    2,
    2,
    1,
    1
  ]
}
