{
  "info": {
    "datafile": "demo/data/opacity/opacity_179.png",
    "histogram resolution": [
      30,
      30
    ],
    "time_load (ms)": 23.592,
    "time histogram (ms)": 3002.766,
    "time MT (ms)": 12.037
  },
  "threshold": [
    0,
    0.0006219053104146166,
    0.0006219053104146166,
    0.0035112959309986924,
    0.0035112959309986924,
    0.005381500562298691,
    0.005381500562298691,
    0.018131927000944126,
    0.018131927000944126,
    "inf"
  ],
  "clusters": [
    5,
    5,
    4,
    4,
    3,
    3,
    2,
    2,
    1,
    1
  ]
}
