{
  "info": {
    "datafile": "demo/data/opacity/opacity_105.png",
    "histogram resolution": [
      30,
      30
    ],
    "time_load (ms)": 25.488,
    "time histogram (ms)": 2974.083,
    "time MT (ms)": 12.408
  },
  "threshold": [
    0,
    0.0002354068456249525,
    0.0002354068456249525,
    0.032944374396364495,
    0.032944374396364495,
    0.03468137347827788,
    0.03468137347827788,
    0.03522994834343779,
    0.03522994834343779,
    "inf"
  ],
  "clusters": [
    5,
    5,
    4,
    4,
    3,
    3,
    2,
    2,
    1,
    1
  ]
}
