{
  "info": {
    "datafile": "demo/data/opacity/opacity_77.png",
    "histogram resolution": [
      30,
      30
    ],
    "time_load (ms)": 25.998,
    "time histogram (ms)": 3048.09,
    "time MT (ms)": 12.553
  },
  "threshold": [
    0,
    0.0001215258400204533,
    0.0001215258400204533,
    0.04339208360607355,
    0.04339208360607355,
    0.06768505308661121,
    0.06768505308661121,
    0.06835038556891959,
    0.06835038556891959,
    "inf"
  ],
  "clusters": [
    5,
    5,
    4,
    4,
    3,
    3,
    2,
    2,
    1,
    1
  ]
}
