{
  "info": {
    "datafile": "demo/data/opacity/opacity_15.png",
    "histogram resolution": [
      30,
      30
    ],
    "time_load (ms)": 21.485,
    "time histogram (ms)": 3033.425,
    "time MT (ms)": 11.411
  },
  "threshold": [
    0,
    1.590743322898991e-05,
    1.590743322898991e-05,
    0.006086676445787864,
    0.006086676445787864,
    0.11726783458777268,
    0.11726783458777268,
    0.15662830944537476,
    0.15662830944537476,
    "inf"
  ],
  "clusters": [
    5,
    5,
    4,
    4,
    3,
    3,
    2,
    2,
    1,
    1
  ]
}
