{
  "info": {
    "datafile": "demo/data/opacity/opacity_113.png",
    "histogram resolution": [
      30,
      30
    ],
    "time_load (ms)": 25.309,
    "time histogram (ms)": 2963.376,
    "time MT (ms)": 13.264
  },
  "threshold": [
    0,
    0.0002713240537834949,
    0.0002713240537834949,
    0.025378304260337436,
    0.025378304260337436,
    0.027546889061341062,
    0.027546889061341062,
    0.03240460243206694,
    0.03240460243206694,
    "inf"
  ],
  "clusters": [
    5,
    5,
    4,
    4,
    3,
    3,
    2,
    2,
    1,
    1
  ]
}
