{
  "info": {
    "datafile": "demo/data/opacity/opacity_168.png",
    "histogram resolution": [
      30,
      30
    ],
    "time_load (ms)": 25.956,
    "time histogram (ms)": 3052.398,
    "time MT (ms)": 12.998
  },
  "threshold": [
    0,
    0.0005686424362896236,
    0.0005686424362896236,
    0.004955243137057697,
    0.004955243137057697,
    0.007011935414756532,
    0.007011935414756532,
    0.02002552960755477,
    0.02002552960755477,
    "inf"
  ],
  "clusters": [
    5,
    5,
    4,
    4,
    3,
    3,
    2,
    2,
    1,
    1
  ]
}
