{
  "info": {
    "datafile": "demo/data/opacity/opacity_95.png",
    "histogram resolution": [
      30,
      30
    ],
    "time_load (ms)": 24.288,
    "time histogram (ms)": 3326.138,
    "time MT (ms)": 13.562
  },
  "threshold": [
    0,
    0.00021287775026290756,
    0.00021287775026290756,
    0.03828324904522418,
    0.03828324904522418,
    0.04234335148952517,
    0.04234335148952517,
    0.043179881869076286,
    0.043179881869076286,
    "inf"
  ],
  "clusters": [
    5,
    5,
    4,
    4,
    3,
    3,
    2,
    2,
    1,
    1
  ]
}
