{
  "info": {
    "datafile": "demo/data/opacity/opacity_64.png",
    "histogram resolution": [
      30,
      30
    ],
    "time_load (ms)": 26.125,
    "time histogram (ms)": 3015.7,
    "time MT (ms)": 12.398
  },
  "threshold": [
    0,
    0.0001044697511152215,
    0.0001044697511152215,
    0.04128303577455439,
    0.04128303577455439,
    0.08890479859570966,
    0.08890479859570966,
    0.09933930352196074,
    0.09933930352196074,
    "inf"
  ],
  "clusters": [
    5,
    5,
    4,
    4,
    3,
    3,
    2,
    2,
    1,
    1
  ]
}
