{
  "info": {
    "datafile": "demo/data/opacity/opacity_66.png",
    "histogram resolution": [
      30,
      30
    ],
    "time_load (ms)": 26.862,
    "time histogram (ms)": 3005.729,
    "time MT (ms)": 12.411
  },
  "threshold": [
    0,
    9.890021897129841e-05,
    9.890021897129841e-05,
    0.041904815719384814,
    0.041904815719384814,
    0.08598771488921414,
    0.08598771488921414,
    0.09468776872887724,
    0.09468776872887724,
    "inf"
  ],
  "clusters": [
    5,
    5,
    4,
    4,
    3,
    3,
    2,
    2,
    1,
    1
  ]
}
