{
  "info": {
    "datafile": "demo/data/opacity/opacity_71.png",
    "histogram resolution": [
      30,
      30
    ],
    "time_load (ms)": 32.748,
    "time histogram (ms)": 3013.054,
    "time MT (ms)": 12.658
  },
  "threshold": [
    0,
    0.00011475938935689989,
    0.00011475938935689989,
    0.04273277454139596,
    0.04273277454139596,
    0.07875917576563596,
    0.07875917576563596,
    0.08367966958536749,
    0.08367966958536749,
    "inf"
  ],
  "clusters": [
    5,
    5,
    4,
    4,
    3,
    3,
    2,
    2,
    1,
    1
  ]
}
