{
  "info": {
    "datafile": "demo/data/opacity/opacity_207.png",
    "histogram resolution": [
      30,
      30
    ],
    "time_load (ms)": 24.727,
    "time histogram (ms)": 3176.825,
    "time MT (ms)": 11.979
  },
  "threshold": [
    0,
    0.0008057963881945573,
    0.0008057963881945573,
    0.0015185422506993063,
    0.0015185422506993063,
    0.002834612198690245,
    0.002834612198690245,
    0.01214022981187235,
    0.01214022981187235,
    "inf"
  ],
  "clusters": [
    5,
    5,
    4,
    4,
    3,
    3,
    2,
    2,
    1,
    1
  ]
}
