{
  "info": {
    "datafile": "demo/data/opacity/opacity_316.png",
    "histogram resolution": [
      30,
      30
    ],
    "time_load (ms)": 22.429,
    "time histogram (ms)": 3405.288,
    "time MT (ms)": 27.18
  },
  "threshold": [
    0,
    0.0001237073338897221,
    0.0001237073338897221,
    0.0014930594552011733,
    0.0014930594552011733,
    0.0017250684821057405,
    0.0017250684821057405,
    "inf"
  ],
  "clusters": [
    4,
    4,
    3,
    3,
    2,
    2,
    1,
    1
  ]
}
