{
  "info": {
    "datafile": "demo/data/opacity/opacity_123.png",
    "histogram resolution": [
      30,
      30
    ],
    "time_load (ms)": 24.623,
    "time histogram (ms)": 2900.145,
    "time MT (ms)": 11.748
  },
  "threshold": [
    0,
    0.0003264209159626885,
    0.0003264209159626885,
    0.01972506453698175,
    0.01972506453698175,
    0.022160060349446953,
    0.022160060349446953,
    0.03007756103271847,
    0.03007756103271847,
    "inf"
  ],
  "clusters": [
    5,
    5,
    4,
    4,
    3,
    3,
    2,
    2,
    1,
    1
  ]
}
