{
  "info": {
    "datafile": "demo/data/opacity/opacity_99.png",
    "histogram resolution": [
      30,
      30
    ],
    "time_load (ms)": 26.532,
    "time histogram (ms)": 3235.69,
    "time MT (ms)": 12.747
  },
  "threshold": [
    0,
    0.00021853415552519628,
    0.00021853415552519628,
    0.03721760544363767,
    0.03721760544363767,
    0.0388000862813383,
    0.0388000862813383,
    0.04024936166862736,
    0.04024936166862736,
    "inf"
  ],
  "clusters": [
    5,
    5,
    4,
    4,
    3,
    3,
    2,
    2,
    1,
    1
  ]
}
