{
  "info": {
    "datafile": "demo/data/opacity/opacity_257.png",
    "histogram resolution": [
      30,
      30
    ],
    "time_load (ms)": 23.081,
    "time histogram (ms)": 3116.778,
    "time MT (ms)": 12.974
  },
  "threshold": [
    0,
    0.00030370845089910947,
    0.00030370845089910947,
    0.0007672634528717026,
    0.0007672634528717026,
    0.0011900555704152938,
    0.0011900555704152938,
    0.005028448211226555,
    0.005028448211226555,
    "inf"
  ],
  "clusters": [
    5,
    5,
    4,
    4,
    3,
    3,
    2,
    2,
    1,
    1
  ]
}
