{
  "info": {
    "datafile": "demo/data/opacity/opacity_233.png",
    "histogram resolution": [
      30,
      30
    ],
    "time_load (ms)": 24.749,
    "time histogram (ms)": 3128.335,
    "time MT (ms)": 12.469
  },
  "threshold": [
    0,
    0.0006660273103751835,
    0.0006660273103751835,
    0.0010169174455187946,
    0.0010169174455187946,
    0.0014546036235633664,
    0.0014546036235633664,
    0.007678657686916612,
    0.007678657686916612,
    "inf"
  ],
  "clusters": [
    5,
    5,
    4,
    4,
    3,
    3,
    2,
    2,
    1,
    1
  ]
}
