{
  "info": {
    "datafile": "demo/data/opacity/opacity_299.png",
    "histogram resolution": [
      30,
      30
    ],
    "time_load (ms)": 20.548,
    "time histogram (ms)": 2951.504,
    "time MT (ms)": 11.726
  },
  "threshold": [
    0,
    2.6641092161938662e-05,
    2.6641092161938662e-05,
    0.00019691241576091922,
    0.00019691241576091922,
    0.0015866119244859478,
    0.0015866119244859478,
    0.0021336039835023746,
    0.0021336039835023746,
    "inf"
  ],
  "clusters": [
    5,
    5,
    4,
    4,
    3,
    3,
    2,
    2,
    1,
    1
  ]
}
