{
  "info": {
    "datafile": "demo/data/opacity/opacity_133.png",
    "histogram resolution": [
      30,
      30
    ],
    "time_load (ms)": 28.042,
    "time histogram (ms)": 2981.012,
    "time MT (ms)": 12.522
  },
  "threshold": [
    0,
    0.0003622126019229288,
    0.0003622126019229288,
    0.014348892133768998,
    0.014348892133768998,
    0.016933078077905173,
    0.016933078077905173,
    0.02714310271327869,
    0.02714310271327869,
    "inf"
  ],
  "clusters": [
    5,
    5,
    4,
    4,
    3,
    3,
    2,
    2,
    1,
    1
  ]
}
