{
  "info": {
    "datafile": "demo/data/opacity/opacity_261.png",
    "histogram resolution": [
      30,
      30
    ],
    "time_load (ms)": 24.188,
    "time histogram (ms)": 3105.12,
    "time MT (ms)": 12.776
  },
  "threshold": [
    0,
    0.00025042626847332494,
    0.00025042626847332494,
    0.000687340171957096,
    0.000687340171957096,
    0.0012320152865843426,
    0.0012320152865843426,
    0.004576012983121325,
    0.004576012983121325,
    "inf"
  ],
  "clusters": [
    5,
    5,
    4,
    4,
    3,
    3,
    2,
    2,
    1,
    1
  ]
}
