{
  "info": {
    "datafile": "demo/data/opacity/opacity_296.png",
    "histogram resolution": [
      30,
      30
    ],
    "time_load (ms)": 21.12,
    "time histogram (ms)": 2959.501,
    "time MT (ms)": 13.109
  },
  "threshold": [
    0,
    3.729752927977836e-05,
    3.729752927977836e-05,
    0.00021938359967194065,
    0.00021938359967194065,
    0.0015605307032423577,
    0.0015605307032423577,
    0.0022200137842611767,
    0.0022200137842611767,
    "inf"
  ],
  "clusters": [
    5,
    5,
    4,
    4,
    3,
    3,
    2,
    2,
    1,
    1
  ]
}
