{
  "info": {
    "datafile": "demo/data/opacity/opacity_39.png",
    "histogram resolution": [
      30,
      30
    ],
    "time_load (ms)": 23.594,
    "time histogram (ms)": 3218.619,
    "time MT (ms)": 12.765
  },
  "threshold": [
    0,
    5.230726982297096e-05,
    5.230726982297096e-05,
    0.0279789380378192,
    0.0279789380378192,
    0.12583630193673628,
    0.12583630193673628,
    0.170151325901869,
    0.170151325901869,
    "inf"
  ],
  "clusters": [
    5,
    5,
    4,
    4,
    3,
    3,
    2,
    2,
    1,
    1
  ]
}
