{
  "info": {
    "datafile": "demo/data/opacity/opacity_308.png",
    "histogram resolution": [
      30,
      30
    ],
    "time_load (ms)": 23.622,
    "time histogram (ms)": 3042.729,
    "time MT (ms)": 13.194
  },
  "threshold": [
    0,
    1.598465567675955e-05,
    1.598465567675955e-05,
    0.00015752993532652804,
    0.00015752993532652804,
    0.001652384639742488,
    0.001652384639742488,
    0.0018322121438388295,
    0.0018322121438388295,
    "inf"
  ],
  "clusters": [
    5,
    5,
    4,
    4,
    3,
    3,
    2,
    2,
    1,
    1
  ]
}
