{
  "info": {
    "datafile": "demo/data/opacity/opacity_35.png",
    "histogram resolution": [
      30,
      30
    ],
    "time_load (ms)": 22.625,
    "time histogram (ms)": 3206.8,
    "time MT (ms)": 14.837
  },
  "threshold": [
    0,
    4.15543082833425e-05,
    4.15543082833425e-05,
    0.0244551323255654,
    0.0244551323255654,
    0.1295417298466876,
    0.1295417298466876,
    0.17475490650901082,
    0.17475490650901082,
    "inf"
  ],
  "clusters": [
    5,
    5,
    4,
    4,
    3,
    3,
    2,
    2,
    1,
    1
  ]
}
