{
  "info": {
    "datafile": "demo/data/opacity/opacity_223.png",
    "histogram resolution": [
      30,
      30
    ],
    "time_load (ms)": 25.142,
    "time histogram (ms)": 3082.154,
    "time MT (ms)": 13.103
  },
  "threshold": [
    0,
    0.0008951406951224206,
    0.0008951406951224206,
    0.0009187218640630546,
    0.0009187218640630546,
    0.001944799720228707,
    0.001944799720228707,
    0.009319517300208968,
    0.009319517300208968,
    "inf"
  ],
  "clusters": [
    5,
    5,
    4,
    4,
    3,
    3,
    2,
    2,
    1,
    1
  ]
}
