{
  "info": {
    "datafile": "demo/data/opacity/opacity_160.png",
    "histogram resolution": [
      30,
      30
    ],
    "time_load (ms)": 23.52,
    "time histogram (ms)": 3116.028,
    "time MT (ms)": 12.318
  },
  "threshold": [
    0,
    0.000523294668504426,
    0.000523294668504426,
    0.006260656652992358,
    0.006260656652992358,
    0.0084505543946643,
    0.0084505543946643,
    0.021417121185383303,
    0.021417121185383303,
    "inf"
  ],
  "clusters": [
    5,
    5,
    4,
    4,
    3,
    3,
    2,
    2,
    1,
    1
  ]
}
