{
  "info": {
    "datafile": "demo/data/opacity/opacity_271.png",
    "histogram resolution": [
      30,
      30
    ],
    "time_load (ms)": 24.727,
    "time histogram (ms)": 3074.65,
    "time MT (ms)": 12.082
  },
  "threshold": [
    0,
    0.00019181586369243497,
    0.00019181586369243497,
    0.0004901960941345318,
    0.0004901960941345318,
    0.00131876292155364,
    0.00131876292155364,
    0.0037573206107563983,
    0.0037573206107563983,
    "inf"
  ],
  "clusters": [
    5,
    5,
    4,
    4,
    3,
    3,
    2,
    2,
    1,
    1
  ]
}
