{
  "info": {
    "datafile": "demo/data/opacity/opacity_172.png",
    "histogram resolution": [
      30,
      30
    ],
    "time_load (ms)": 26.281,
    "time histogram (ms)": 3037.095,
    "time MT (ms)": 12.963
  },
  "threshold": [
    0,
    0.0005896078155211981,
    0.0005896078155211981,
    0.004347826207421024,
    0.004347826207421024,
    0.006340579895945442,
    0.006340579895945442,
    0.019202898909858934,
    0.019202898909858934,
    "inf"
  ],
  "clusters": [
    5,
    5,
    4,
    4,
    3,
    3,
    2,
    2,
    1,
    1
  ]
}
