{
  "info": {
    "datafile": "demo/data/opacity/opacity_325.png",
    "histogram resolution": [
      30,
      30
    ],
    "time_load (ms)": 27.098,
    "time histogram (ms)": 3252.442,
    "time MT (ms)": 11.88
  },
  "threshold": [
    0,
    8.965306813563112e-05,
    8.965306813563112e-05,
    0.0012588495044937864,
    0.0012588495044937864,
    0.0018261212238986912,
    0.0018261212238986912,
    "inf"
  ],
  "clusters": [
    4,
    4,
    3,
    3,
    2,
    2,
    1,
    1
  ]
}
