{
  "info": {
    "datafile": "demo/data/opacity/opacity_138.png",
    "histogram resolution": [
      30,
      30
    ],
    "time_load (ms)": 26.354,
    "time histogram (ms)": 3094.197,
    "time MT (ms)": 12.145
  },
  "threshold": [
    0,
    0.0003831779811545033,
    0.0003831779811545033,
    0.012265558756315964,
    0.012265558756315964,
    0.01488704220695497,
    0.01488704220695497,
    0.02603182177628116,
    0.02603182177628116,
    "inf"
  ],
  "clusters": [
    5,
    5,
    4,
    4,
    3,
    3,
    2,
    2,
    1,
    1
  ]
}
