{
  "info": {
    "datafile": "demo/data/opacity/opacity_114.png",
    "histogram resolution": [
      30,
      30
    ],
    "time_load (ms)": 23.925,
    "time histogram (ms)": 2901.104,
    "time MT (ms)": 11.985
  },
  "threshold": [
    0,
    0.00029060988605988936,
    0.00029060988605988936,
    0.02457374329590134,
    0.02457374329590134,
    0.02668904590878496,
    0.02668904590878496,
    0.03211317207142256,
    0.03211317207142256,
    "inf"
  ],
  "clusters": [
    5,
    5,
    4,
    4,
    3,
    3,
    2,
    2,
    1,
    1
  ]
}
