{
  "info": {
    "datafile": "demo/data/opacity/opacity_262.png",
    "histogram resolution": [
      30,
      30
    ],
    "time_load (ms)": 23.796,
    "time histogram (ms)": 3053.704,
    "time MT (ms)": 12.071
  },
  "threshold": [
    0,
    0.00023976983135548524,
    0.00023976983135548524,
    0.0006500426458407316,
    0.0006500426458407316,
    0.0012381350151445814,
    0.0012381350151445814,
    0.00448404328895069,
    0.00448404328895069,
    "inf"
  ],
  "clusters": [
    5,
    5,
    4,
    4,
    3,
    3,
    2,
    2,
    1,
    1
  ]
}
