{
  "info": {
    "datafile": "demo/data/opacity/opacity_106.png",
    "histogram resolution": [
      30,
      30
    ],
    "time_load (ms)": 24.976,
    "time histogram (ms)": 3078.633,
    "time MT (ms)": 12.253
  },
  "threshold": [
    0,
    0.00024923897658202243,
    0.00024923897658202243,
    0.03109548263866757,
    0.03109548263866757,
    0.033072251499423,
    0.033072251499423,
    0.034559287862582166,
    0.034559287862582166,
    "inf"
  ],
  "clusters": [
    5,
    5,
    4,
    4,
    3,
    3,
    2,
    2,
    1,
    1
  ]
}
