{
  "info": {
    "datafile": "demo/data/opacity/opacity_301.png",
    "histogram resolution": [
      30,
      30
    ],
    "time_load (ms)": 21.134,
    "time histogram (ms)": 2886.748,
    "time MT (ms)": 12.538
  },
  "threshold": [
    0,
    2.1312874235679402e-05,
    2.1312874235679402e-05,
    0.00017467289481931658,
    0.00017467289481931658,
    0.001607027219388546,
    0.001607027219388546,
    0.002036537741251898,
    0.002036537741251898,
    "inf"
  ],
  "clusters": [
    5,
    5,
    4,
    4,
    3,
    3,
    2,
    2,
    1,
    1
  ]
}
