{
  "info": {
    "datafile": "demo/data/opacity/opacity_92.png",
    "histogram resolution": [
      30,
      30
    ],
    "time_load (ms)": 25.813,
    "time histogram (ms)": 2942.553,
    "time MT (ms)": 12.352
  },
  "threshold": [
    0,
    0.0001987077794011194,
    0.0001987077794011194,
    0.03927012768792254,
    0.03927012768792254,
    0.045135337938478626,
    0.045135337938478626,
    0.045721442181789085,
    0.045721442181789085,
    "inf"
  ],
  "clusters": [
    5,
    5,
    4,
    4,
    3,
    3,
    2,
    2,
    1,
    1
  ]
}
