{
  "info": {
    "datafile": "demo/data/opacity/opacity_29.png",
    "histogram resolution": [
      30,
      30
    ],
    "time_load (ms)": 22.819,
    "time histogram (ms)": 3280.603,
    "time MT (ms)": 13.234
  },
  "threshold": [
    0,
    4.147708773372116e-05,
    4.147708773372116e-05,
    0.019228149151749918,
    0.019228149151749918,
    0.13151131741022992,
    0.13151131741022992,
    0.17642263884392928,
    0.17642263884392928,
    "inf"
  ],
  "clusters": [
    5,
    5,
    4,
    4,
    3,
    3,
    2,
    2,
    1,
    1
  ]
}
