{
  "info": {
    "datafile": "demo/data/opacity/opacity_120.png",
    "histogram resolution": [
      30,
      30
    ],
    "time_load (ms)": 30.916,
    "time histogram (ms)": 3056.902,
    "time MT (ms)": 12.344
  },
  "threshold": [
    0,
    0.0003319904481066116,
    0.0003319904481066116,
    0.02066283098184102,
    0.02066283098184102,
    0.022906010943900212,
    0.022906010943900212,
    0.03042945501981381,
    0.03042945501981381,
    "inf"
  ],
  "clusters": [
    5,
    5,
    4,
    4,
    3,
    3,
    2,
    2,
    1,
    1
  ]
}
