{
  "info": {
    "datafile": "demo/data/opacity/opacity_48.png",
    "histogram resolution": [
      30,
      30
    ],
    "time_load (ms)": 22.567,
    "time histogram (ms)": 3030.07,
    "time MT (ms)": 12.179
  },
  "threshold": [
    0,
    6.405444593926557e-05,
    6.405444593926557e-05,
    0.03468021518934389,
    0.03468021518934389,
    0.1136724424033711,
    0.1136724424033711,
    0.14739450532879744,
    0.14739450532879744,
    "inf"
  ],
  "clusters": [
    5,
    5,
    4,
    4,
    3,
    3,
    2,
    2,
    1,
    1
  ]
}
