{
  "info": {
    "datafile": "demo/data/opacity/opacity_196.png",
    "histogram resolution": [
      30,
      30
    ],
    "time_load (ms)": 26.0,
    "time histogram (ms)": 3006.362,
    "time MT (ms)": 12.225
  },
  "threshold": [
    0,
    0.0007343671555885001,
    0.0007343671555885001,
    0.0020726769808274703,
    0.0020726769808274703,
    0.003633844978732814,
    0.003633844978732814,
    0.01429051340337345,
    0.01429051340337345,
    "inf"
  ],
  "clusters": [
    5,
    5,
    4,
    4,
    3,
    3,
    2,
    2,
    1,
    1
  ]
}
