{
  "info": {
    "datafile": "demo/data/opacity/opacity_150.png",
    "histogram resolution": [
      30,
      30
    ],
    "time_load (ms)": 26.244,
    "time histogram (ms)": 3191.378,
    "time MT (ms)": 12.052
  },
  "threshold": [
    0,
    0.00045572668755589074,
    0.00045572668755589074,
    0.008338661807457681,
    0.008338661807457681,
    0.010763001226460678,
    0.010763001226460678,
    0.0232996039851166,
    0.0232996039851166,
    "inf"
  ],
  "clusters": [
    5,
    5,
    4,
    4,
    3,
    3,
    2,
    2,
    1,
    1
  ]
}
