{
  "info": {
    "datafile": "demo/data/opacity/opacity_323.png",
    "histogram resolution": [
      30,
      30
    ],
    "time_load (ms)": 21.672,
    "time histogram (ms)": 2991.925,
    "time MT (ms)": 13.206
  },
  "threshold": [
    0,
    8.965306813563112e-05,
    8.965306813563112e-05,
    0.0013211664921095045,
    0.0013211664921095045,
    0.0018112659206587223,
    0.0018112659206587223,
    "inf"
  ],
  "clusters": [
    4,
    4,
    3,
    3,
    2,
    2,
    1,
    1
  ]
}
