{
  "info": {
    "datafile": "demo/data/opacity/opacity_201.png",
    "histogram resolution": [
      30,
      30
    ],
    "time_load (ms)": 30.178,
    "time histogram (ms)": 3029.454,
    "time MT (ms)": 11.478
  },
  "threshold": [
    0,
    0.000763392653864936,
    0.000763392653864936,
    0.0017369992040229265,
    0.0017369992040229265,
    0.00314364887574059,
    0.00314364887574059,
    0.013291819951795625,
    0.013291819951795625,
    "inf"
  ],
  "clusters": [
    5,
    5,
    4,
    4,
    3,
    3,
    2,
    2,
    1,
    1
  ]
}
