{
  "info": {
    "datafile": "demo/data/opacity/opacity_84.png",
    "histogram resolution": [
      30,
      30
    ],
    "time_load (ms)": 24.63,
    "time histogram (ms)": 3000.062,
    "time MT (ms)": 12.086
  },
  "threshold": [
    0,
    0.00019240465203551604,
    0.00019240465203551604,
    0.04275964735016857,
    0.04275964735016857,
    0.05620204767720954,
    0.05620204767720954,
    0.05725703488734202,
    0.05725703488734202,
    "inf"
  ],
  "clusters": [
    5,
    5,
    4,
    4,
    3,
    3,
    2,
    2,
    1,
    1
  ]
}
