{
  "info": {
    "datafile": "demo/data/opacity/opacity_266.png",
    "histogram resolution": [
      30,
      30
    ],
    "time_load (ms)": 24.193,
    "time histogram (ms)": 2996.745,
    "time MT (ms)": 12.819
  },
  "threshold": [
    0,
    0.00021845695775246643,
    0.00021845695775246643,
    0.0005807758083709036,
    0.0005807758083709036,
    0.001289737647451883,
    0.001289737647451883,
    0.004110372999872491,
    0.004110372999872491,
    "inf"
  ],
  "clusters": [
    5,
    5,
    4,
    4,
    3,
    3,
    2,
    2,
    1,
    1
  ]
}
