{
  "info": {
    "datafile": "demo/data/opacity/opacity_288.png",
    "histogram resolution": [
      30,
      30
    ],
    "time_load (ms)": 27.987,
    "time histogram (ms)": 3314.791,
    "time MT (ms)": 13.186
  },
  "threshold": [
    0,
    7.459505792689614e-05,
    7.459505792689614e-05,
    0.00029814857088378277,
    0.00029814857088378277,
    0.0014720746606247115,
    0.0014720746606247115,
    0.0026738390075128904,
    0.0026738390075128904,
    "inf"
  ],
  "clusters": [
    5,
    5,
    4,
    4,
    3,
    3,
    2,
    2,
    1,
    1
  ]
}
