{
  "info": {
    "datafile": "demo/data/opacity/opacity_3.png",
    "histogram resolution": [
      30,
      30
    ],
    "time_load (ms)": 21.056,
    "time histogram (ms)": 3101.897,
    "time MT (ms)": 11.806
  },
  "threshold": [
    0,
    4.633232979278645e-06,
    4.633232979278645e-06,
    0.03770826158724683,
    0.03770826158724683,
    0.05007459207073506,
    0.05007459207073506,
    "inf"
  ],
  "clusters": [
    4,
    4,
    3,
    3,
    2,
    2,
    1,
    1
  ]
}
