{
  "info": {
    "datafile": "demo/data/opacity/opacity_363.png",
    "histogram resolution": [
      30,
      30
    ],
    "time_load (ms)": 17.493,
    "time histogram (ms)": 2924.07,
    "time MT (ms)": 12.051
  },
  "threshold": [
    0,
    5.559880235372905e-06,
    5.559880235372905e-06,
    0.00048472308508962225,
    0.00048472308508962225,
    0.0022466450818563466,
    0.0022466450818563466,
    "inf"
  ],
  "clusters": [
    4,
    4,
    3,
    3,
    2,
    2,
    1,
    1
  ]
}
