{
  "info": {
    "datafile": "demo/data/opacity/opacity_314.png",
    "histogram resolution": [
      30,
      30
    ],
    "time_load (ms)": 25.46,
    "time histogram (ms)": 3594.599,
    "time MT (ms)": 12.302
  },
  "threshold": [
    0,
    5.3282185589198505e-06,
    5.3282185589198505e-06,
    0.00013482709436052343,
    0.00013482709436052343,
    0.0015604729990117416,
    0.0015604729990117416,
    0.0017204255965577175,
    0.0017204255965577175,
    "inf"
  ],
  "clusters": [
    5,
    5,
    4,
    4,
    3,
    3,
    2,
    2,
    1,
    1
  ]
}
