{
  "info": {
    "datafile": "demo/data/opacity/opacity_158.png",
    "histogram resolution": [
      30,
      30
    ],
    "time_load (ms)": 24.73,
    "time histogram (ms)": 3039.177,
    "time MT (ms)": 13.124
  },
  "threshold": [
    0,
    0.000503333156418484,
    0.000503333156418484,
    0.006516411131166855,
    0.006516411131166855,
    0.008754262849359484,
    0.008754262849359484,
    0.021701833359940692,
    0.021701833359940692,
    "inf"
  ],
  "clusters": [
    5,
    5,
    4,
    4,
    3,
    3,
    2,
    2,
    1,
    1
  ]
}
