{
  "info": {
    "datafile": "demo/data/opacity/opacity_270.png",
    "histogram resolution": [
      30,
      30
    ],
    "time_load (ms)": 25.225,
    "time histogram (ms)": 3054.173,
    "time MT (ms)": 11.931
  },
  "threshold": [
    0,
    0.00020247230334108357,
    0.00020247230334108357,
    0.0005061807491786308,
    0.0005061807491786308,
    0.0013075369841474282,
    0.0013075369841474282,
    0.0038203325846118963,
    0.0038203325846118963,
    "inf"
  ],
  "clusters": [
    5,
    5,
    4,
    4,
    3,
    3,
    2,
    2,
    1,
    1
  ]
}
