{
  "info": {
    "datafile": "demo/data/opacity/opacity_341.png",
    "histogram resolution": [
      30,
      30
    ],
    "time_load (ms)": 20.665,
    "time histogram (ms)": 3024.986,
    "time MT (ms)": 12.866
  },
  "threshold": [
    0,
    2.803106219328999e-05,
    2.803106219328999e-05,
    0.0008446384507787563,
    0.0008446384507787563,
    0.0020003211734864745,
    0.0020003211734864745,
    "inf"
  ],
  "clusters": [
    4,
    4,
    3,
    3,
    2,
    2,
    1,
    1
  ]
}
