{
  "info": {
    "datafile": "demo/data/opacity/opacity_137.png",
    "histogram resolution": [
      30,
      30
    ],
    "time_load (ms)": 26.434,
    "time histogram (ms)": 3054.457,
    "time MT (ms)": 11.822
  },
  "threshold": [
    0,
    0.00038364130445234235,
    0.00038364130445234235,
    0.012793052360749513,
    0.012793052360749513,
    0.015579710593674856,
    0.015579710593674856,
    0.02638858076426953,
    0.02638858076426953,
    "inf"
  ],
  "clusters": [
    5,
    5,
    4,
    4,
    3,
    3,
    2,
    2,
    1,
    1
  ]
}
