{
  "info": {
    "datafile": "demo/data/opacity/opacity_171.png",
    "histogram resolution": [
      30,
      30
    ],
    "time_load (ms)": 26.231,
    "time histogram (ms)": 3024.977,
    "time MT (ms)": 12.125
  },
  "threshold": [
    0,
    0.0005742988415519124,
    0.0005742988415519124,
    0.004598252473996256,
    0.004598252473996256,
    0.006591006172643743,
    0.006591006172643743,
    0.0195615111790729,
    0.0195615111790729,
    "inf"
  ],
  "clusters": [
    5,
    5,
    4,
    4,
    3,
    3,
    2,
    2,
    1,
    1
  ]
}
