{
  "info": {
    "datafile": "demo/data/opacity/opacity_231.png",
    "histogram resolution": [
      30,
      30
    ],
    "time_load (ms)": 24.164,
    "time histogram (ms)": 2979.216,
    "time MT (ms)": 11.851
  },
  "threshold": [
    0,
    0.0006979966229941348,
    0.0006979966229941348,
    0.0009918593771556239,
    0.0009918593771556239,
    0.0015664962202603938,
    0.0015664962202603938,
    0.00809981864624515,
    0.00809981864624515,
    "inf"
  ],
  "clusters": [
    5,
    5,
    4,
    4,
    3,
    3,
    2,
    2,
    1,
    1
  ]
}
