{
  "info": {
    "datafile": "demo/data/opacity/opacity_119.png",
    "histogram resolution": [
      30,
      30
    ],
    "time_load (ms)": 29.02,
    "time histogram (ms)": 3058.68,
    "time MT (ms)": 12.207
  },
  "threshold": [
    0,
    0.00031668147413743686,
    0.00031668147413743686,
    0.02170716181116522,
    0.02170716181116522,
    0.02408887538299692,
    0.02408887538299692,
    0.030841349458607115,
    0.030841349458607115,
    "inf"
  ],
  "clusters": [
    5,
    5,
    4,
    4,
    3,
    3,
    2,
    2,
    1,
    1
  ]
}
