{
  "info": {
    "datafile": "demo/data/opacity/opacity_109.png",
    "histogram resolution": [
      30,
      30
    ],
    "time_load (ms)": 25.055,
    "time histogram (ms)": 3016.129,
    "time MT (ms)": 12.122
  },
  "threshold": [
    0,
    0.0002502524962961772,
    0.0002502524962961772,
    0.030013854283227004,
    0.030013854283227004,
    0.031926684582013753,
    0.031926684582013753,
    0.03413071372564519,
    0.03413071372564519,
    "inf"
  ],
  "clusters": [
    5,
    5,
    4,
    4,
    3,
    3,
    2,
    2,
    1,
    1
  ]
}
