{
  "info": {
    "datafile": "demo/data/opacity/opacity_135.png",
    "histogram resolution": [
      30,
      30
    ],
    "time_load (ms)": 27.497,
    "time histogram (ms)": 3199.764,
    "time MT (ms)": 11.7
  },
  "threshold": [
    0,
    0.0003632261216371946,
    0.0003632261216371946,
    0.013427110339525039,
    0.013427110339525039,
    0.016037937382782752,
    0.016037937382782752,
    0.026808351633575367,
    0.026808351633575367,
    "inf"
  ],
  "clusters": [
    5,
    5,
    4,
    4,
    3,
    3,
    2,
    2,
    1,
    1
  ]
}
