{
  "info": {
    "datafile": "demo/data/opacity/opacity_72.png",
    "histogram resolution": [
      30,
      30
    ],
    "time_load (ms)": 25.479,
    "time histogram (ms)": 3017.263,
    "time MT (ms)": 12.704
  },
  "threshold": [
    0,
    0.00011577290907105464,
    0.00011577290907105464,
    0.04307632872106715,
    0.04307632872106715,
    0.07650001127534611,
    0.07650001127534611,
    0.08034953322772787,
    0.08034953322772787,
    "inf"
  ],
  "clusters": [
    5,
    5,
    4,
    4,
    3,
    3,
    2,
    2,
    1,
    1
  ]
}
