{
  "info": {
    "datafile": "demo/data/opacity/opacity_251.png",
    "histogram resolution": [
      30,
      30
    ],
    "time_load (ms)": 24.395,
    "time histogram (ms)": 3108.312,
    "time MT (ms)": 12.102
  },
  "threshold": [
    0,
    0.000356990633324894,
    0.000356990633324894,
    0.0008898124715019384,
    0.0008898124715019384,
    0.0011461749930734566,
    0.0011461749930734566,
    0.005568683220905202,
    0.005568683220905202,
    "inf"
  ],
  "clusters": [
    5,
    5,
    4,
    4,
    3,
    3,
    2,
    2,
    1,
    1
  ]
}
