{
  "info": {
    "datafile": "demo/data/opacity/opacity_397.png",
    "histogram resolution": [
      30,
      30
    ],
    "time_load (ms)": 15.731,
    "time histogram (ms)": 2945.101,
    "time MT (ms)": 11.727
  },
  "threshold": [
    0,
    0.00029138211950036075,
    0.00029138211950036075,
    0.0026532401708176945,
    0.0026532401708176945,
    "inf"
  ],
  "clusters": [
    3,
    3,
    2,
    2,
    1,
    1
  ]
}
