{
  "info": {
    "datafile": "demo/data/opacity/opacity_4.png",
    "histogram resolution": [
      30,
      30
    ],
    "time_load (ms)": 21.455,
    "time histogram (ms)": 3039.288,
    "time MT (ms)": 11.959
  },
  "threshold": [
    0,
    5.646752693544421e-06,
    5.646752693544421e-06,
    0.05321893563215918,
    0.05321893563215918,
    0.07055093356124731,
    0.07055093356124731,
    "inf"
  ],
  "clusters": [
    4,
    4,
    3,
    3,
    2,
    2,
    1,
    1
  ]
}
