{
  "info": {
    "datafile": "demo/data/opacity/opacity_115.png",
    "histogram resolution": [
      30,
      30
    ],
    "time_load (ms)": 28.886,
    "time histogram (ms)": 3061.393,
    "time MT (ms)": 12.476
  },
  "threshold": [
    0,
    0.00029060988605988936,
    0.00029060988605988936,
    0.02457374329590134,
    0.02457374329590134,
    0.02668904590878496,
    0.02668904590878496,
    0.03211317207142256,
    0.03211317207142256,
    "inf"
  ],
  "clusters": [
    5,
    5,
    4,
    4,
    3,
    3,
    2,
    2,
    1,
    1
  ]
}
