{
  "info": {
    "datafile": "demo/data/opacity/opacity_58.png",
    "histogram resolution": [
      30,
      30
    ],
    "time_load (ms)": 24.974,
    "time histogram (ms)": 3047.212,
    "time MT (ms)": 12.538
  },
  "threshold": [
    0,
    8.556036901830044e-05,
    8.556036901830044e-05,
    0.03918279105571176,
    0.03918279105571176,
    0.10009289917554565,
    0.10009289917554565,
    0.1186327825170061,
    0.1186327825170061,
    "inf"
  ],
  "clusters": [
    5,
    5,
    4,
    4,
    3,
    3,
    2,
    2,
    1,
    1
  ]
}
