{
  "info": {
    "datafile": "demo/data/opacity/opacity_209.png",
    "histogram resolution": [
      30,
      30
    ],
    "time_load (ms)": 25.469,
    "time histogram (ms)": 3103.251,
    "time MT (ms)": 12.024
  },
  "threshold": [
    0,
    0.0008263177492654483,
    0.0008263177492654483,
    0.00142796253646299,
    0.00142796253646299,
    0.0026907503013954837,
    0.0026907503013954837,
    0.011630805823677981,
    0.011630805823677981,
    "inf"
  ],
  "clusters": [
    5,
    5,
    4,
    4,
    3,
    3,
    2,
    2,
    1,
    1
  ]
}
