{
  "info": {
    "datafile": "demo/data/opacity/opacity_309.png",
    "histogram resolution": [
      30,
      30
    ],
    "time_load (ms)": 24.174,
    "time histogram (ms)": 2919.718,
    "time MT (ms)": 12.139
  },
  "threshold": [
    0,
    1.598465567675955e-05,
    1.598465567675955e-05,
    0.00015173839473514583,
    0.00015173839473514583,
    0.001679035381942362,
    0.001679035381942362,
    0.0017411691011605113,
    0.0017411691011605113,
    "inf"
  ],
  "clusters": [
    5,
    5,
    4,
    4,
    3,
    3,
    2,
    2,
    1,
    1
  ]
}
