{
  "info": {
    "datafile": "demo/data/opacity/opacity_166.png",
    "histogram resolution": [
      30,
      30
    ],
    "time_load (ms)": 24.713,
    "time histogram (ms)": 2928.378,
    "time MT (ms)": 11.984
  },
  "threshold": [
    0,
    0.0005584396711664219,
    0.0005584396711664219,
    0.005210997631049541,
    0.005210997631049541,
    0.007283674547342467,
    0.007283674547342467,
    0.02034058948527756,
    0.02034058948527756,
    "inf"
  ],
  "clusters": [
    5,
    5,
    4,
    4,
    3,
    3,
    2,
    2,
    1,
    1
  ]
}
