{
  "info": {
    "datafile": "demo/data/opacity/opacity_124.png",
    "histogram resolution": [
      30,
      30
    ],
    "time_load (ms)": 26.986,
    "time histogram (ms)": 2896.049,
    "time MT (ms)": 11.666
  },
  "threshold": [
    0,
    0.0003325406445229273,
    0.0003325406445229273,
    0.01895247286681656,
    0.01895247286681656,
    0.021275576081951963,
    0.021275576081951963,
    0.02964226872559428,
    0.02964226872559428,
    "inf"
  ],
  "clusters": [
    5,
    5,
    4,
    4,
    3,
    3,
    2,
    2,
    1,
    1
  ]
}
