{
  "info": {
    "datafile": "demo/data/opacity/opacity_11.png",
    "histogram resolution": [
      30,
      30
    ],
    "time_load (ms)": 21.439,
    "time histogram (ms)": 2944.141,
    "time MT (ms)": 11.946
  },
  "threshold": [
    0,
    1.0260680535445488e-05,
    1.0260680535445488e-05,
    0.002010821097218729,
    0.002010821097218729,
    0.1009155234554342,
    0.1009155234554342,
    0.13445225588815368,
    0.13445225588815368,
    "inf"
  ],
  "clusters": [
    5,
    5,
    4,
    4,
    3,
    3,
    2,
    2,
    1,
    1
  ]
}
