{
  "info": {
    "datafile": "demo/data/opacity/opacity_276.png",
    "histogram resolution": [
      30,
      30
    ],
    "time_load (ms)": 25.062,
    "time histogram (ms)": 3097.457,
    "time MT (ms)": 12.132
  },
  "threshold": [
    0,
    0.0001438618998255703,
    0.0001438618998255703,
    0.0004209292560319877,
    0.0004209292560319877,
    0.0013755779409626578,
    0.0013755779409626578,
    0.0033391713184717786,
    0.0033391713184717786,
    "inf"
  ],
  "clusters": [
    5,
    5,
    4,
    4,
    3,
    3,
    2,
    2,
    1,
    1
  ]
}
