{
  "info": {
    "datafile": "demo/data/opacity/opacity_38.png",
    "histogram resolution": [
      30,
      30
    ],
    "time_load (ms)": 22.576,
    "time histogram (ms)": 3074.499,
    "time MT (ms)": 13.444
  },
  "threshold": [
    0,
    4.358134771187405e-05,
    4.358134771187405e-05,
    0.02675344759557885,
    0.02675344759557885,
    0.1278927625031061,
    0.1278927625031061,
    0.17243713142006134,
    0.17243713142006134,
    "inf"
  ],
  "clusters": [
    5,
    5,
    4,
    4,
    3,
    3,
    2,
    2,
    1,
    1
  ]
}
