{
  "info": {
    "datafile": "demo/data/opacity/opacity_398.png",
    "histogram resolution": [
      30,
      30
    ],
    "time_load (ms)": 15.485,
    "time histogram (ms)": 3024.939,
    "time MT (ms)": 11.59
  },
  "threshold": [
    0,
    0.0002802623603500032,
    0.0002802623603500032,
    0.002677284719937778,
    0.002677284719937778,
    "inf"
  ],
  "clusters": [
    3,
    3,
    2,
    2,
    1,
    1
  ]
}
