{
  "info": {
    "datafile": "demo/data/opacity/opacity_61.png",
    "histogram resolution": [
      30,
      30
    ],
    "time_load (ms)": 27.059,
    "time histogram (ms)": 2960.151,
    "time MT (ms)": 12.567
  },
  "threshold": [
    0,
    8.814725743178098e-05,
    8.814725743178098e-05,
    0.04063183473780624,
    0.04063183473780624,
    0.09334667927619872,
    0.09334667927619872,
    0.10721973846691818,
    0.10721973846691818,
    "inf"
  ],
  "clusters": [
    5,
    5,
    4,
    4,
    3,
    3,
    2,
    2,
    1,
    1
  ]
}
