{
  "info": {
    "datafile": "demo/data/opacity/opacity_36.png",
    "histogram resolution": [
      30,
      30
    ],
    "time_load (ms)": 23.417,
    "time histogram (ms)": 3069.052,
    "time MT (ms)": 12.765
  },
  "threshold": [
    0,
    4.2567827997608276e-05,
    4.2567827997608276e-05,
    0.025585641285251814,
    0.025585641285251814,
    0.12861577821068026,
    0.12861577821068026,
    0.1736040114179639,
    0.1736040114179639,
    "inf"
  ],
  "clusters": [
    5,
    5,
    4,
    4,
    3,
    3,
    2,
    2,
    1,
    1
  ]
}
