{
  "info": {
    "datafile": "demo/data/opacity/opacity_117.png",
    "histogram resolution": [
      30,
      30
    ],
    "time_load (ms)": 23.936,
    "time histogram (ms)": 2942.199,
    "time MT (ms)": 11.783
  },
  "threshold": [
    0,
    0.0003156679544231711,
    0.0003156679544231711,
    0.022671569323511387,
    0.022671569323511387,
    0.02496270316149335,
    0.02496270316149335,
    0.03121478808642142,
    0.03121478808642142,
    "inf"
  ],
  "clusters": [
    5,
    5,
    4,
    4,
    3,
    3,
    2,
    2,
    1,
    1
  ]
}
