{
  "info": {
    "datafile": "demo/data/opacity/opacity_173.png",
    "histogram resolution": [
      30,
      30
    ],
    "time_load (ms)": 25.916,
    "time histogram (ms)": 3148.95,
    "time MT (ms)": 11.58
  },
  "threshold": [
    0,
    0.0005896078155211981,
    0.0005896078155211981,
    0.004347826207421024,
    0.004347826207421024,
    0.006340579895945442,
    0.006340579895945442,
    0.019202898909858934,
    0.019202898909858934,
    "inf"
  ],
  "clusters": [
    5,
    5,
    4,
    4,
    3,
    3,
    2,
    2,
    1,
    1
  ]
}
