{
  "info": {
    "datafile": "demo/data/opacity/opacity_213.png",
    "histogram resolution": [
      30,
      30
    ],
    "time_load (ms)": 24.441,
    "time histogram (ms)": 2884.6,
    "time MT (ms)": 11.823
  },
  "threshold": [
    0,
    0.0008523893373428848,
    0.0008523893373428848,
    0.0012574595394139187,
    0.0012574595394139187,
    0.0024083547253647697,
    0.0024083547253647697,
    0.01083388965627391,
    0.01083388965627391,
    "inf"
  ],
  "clusters": [
    5,
    5,
    4,
    4,
    3,
    3,
    2,
    2,
    1,
    1
  ]
}
