{
  "info": {
    "datafile": "demo/data/opacity/opacity_33.png",
    "histogram resolution": [
      30,
      30
    ],
    "time_load (ms)": 21.76,
    "time histogram (ms)": 3277.286,
    "time MT (ms)": 13.967
  },
  "threshold": [
    0,
    3.793459501832963e-05,
    3.793459501832963e-05,
    0.023100837708199096,
    0.023100837708199096,
    0.1308888423944065,
    0.1308888423944065,
    0.17586850363042444,
    0.17586850363042444,
    "inf"
  ],
  "clusters": [
    5,
    5,
    4,
    4,
    3,
    3,
    2,
    2,
    1,
    1
  ]
}
