{
  "info": {
    "datafile": "demo/data/opacity/opacity_107.png",
    "histogram resolution": [
      30,
      30
    ],
    "time_load (ms)": 25.851,
    "time histogram (ms)": 2906.755,
    "time MT (ms)": 11.862
  },
  "threshold": [
    0,
    0.00024923897658202243,
    0.00024923897658202243,
    0.03109548263866757,
    0.03109548263866757,
    0.033072251499423,
    0.033072251499423,
    0.034559287862582166,
    0.034559287862582166,
    "inf"
  ],
  "clusters": [
    5,
    5,
    4,
    4,
    3,
    3,
    2,
    2,
    1,
    1
  ]
}
