{
  "info": {
    "datafile": "demo/data/opacity/opacity_254.png",
    "histogram resolution": [
      30,
      30
    ],
    "time_load (ms)": 27.029,
    "time histogram (ms)": 3021.812,
    "time MT (ms)": 11.846
  },
  "threshold": [
    0,
    0.0003250213245021283,
    0.0003250213245021283,
    0.0008152174154731906,
    0.0008152174154731906,
    0.001163974329769113,
    0.001163974329769113,
    0.005224433979786447,
    0.005224433979786447,
    "inf"
  ],
  "clusters": [
    5,
    5,
    4,
    4,
    3,
    3,
    2,
    2,
    1,
    1
  ]
}
