{
  "info": {
    "datafile": "demo/data/opacity/opacity_235.png",
    "histogram resolution": [
      30,
      30
    ],
    "time_load (ms)": 24.479,
    "time histogram (ms)": 2977.651,
    "time MT (ms)": 12.168
  },
  "threshold": [
    0,
    0.00065004265533114,
    0.00065004265533114,
    0.001020884651257381,
    0.001020884651257381,
    0.0014226343128425634,
    0.0014226343128425634,
    0.007493096679603739,
    0.007493096679603739,
    "inf"
  ],
  "clusters": [
    5,
    5,
    4,
    4,
    3,
    3,
    2,
    2,
    1,
    1
  ]
}
