{
  "info": {
    "datafile": "demo/data/opacity/opacity_298.png",
    "histogram resolution": [
      30,
      30
    ],
    "time_load (ms)": 22.853,
    "time histogram (ms)": 2914.357,
    "time MT (ms)": 12.168
  },
  "threshold": [
    0,
    3.196931072085851e-05,
    3.196931072085851e-05,
    0.00021359205712734308,
    0.00021359205712734308,
    0.0015666504124000058,
    0.0015666504124000058,
    0.0021850328685276144,
    0.0021850328685276144,
    "inf"
  ],
  "clusters": [
    5,
    5,
    4,
    4,
    3,
    3,
    2,
    2,
    1,
    1
  ]
}
