{
  "info": {
    "datafile": "demo/data/opacity/opacity_295.png",
    "histogram resolution": [
      30,
      30
    ],
    "time_load (ms)": 21.744,
    "time histogram (ms)": 3015.597,
    "time MT (ms)": 16.481
  },
  "threshold": [
    0,
    4.2625748471414315e-05,
    4.2625748471414315e-05,
    0.00021984692627086133,
    0.00021984692627086133,
    0.0015493047658361458,
    0.0015493047658361458,
    0.002282330770528973,
    0.002282330770528973,
    "inf"
  ],
  "clusters": [
    5,
    5,
    4,
    4,
    3,
    3,
    2,
    2,
    1,
    1
  ]
}
