{
  "info": {
    "datafile": "demo/data/opacity/opacity_50.png",
    "histogram resolution": [
      30,
      30
    ],
    "time_load (ms)": 21.461,
    "time histogram (ms)": 3013.667,
    "time MT (ms)": 12.748
  },
  "threshold": [
    0,
    7.278036805036248e-05,
    7.278036805036248e-05,
    0.0358424619361391,
    0.0358424619361391,
    0.11129791035467851,
    0.11129791035467851,
    0.1411711462120444,
    0.1411711462120444,
    "inf"
  ],
  "clusters": [
    5,
    5,
    4,
    4,
    3,
    3,
    2,
    2,
    1,
    1
  ]
}
