{
  "info": {
    "datafile": "demo/data/opacity/opacity_385.png",
    "histogram resolution": [
      30,
      30
    ],
    "time_load (ms)": 16.395,
    "time histogram (ms)": 2955.571,
    "time MT (ms)": 12.322
  },
  "threshold": [
    0,
    0.0003403978716398637,
    0.0003403978716398637,
    0.0025143107649368,
    0.0025143107649368,
    "inf"
  ],
  "clusters": [
    3,
    3,
    2,
    2,
    1,
    1
  ]
}
