{
  "info": {
    "datafile": "demo/data/opacity/opacity_46.png",
    "histogram resolution": [
      30,
      30
    ],
    "time_load (ms)": 21.612,
    "time histogram (ms)": 2958.821,
    "time MT (ms)": 12.594
  },
  "threshold": [
    0,
    5.6921197664872025e-05,
    5.6921197664872025e-05,
    0.03269765473463082,
    0.03269765473463082,
    0.11722590101223496,
    0.11722590101223496,
    0.15620205026884237,
    0.15620205026884237,
    "inf"
  ],
  "clusters": [
    5,
    5,
    4,
    4,
    3,
    3,
    2,
    2,
    1,
    1
  ]
}
