{
  "info": {
    "datafile": "demo/data/opacity/opacity_256.png",
    "histogram resolution": [
      30,
      30
    ],
    "time_load (ms)": 22.539,
    "time histogram (ms)": 3155.537,
    "time MT (ms)": 12.304
  },
  "threshold": [
    0,
    0.0003143648880169492,
    0.0003143648880169492,
    0.0007832481079158016,
    0.0007832481079158016,
    0.0011752002671753248,
    0.0011752002671753248,
    0.005082193713346672,
    0.005082193713346672,
    "inf"
  ],
  "clusters": [
    5,
    5,
    4,
    4,
    3,
    3,
    2,
    2,
    1,
    1
  ]
}
