{
  "info": {
    "datafile": "demo/data/opacity/opacity_127.png",
    "histogram resolution": [
      30,
      30
    ],
    "time_load (ms)": 26.07,
    "time histogram (ms)": 2926.03,
    "time MT (ms)": 11.734
  },
  "threshold": [
    0,
    0.00034386310761613803,
    0.00034386310761613803,
    0.016709292909186158,
    0.016709292909186158,
    0.019277494118559058,
    0.019277494118559058,
    0.028534230981123343,
    0.028534230981123343,
    "inf"
  ],
  "clusters": [
    5,
    5,
    4,
    4,
    3,
    3,
    2,
    2,
    1,
    1
  ]
}
