{
  "info": {
    "datafile": "demo/data/opacity/opacity_232.png",
    "histogram resolution": [
      30,
      30
    ],
    "time_load (ms)": 24.268,
    "time histogram (ms)": 2979.473,
    "time MT (ms)": 12.616
  },
  "threshold": [
    0,
    0.0006820119641539057,
    0.0006820119641539057,
    0.0009913960538576738,
    0.0009913960538576738,
    0.001491901161700837,
    0.001491901161700837,
    0.007933948886301723,
    0.007933948886301723,
    "inf"
  ],
  "clusters": [
    5,
    5,
    4,
    4,
    3,
    3,
    2,
    2,
    1,
    1
  ]
}
