{
  "info": {
    "datafile": "demo/data/opacity/opacity_305.png",
    "histogram resolution": [
      30,
      30
    ],
    "time_load (ms)": 22.627,
    "time histogram (ms)": 3001.292,
    "time MT (ms)": 11.843
  },
  "threshold": [
    0,
    2.1312874235679402e-05,
    2.1312874235679402e-05,
    0.0001635531356689035,
    0.0001635531356689035,
    0.0016228960423427807,
    0.0016228960423427807,
    0.0019121354158682657,
    0.0019121354158682657,
    "inf"
  ],
  "clusters": [
    5,
    5,
    4,
    4,
    3,
    3,
    2,
    2,
    1,
    1
  ]
}
