{
  "info": {
    "datafile": "demo/data/opacity/opacity_208.png",
    "histogram resolution": [
      30,
      30
    ],
    "time_load (ms)": 28.982,
    "time histogram (ms)": 3206.211,
    "time MT (ms)": 12.575
  },
  "threshold": [
    0,
    0.0008263177492654483,
    0.0008263177492654483,
    0.00142796253646299,
    0.00142796253646299,
    0.0026907503013954837,
    0.0026907503013954837,
    0.011630805823677981,
    0.011630805823677981,
    "inf"
  ],
  "clusters": [
    5,
    5,
    4,
    4,
    3,
    3,
    2,
    2,
    1,
    1
  ]
}
