{
  "info": {
    "datafile": "demo/data/opacity/opacity_219.png",
    "histogram resolution": [
      30,
      30
    ],
    "time_load (ms)": 30.694,
    "time histogram (ms)": 3032.136,
    "time MT (ms)": 12.458
  },
  "threshold": [
    0,
    0.0009028529665427998,
    0.0009028529665427998,
    0.00106031546159141,
    0.00106031546159141,
    0.0021259591411090795,
    0.0021259591411090795,
    0.009928555820620966,
    0.009928555820620966,
    "inf"
  ],
  "clusters": [
    5,
    5,
    4,
    4,
    3,
    3,
    2,
    2,
    1,
    1
  ]
}
