{
  "info": {
    "datafile": "demo/data/opacity/opacity_101.png",
    "histogram resolution": [
      30,
      30
    ],
    "time_load (ms)": 24.517,
    "time histogram (ms)": 3085.445,
    "time MT (ms)": 13.896
  },
  "threshold": [
    0,
    0.00023384312949437103,
    0.00023384312949437103,
    0.03656640448107956,
    0.03656640448107956,
    0.03687659945812216,
    0.03687659945812216,
    0.03832054663634271,
    0.03832054663634271,
    "inf"
  ],
  "clusters": [
    5,
    5,
    4,
    4,
    3,
    3,
    2,
    2,
    1,
    1
  ]
}
