{
  "info": {
    "datafile": "demo/data/opacity/opacity_149.png",
    "histogram resolution": [
      30,
      30
    ],
    "time_load (ms)": 25.964,
    "time histogram (ms)": 3251.297,
    "time MT (ms)": 14.103
  },
  "threshold": [
    0,
    0.00045471316784162497,
    0.00045471316784162497,
    0.008684995994806988,
    0.008684995994806988,
    0.01119991511982138,
    0.01119991511982138,
    0.023581767931325492,
    0.023581767931325492,
    "inf"
  ],
  "clusters": [
    5,
    5,
    4,
    4,
    3,
    3,
    2,
    2,
    1,
    1
  ]
}
