{
  "info": {
    "datafile": "demo/data/opacity/opacity_224.png",
    "histogram resolution": [
      30,
      30
    ],
    "time_load (ms)": 24.09,
    "time histogram (ms)": 3047.415,
    "time MT (ms)": 13.108
  },
  "threshold": [
    0,
    0.0008684996054912908,
    0.0008684996054912908,
    0.0009340308380323403,
    0.0009340308380323403,
    0.0019021739723900088,
    0.0019021739723900088,
    0.009097353770652405,
    0.009097353770652405,
    "inf"
  ],
  "clusters": [
    5,
    5,
    4,
    4,
    3,
    3,
    2,
    2,
    1,
    1
  ]
}
