{
  "info": {
    "datafile": "demo/data/opacity/opacity_19.png",
    "histogram resolution": [
      30,
      30
    ],
    "time_load (ms)": 20.661,
    "time histogram (ms)": 2961.195,
    "time MT (ms)": 12.511
  },
  "threshold": [
    0,
    2.0540666208379577e-05,
    2.0540666208379577e-05,
    0.00927827950207849,
    0.00927827950207849,
    0.12578974188514946,
    0.12578974188514946,
    0.1682065291249234,
    0.1682065291249234,
    "inf"
  ],
  "clusters": [
    5,
    5,
    4,
    4,
    3,
    3,
    2,
    2,
    1,
    1
  ]
}
