{
  "info": {
    "datafile": "demo/data/opacity/opacity_282.png",
    "histogram resolution": [
      30,
      30
    ],
    "time_load (ms)": 22.527,
    "time histogram (ms)": 3116.622,
    "time MT (ms)": 13.106
  },
  "threshold": [
    0,
    0.00010656436864769914,
    0.00010656436864769914,
    0.0003676470761369566,
    0.0003676470761369566,
    0.0014281940929842252,
    0.0014281940929842252,
    0.0030248064382122353,
    0.0030248064382122353,
    "inf"
  ],
  "clusters": [
    5,
    5,
    4,
    4,
    3,
    3,
    2,
    2,
    1,
    1
  ]
}
