{
  "info": {
    "datafile": "demo/data/opacity/opacity_141.png",
    "histogram resolution": [
      30,
      30
    ],
    "time_load (ms)": 24.143,
    "time histogram (ms)": 3005.795,
    "time MT (ms)": 12.994
  },
  "threshold": [
    0,
    0.00040460668368391683,
    0.00040460668368391683,
    0.01126918192945281,
    0.01126918192945281,
    0.013869352467261953,
    0.013869352467261953,
    0.025371354319925876,
    0.025371354319925876,
    "inf"
  ],
  "clusters": [
    5,
    5,
    4,
    4,
    3,
    3,
    2,
    2,
    1,
    1
  ]
}
