{
  "info": {
    "datafile": "demo/data/opacity/opacity_161.png",
    "histogram resolution": [
      30,
      30
    ],
    "time_load (ms)": 23.735,
    "time histogram (ms)": 2938.639,
    "time MT (ms)": 11.435
  },
  "threshold": [
    0,
    0.0005386036424737117,
    0.0005386036424737117,
    0.0058557120602294455,
    0.0058557120602294455,
    0.00806159445568011,
    0.00806159445568011,
    0.020982987246252083,
    0.020982987246252083,
    "inf"
  ],
  "clusters": [
    5,
    5,
    4,
    4,
    3,
    3,
    2,
    2,
    1,
    1
  ]
}
