{
  "info": {
    "datafile": "demo/data/opacity/opacity_365.png",
    "histogram resolution": [
      30,
      30
    ],
    "time_load (ms)": 17.49,
    "time histogram (ms)": 2948.281,
    "time MT (ms)": 12.417
  },
  "threshold": [
    0,
    0.0004653214191862598,
    0.0004653214191862598,
    0.002284415571079945,
    0.002284415571079945,
    "inf"
  ],
  "clusters": [
    3,
    3,
    2,
    2,
    1,
    1
  ]
}
