{
  "info": {
    "datafile": "demo/data/opacity/opacity_253.png",
    "histogram resolution": [
      30,
      30
    ],
    "time_load (ms)": 23.327,
    "time histogram (ms)": 3011.951,
    "time MT (ms)": 12.395
  },
  "threshold": [
    0,
    0.00035166241476597415,
    0.00035166241476597415,
    0.0008578431626791727,
    0.0008578431626791727,
    0.0011486653557999382,
    0.0011486653557999382,
    0.005444512569604321,
    0.005444512569604321,
    "inf"
  ],
  "clusters": [
    5,
    5,
    4,
    4,
    3,
    3,
    2,
    2,
    1,
    1
  ]
}
