{
  "info": {
    "datafile": "demo/data/opacity/opacity_350.png",
    "histogram resolution": [
      30,
      30
    ],
    "time_load (ms)": 20.551,
    "time histogram (ms)": 3177.727,
    "time MT (ms)": 13.112
  },
  "threshold": [
    0,
    1.691130238268279e-05,
    1.691130238268279e-05,
    0.000663247367369113,
    0.000663247367369113,
    0.0021102156197086996,
    0.0021102156197086996,
    "inf"
  ],
  "clusters": [
    4,
    4,
    3,
    3,
    2,
    2,
    1,
    1
  ]
}
