{
  "info": {
    "datafile": "demo/data/opacity/opacity_351.png",
    "histogram resolution": [
      30,
      30
    ],
    "time_load (ms)": 22.182,
    "time histogram (ms)": 3104.402,
    "time MT (ms)": 11.949
  },
  "threshold": [
    0,
    2.2239520941602642e-05,
    2.2239520941602642e-05,
    0.0006400812017572921,
    0.0006400812017572921,
    0.00213426022440133,
    0.00213426022440133,
    "inf"
  ],
  "clusters": [
    4,
    4,
    3,
    3,
    2,
    2,
    1,
    1
  ]
}
