{
  "info": {
    "datafile": "demo/data/opacity/opacity_170.png",
    "histogram resolution": [
      30,
      30
    ],
    "time_load (ms)": 32.308,
    "time histogram (ms)": 2990.308,
    "time MT (ms)": 12.584
  },
  "threshold": [
    0,
    0.0005681791129917846,
    0.0005681791129917846,
    0.004768755476739606,
    0.004768755476739606,
    0.006814791350853222,
    0.006814791350853222,
    0.019757728612445236,
    0.019757728612445236,
    "inf"
  ],
  "clusters": [
    5,
    5,
    4,
    4,
    3,
    3,
    2,
    2,
    1,
    1
  ]
}
