{
  "info": {
    "datafile": "demo/data/opacity/opacity_178.png",
    "histogram resolution": [
      30,
      30
    ],
    "time_load (ms)": 31.096,
    "time histogram (ms)": 2921.484,
    "time MT (ms)": 11.98
  },
  "threshold": [
    0,
    0.0006157855818543778,
    0.0006157855818543778,
    0.0036338449546904905,
    0.0036338449546904905,
    0.005530690670560057,
    0.005530690670560057,
    0.018316098017649274,
    0.018316098017649274,
    "inf"
  ],
  "clusters": [
    5,
    5,
    4,
    4,
    3,
    3,
    2,
    2,
    1,
    1
  ]
}
