{
  "info": {
    "datafile": "demo/data/opacity/opacity_247.png",
    "histogram resolution": [
      30,
      30
    ],
    "time_load (ms)": 25.285,
    "time histogram (ms)": 3181.522,
    "time MT (ms)": 13.266
  },
  "threshold": [
    0,
    0.00044224212836957433,
    0.00044224212836957433,
    0.0010390025943153303,
    0.0010390025943153303,
    0.0011149971961500471,
    0.0011149971961500471,
    0.006156872187656148,
    0.006156872187656148,
    "inf"
  ],
  "clusters": [
    5,
    5,
    4,
    4,
    3,
    3,
    2,
    2,
    1,
    1
  ]
}
