{
  "info": {
    "datafile": "demo/data/opacity/opacity_143.png",
    "histogram resolution": [
      30,
      30
    ],
    "time_load (ms)": 30.43,
    "time histogram (ms)": 3195.002,
    "time MT (ms)": 12.303
  },
  "threshold": [
    0,
    0.0004312574258837909,
    0.0004312574258837909,
    0.010501918452538783,
    0.010501918452538783,
    0.013075447961455211,
    0.013075447961455211,
    0.024775752195097478,
    0.024775752195097478,
    "inf"
  ],
  "clusters": [
    5,
    5,
    4,
    4,
    3,
    3,
    2,
    2,
    1,
    1
  ]
}
