{
  "info": {
    "datafile": "demo/data/opacity/opacity_67.png",
    "histogram resolution": [
      30,
      30
    ],
    "time_load (ms)": 24.21,
    "time histogram (ms)": 3127.47,
    "time MT (ms)": 13.1
  },
  "threshold": [
    0,
    9.991373868556419e-05,
    9.991373868556419e-05,
    0.04223748180724873,
    0.04223748180724873,
    0.08412747171162566,
    0.08412747171162566,
    0.0915601044208692,
    0.0915601044208692,
    "inf"
  ],
  "clusters": [
    5,
    5,
    4,
    4,
    3,
    3,
    2,
    2,
    1,
    1
  ]
}
