{
  "info": {
    "datafile": "demo/data/opacity/opacity_245.png",
    "histogram resolution": [
      30,
      30
    ],
    "time_load (ms)": 24.096,
    "time histogram (ms)": 2884.406,
    "time MT (ms)": 11.914
  },
  "threshold": [
    0,
    0.0004475703469285497,
    0.0004475703469285497,
    0.001060315467285633,
    0.001060315467285633,
    0.0011088774675899193,
    0.0011088774675899193,
    0.006226370687297644,
    0.006226370687297644,
    "inf"
  ],
  "clusters": [
    5,
    5,
    4,
    4,
    3,
    3,
    2,
    2,
    1,
    1
  ]
}
