{
  "info": {
    "datafile": "demo/data/opacity/opacity_275.png",
    "histogram resolution": [
      30,
      30
    ],
    "time_load (ms)": 24.61,
    "time histogram (ms)": 3184.391,
    "time MT (ms)": 12.759
  },
  "threshold": [
    0,
    0.00015984655360429256,
    0.00015984655360429256,
    0.00045289856422203734,
    0.00045289856422203734,
    0.0013489271987628948,
    0.0013489271987628948,
    0.0035258906029450032,
    0.0035258906029450032,
    "inf"
  ],
  "clusters": [
    5,
    5,
    4,
    4,
    3,
    3,
    2,
    2,
    1,
    1
  ]
}
