{
  "info": {
    "datafile": "demo/data/opacity/opacity_24.png",
    "histogram resolution": [
      30,
      30
    ],
    "time_load (ms)": 22.04,
    "time histogram (ms)": 3095.115,
    "time MT (ms)": 12.989
  },
  "threshold": [
    0,
    2.6187418901923998e-05,
    2.6187418901923998e-05,
    0.01379591411301806,
    0.01379591411301806,
    0.13252159557261267,
    0.13252159557261267,
    0.17716326288190543,
    0.17716326288190543,
    "inf"
  ],
  "clusters": [
    5,
    5,
    4,
    4,
    3,
    3,
    2,
    2,
    1,
    1
  ]
}
