{
  "info": {
    "datafile": "demo/data/opacity/opacity_82.png",
    "histogram resolution": [
      30,
      30
    ],
    "time_load (ms)": 30.506,
    "time histogram (ms)": 3171.537,
    "time MT (ms)": 13.357
  },
  "threshold": [
    0,
    0.0001709759495061025,
    0.0001709759495061025,
    0.04370505864085966,
    0.04370505864085966,
    0.060565858575105436,
    0.060565858575105436,
    0.0617806922414077,
    0.0617806922414077,
    "inf"
  ],
  "clusters": [
    5,
    5,
    4,
    4,
    3,
    3,
    2,
    2,
    1,
    1
  ]
}
