{
  "info": {
    "datafile": "demo/data/opacity/opacity_297.png",
    "histogram resolution": [
      30,
      30
    ],
    "time_load (ms)": 20.944,
    "time histogram (ms)": 2979.704,
    "time MT (ms)": 11.934
  },
  "threshold": [
    0,
    3.729752927977836e-05,
    3.729752927977836e-05,
    0.00021938359967194065,
    0.00021938359967194065,
    0.0015605307032423577,
    0.0015605307032423577,
    0.0022200137842611767,
    0.0022200137842611767,
    "inf"
  ],
  "clusters": [
    5,
    5,
    4,
    4,
    3,
    3,
    2,
    2,
    1,
    1
  ]
}
