{
  "info": {
    "datafile": "demo/data/opacity/opacity_279.png",
    "histogram resolution": [
      30,
      30
    ],
    "time_load (ms)": 24.134,
    "time histogram (ms)": 3137.17,
    "time MT (ms)": 12.113
  },
  "threshold": [
    0,
    0.00011722080513287825,
    0.00011722080513287825,
    0.0003989213994626817,
    0.0003989213994626817,
    0.0013914467639168926,
    0.0013914467639168926,
    0.003146197142105678,
    0.003146197142105678,
    "inf"
  ],
  "clusters": [
    5,
    5,
    4,
    4,
    3,
    3,
    2,
    2,
    1,
    1
  ]
}
