{
  "info": {
    "datafile": "demo/data/opacity/opacity_229.png",
    "histogram resolution": [
      30,
      30
    ],
    "time_load (ms)": 26.074,
    "time histogram (ms)": 3062.854,
    "time MT (ms)": 12.038
  },
  "threshold": [
    0,
    0.0007566070246115553,
    0.0007566070246115553,
    0.000980633439749412,
    0.000980633439749412,
    0.0016837170228625742,
    0.0016837170228625742,
    0.008315958969297432,
    0.008315958969297432,
    "inf"
  ],
  "clusters": [
    5,
    5,
    4,
    4,
    3,
    3,
    2,
    2,
    1,
    1
  ]
}
