{
  "info": {
    "datafile": "demo/data/opacity/opacity_269.png",
    "histogram resolution": [
      30,
      30
    ],
    "time_load (ms)": 26.198,
    "time histogram (ms)": 3460.562,
    "time MT (ms)": 12.405
  },
  "threshold": [
    0,
    0.00020247230334108357,
    0.00020247230334108357,
    0.0005168371850310938,
    0.0005168371850310938,
    0.0012892743241539328,
    0.0012892743241539328,
    0.003905584076795754,
    0.003905584076795754,
    "inf"
  ],
  "clusters": [
    5,
    5,
    4,
    4,
    3,
    3,
    2,
    2,
    1,
    1
  ]
}
