{
  "info": {
    "datafile": "demo/data/opacity/opacity_359.png",
    "histogram resolution": [
      30,
      30
    ],
    "time_load (ms)": 17.194,
    "time histogram (ms)": 3006.779,
    "time MT (ms)": 12.085
  },
  "threshold": [
    0,
    5.3282185589198505e-06,
    5.3282185589198505e-06,
    1.1119760470801321e-05,
    1.1119760470801321e-05,
    0.0005101190001269296,
    0.0005101190001269296,
    0.002211374595801119,
    0.002211374595801119,
    "inf"
  ],
  "clusters": [
    5,
    5,
    4,
    4,
    3,
    3,
    2,
    2,
    1,
    1
  ]
}
