{
  "info": {
    "datafile": "demo/data/opacity/opacity_284.png",
    "histogram resolution": [
      30,
      30
    ],
    "time_load (ms)": 24.624,
    "time histogram (ms)": 2887.152,
    "time MT (ms)": 12.683
  },
  "threshold": [
    0,
    9.590793216257554e-05,
    9.590793216257554e-05,
    0.00034841915597172424,
    0.00034841915597172424,
    0.0014328369688308973,
    0.0014328369688308973,
    0.0028904426818665563,
    0.0028904426818665563,
    "inf"
  ],
  "clusters": [
    5,
    5,
    4,
    4,
    3,
    3,
    2,
    2,
    1,
    1
  ]
}
