{
  "info": {
    "datafile": "demo/data/opacity/opacity_88.png",
    "histogram resolution": [
      30,
      30
    ],
    "time_load (ms)": 26.094,
    "time histogram (ms)": 2955.714,
    "time MT (ms)": 12.429
  },
  "threshold": [
    0,
    0.00019295484845183175,
    0.00019295484845183175,
    0.0416029606020597,
    0.0416029606020597,
    0.052818628898619324,
    0.052818628898619324,
    0.05314897853468609,
    0.05314897853468609,
    "inf"
  ],
  "clusters": [
    5,
    5,
    4,
    4,
    3,
    3,
    2,
    2,
    1,
    1
  ]
}
