{
  "info": {
    "datafile": "demo/data/opacity/opacity_129.png",
    "histogram resolution": [
      30,
      30
    ],
    "time_load (ms)": 26.425,
    "time histogram (ms)": 3103.868,
    "time MT (ms)": 14.4
  },
  "threshold": [
    0,
    0.0003485059543590907,
    0.0003485059543590907,
    0.01596867053772061,
    0.01596867053772061,
    0.018504902466741857,
    0.018504902466741857,
    0.02815824409208806,
    0.02815824409208806,
    "inf"
  ],
  "clusters": [
    5,
    5,
    4,
    4,
    3,
    3,
    2,
    2,
    1,
    1
  ]
}
