{
  "info": {
    "datafile": "dataset/points/points_25500.png",
    "histogram resolution": [
      40,
      40
    ],
    "time_load (ms)": 18.881,
    "time histogram (ms)": 3153.658,
    "time MT (ms)": 23.07
  },
  "threshold": [
    0,
    1.9223376761634547e-05,
    1.9223376761634547e-05,
    9.15937351262941e-05,
    9.15937351262941e-05,
    0.0001277789128316109,
    0.0001277789128316109,
    0.00014247913815879087,
    0.00014247913815879087,
    0.00020184545485557592,
    0.00020184545485557592,
    0.00020184545485557592,
    0.00020184545485557592,
    0.00026325345755107143,
    0.00026325345755107143,
    0.0004613610354307074,
    0.0004613610354307074,
    0.0004720406917234077,
    0.0004720406917234077,
    0.0006439831101006654,
    0.0006439831101006654,
    0.0006728181626884933,
    0.0006728181626884933,
    0.001152868580969968,
    0.001152868580969968,
    0.0013552480822374702,
    0.0013552480822374702,
    0.0015795207668647948,
    0.0015795207668647948,
    0.002526114981933447,
    0.002526114981933447,
    0.0028699369703106825,
    0.0028699369703106825,
    0.0033496733133991374,
    0.0033496733133991374,
    0.0038217139620058127,
    0.0038217139620058127,
    0.004656862823240848,
    0.004656862823240848,
    0.0048346791448363735,
    0.0048346791448363735,
    0.006340321846254771,
    0.006340321846254771,
    0.007419092448550713,
    0.007419092448550713,
    0.009307506230510465,
    0.009307506230510465,
    0.009463931861622754,
    0.009463931861622754,
    0.01015581625000389,
    0.01015581625000389,
    0.010371576737926158,
    0.010371576737926158,
    0.012850826902899404,
    0.012850826902899404,
    0.014093969695774755,
    0.014093969695774755,
    0.014095257838807718,
    0.014095257838807718,
    0.015753556773358712,
    0.015753556773358712,
    0.02045367204004389,
    0.02045367204004389,
    0.05046418820472376,
    0.05046418820472376,
    0.13788927454907435,
    0.13788927454907435,
    0.16306228458643984,
    0.16306228458643984,
    0.18824437360011936,
    0.18824437360011936,
    0.19595134538529374,
    0.19595134538529374,
    0.2248910688407098,
    0.2248910688407098,
    0.30865052049161035,
    0.30865052049161035,
    "inf"
  ],
  "clusters": [
    39,
    39,
    38,
    38,
    37,
    37,
    36,
    36,
    35,
    35,
    34,
    34,
    33,
    33,
    32,
    32,
    31,
    31,
    30,
    30,
    29,
    29,
    28,
    28,
    27,
    27,
    26,
    26,
    25,
    25,
    24,
    24,
    23,
    23,
    22,
    22,
    21,
    21,
    20,
    20,
    19,
    19,
    18,
    18,
    17,
    17,
    16,
    16,
    15,
    15,
    14,
    14,
    13,
    13,
    12,
    12,
    11,
    11,
    10,
    10,
    9,
    9,
    8,
    8,
    7,
    7,
    6,
    6,
    5,
    5,
    4,
    4,
    3,
    3,
    2,
    2,
    1,
    1
  ]
}
