{
  "info": {
    "datafile": "dataset/points/points_16500.png",
    "histogram resolution": [
      40,
      40
    ],
    "time_load (ms)": 18.132,
    "time histogram (ms)": 3219.912,
    "time MT (ms)": 22.876
  },
  "threshold": [
    0,
    2.1359306308144088e-05,
    2.1359306308144088e-05,
    0.00016792183940650407,
    0.00016792183940650407,
    0.00019757358415894988,
    0.00019757358415894988,
    0.0003543759165960947,
    0.0003543759165960947,
    0.0005500020441794318,
    0.0005500020441794318,
    0.0005877890691048382,
    0.0005877890691048382,
    0.000657269836956742,
    0.000657269836956742,
    0.002372390730387086,
    0.002372390730387086,
    0.0029711425861648766,
    0.0029711425861648766,
    0.003056516845277135,
    0.003056516845277135,
    0.0030949635935637043,
    0.0030949635935637043,
    0.00346020768805283,
    0.00346020768805283,
    0.003565904717220847,
    0.003565904717220847,
    0.0039668004264820644,
    0.0039668004264820644,
    0.004403221160531046,
    0.004403221160531046,
    0.006325056266231366,
    0.006325056266231366,
    0.006910803708403079,
    0.006910803708403079,
    0.007398738278878492,
    0.007398738278878492,
    0.008787218761561355,
    0.008787218761561355,
    0.009236266808058002,
    0.009236266808058002,
    0.010972809647732396,
    0.010972809647732396,
    0.011034217863982787,
    0.011034217863982787,
    0.011946197351437593,
    0.011946197351437593,
    0.0121683962072483,
    0.0121683962072483,
    0.012436393557616943,
    0.012436393557616943,
    0.012987086564305694,
    0.012987086564305694,
    0.01367397692498612,
    0.01367397692498612,
    0.014119569639054419,
    0.014119569639054419,
    0.015678736280941463,
    0.015678736280941463,
    0.01766976909327561,
    0.01766976909327561,
    0.018033568187949822,
    0.018033568187949822,
    0.021147975013317444,
    0.021147975013317444,
    0.03237643698807391,
    0.03237643698807391,
    0.03314109976777008,
    0.03314109976777008,
    0.03435556439069476,
    0.03435556439069476,
    0.036756162533766346,
    0.036756162533766346,
    0.037380419997015024,
    0.037380419997015024,
    0.050881449027350034,
    0.050881449027350034,
    0.057778526098170135,
    0.057778526098170135,
    0.05948673661195614,
    0.05948673661195614,
    0.24022491562280657,
    0.24022491562280657,
    0.2851499441084361,
    0.2851499441084361,
    0.31958061155725137,
    0.31958061155725137,
    0.32616527728369027,
    0.32616527728369027,
    0.33058439249026716,
    0.33058439249026716,
    0.34424580357984536,
    0.34424580357984536,
    "inf"
  ],
  "clusters": [
    47,
    47,
    46,
    46,
    45,
    45,
    44,
    44,
    43,
    43,
    42,
    42,
    41,
    41,
    40,
    40,
    39,
    39,
    38,
    38,
    37,
    37,
    36,
    36,
    35,
    35,
    34,
    34,
    33,
    33,
    32,
    32,
    31,
    31,
    30,
    30,
    29,
    29,
    28,
    28,
    27,
    27,
    26,
    26,
    25,
    25,
    24,
    24,
    23,
    23,
    22,
    22,
    21,
    21,
    20,
    20,
    19,
    19,
    18,
    18,
    17,
    17,
    16,
    16,
    15,
    15,
    14,
    14,
    13,
    13,
    12,
    12,
    11,
    11,
    10,
    10,
    9,
    9,
    8,
    8,
    7,
    7,
    6,
    6,
    5,
    5,
    4,
    4,
    3,
    3,
    2,
    2,
    1,
    1
  ]
}
