{
  "info": {
    "datafile": "dataset/points/points_31500.png",
    "histogram resolution": [
      40,
      40
    ],
    "time_load (ms)": 17.074,
    "time histogram (ms)": 2909.166,
    "time MT (ms)": 21.402
  },
  "threshold": [
    0,
    1.174761799077606e-05,
    1.174761799077606e-05,
    1.9223376761634547e-05,
    1.9223376761634547e-05,
    1.9223376761634547e-05,
    1.9223376761634547e-05,
    2.7233117078973024e-05,
    2.7233117078973024e-05,
    7.262164554383554e-05,
    7.262164554383554e-05,
    9.611688266675245e-05,
    9.611688266675245e-05,
    9.985475938906196e-05,
    9.985475938906196e-05,
    0.0001028701906463092,
    0.0001028701906463092,
    0.00011534025600434816,
    0.00011534025600434816,
    0.00022389578784470787,
    0.00022389578784470787,
    0.00024029220381349692,
    0.00024029220381349692,
    0.0002442499551000288,
    0.0002442499551000288,
    0.00032566660841132355,
    0.00032566660841132355,
    0.0004448075670990259,
    0.0004448075670990259,
    0.0006004478065393948,
    0.0006004478065393948,
    0.0006247597299151031,
    0.0006247597299151031,
    0.0006247597436110364,
    0.0006247597436110364,
    0.0008435669877956409,
    0.0008435669877956409,
    0.0010530138399055256,
    0.0010530138399055256,
    0.0016690413451473374,
    0.0016690413451473374,
    0.0023778248370335264,
    0.0023778248370335264,
    0.0028139628909555903,
    0.0028139628909555903,
    0.004858425615496043,
    0.004858425615496043,
    0.006163762059899158,
    0.006163762059899158,
    0.006497501086343227,
    0.006497501086343227,
    0.012380356606767173,
    0.012380356606767173,
    0.013260737187986427,
    0.013260737187986427,
    0.049839428531740726,
    0.049839428531740726,
    0.09888052180970158,
    0.09888052180970158,
    0.1389070461025565,
    0.1389070461025565,
    0.13946559079397725,
    0.13946559079397725,
    0.1757112665731898,
    0.1757112665731898,
    0.1804284688723446,
    0.1804284688723446,
    0.2620722811974987,
    0.2620722811974987,
    "inf"
  ],
  "clusters": [
    35,
    35,
    34,
    34,
    33,
    33,
    32,
    32,
    31,
    31,
    30,
    30,
    29,
    29,
    28,
    28,
    27,
    27,
    26,
    26,
    25,
    25,
    24,
    24,
    23,
    23,
    22,
    22,
    21,
    21,
    20,
    20,
    19,
    19,
    18,
    18,
    17,
    17,
    16,
    16,
    15,
    15,
    14,
    14,
    13,
    13,
    12,
    12,
    11,
    11,
    10,
    10,
    9,
    9,
    8,
    8,
    7,
    7,
    6,
    6,
    5,
    5,
    4,
    4,
    3,
    3,
    2,
    2,
    1,
    1
  ]
}
