{
  "info": {
    "datafile": "dataset/points/points_48500.png",
    "histogram resolution": [
      40,
      40
    ],
    "time_load (ms)": 17.198,
    "time histogram (ms)": 2947.626,
    "time MT (ms)": 22.219
  },
  "threshold": [
    0,
    1.9223376761634547e-05,
    1.9223376761634547e-05,
    2.7233116001001978e-05,
    2.7233116001001978e-05,
    2.7233116001001978e-05,
    2.7233116001001978e-05,
    6.354393661711644e-05,
    6.354393661711644e-05,
    0.00016283330541411178,
    0.00016283330541411178,
    0.0007429269519489412,
    0.0007429269519489412,
    0.0025508352210400487,
    0.0025508352210400487,
    0.00720502809527046,
    0.00720502809527046,
    0.02304091253543472,
    0.02304091253543472,
    0.05757080699118822,
    0.05757080699118822,
    0.05815071246458914,
    0.05815071246458914,
    0.0999134962615904,
    0.0999134962615904,
    0.11701268823497801,
    0.11701268823497801,
    0.18336216988060255,
    0.18336216988060255,
    "inf"
  ],
  "clusters": [
    15,
    15,
    14,
    14,
    13,
    13,
    12,
    12,
    11,
    11,
    10,
    10,
    9,
    9,
    8,
    8,
    7,
    7,
    6,
    6,
    5,
    5,
    4,
    4,
    3,
    3,
    2,
    2,
    1,
    1
  ]
}
