{
  "info": {
    "datafile": "dataset/points/points_10500.png",
    "histogram resolution": [
      40,
      40
    ],
    "time_load (ms)": 22.108,
    "time histogram (ms)": 3777.05,
    "time MT (ms)": 28.014
  },
  "threshold": [
    0,
    0.0007406339826426245,
    0.0007406339826426245,
    0.0019262951866948486,
    0.0019262951866948486,
    0.0024074448258890047,
    0.0024074448258890047,
    0.003160832221744847,
    0.003160832221744847,
    0.003648483603140018,
    0.003648483603140018,
    0.004523146830887503,
    0.004523146830887503,
    0.004566619771191327,
    0.004566619771191327,
    0.005324875169209153,
    0.005324875169209153,
    0.008631295571331965,
    0.008631295571331965,
    0.011991427963730594,
    0.011991427963730594,
    0.014285795098292031,
    0.014285795098292031,
    0.014849272470526031,
    0.014849272470526031,
    0.017958025600559202,
    0.017958025600559202,
    0.018901666980816856,
    0.018901666980816856,
    0.019992310928144297,
    0.019992310928144297,
    0.025966509232147383,
    0.025966509232147383,
    0.02684487902219357,
    0.02684487902219357,
    0.028776262839826372,
    0.028776262839826372,
    0.03125381692446394,
    0.03125381692446394,
    0.0331094381995628,
    0.0331094381995628,
    0.03625528686497287,
    0.03625528686497287,
    0.039740371709445665,
    0.039740371709445665,
    0.041296743069248076,
    0.041296743069248076,
    0.04622540282028981,
    0.04622540282028981,
    0.05411006515165423,
    0.05411006515165423,
    0.05704254085869953,
    0.05704254085869953,
    0.0643225463644726,
    0.0643225463644726,
    0.06870434548952342,
    0.06870434548952342,
    0.06959144765714714,
    0.06959144765714714,
    0.07869484713822045,
    0.07869484713822045,
    0.0802886903835428,
    0.0802886903835428,
    0.08242022415495243,
    0.08242022415495243,
    0.0872724615346569,
    0.0872724615346569,
    0.10022898473752845,
    0.10022898473752845,
    0.10472734942476819,
    0.10472734942476819,
    0.11790817764313533,
    0.11790817764313533,
    0.335406444160733,
    0.335406444160733,
    0.34574032849562375,
    0.34574032849562375,
    0.3571703204700633,
    0.3571703204700633,
    0.3738946568719278,
    0.3738946568719278,
    0.4255099550370443,
    0.4255099550370443,
    0.4766889886351299,
    0.4766889886351299,
    "inf"
  ],
  "clusters": [
    43,
    43,
    42,
    42,
    41,
    41,
    40,
    40,
    39,
    39,
    38,
    38,
    37,
    37,
    36,
    36,
    35,
    35,
    34,
    34,
    33,
    33,
    32,
    32,
    31,
    31,
    30,
    30,
    29,
    29,
    28,
    28,
    27,
    27,
    26,
    26,
    25,
    25,
    24,
    24,
    23,
    23,
    22,
    22,
    21,
    21,
    20,
    20,
    19,
    19,
    18,
    18,
    17,
    17,
    16,
    16,
    15,
    15,
    14,
    14,
    13,
    13,
    12,
    12,
    11,
    11,
    10,
    10,
    9,
    9,
    8,
    8,
    7,
    7,
    6,
    6,
    5,
    5,
    4,
    4,
    3,
    3,
    2,
    2,
    1,
    1
  ]
}
