{
  "info": {
    "datafile": "dataset/points/points_18000.png",
    "histogram resolution": [
      40,
      40
    ],
    "time_load (ms)": 19.184,
    "time histogram (ms)": 3082.598,
    "time MT (ms)": 22.142
  },
  "threshold": [
    0,
    8.650519428593517e-05,
    8.650519428593517e-05,
    0.0006824298590585864,
    0.0006824298590585864,
    0.0007129610778501827,
    0.0007129610778501827,
    0.0007972047186076137,
    0.0007972047186076137,
    0.001060678037780427,
    0.001060678037780427,
    0.0014852883307271414,
    0.0014852883307271414,
    0.0016074133514573652,
    0.0016074133514573652,
    0.0028139631819268374,
    0.0028139631819268374,
    0.0030570822278351284,
    0.0030570822278351284,
    0.0035478436320133255,
    0.0035478436320133255,
    0.003987154587695052,
    0.003987154587695052,
    0.00463377595766945,
    0.00463377595766945,
    0.005216947879855327,
    0.005216947879855327,
    0.006388348739356675,
    0.006388348739356675,
    0.006584571804980177,
    0.006584571804980177,
    0.00681864463596904,
    0.00681864463596904,
    0.0076028452683970515,
    0.0076028452683970515,
    0.007963974655410377,
    0.007963974655410377,
    0.0080642061006716,
    0.0080642061006716,
    0.00878055969219882,
    0.00878055969219882,
    0.009707804910802087,
    0.009707804910802087,
    0.012639369653519583,
    0.012639369653519583,
    0.015801677988901752,
    0.015801677988901752,
    0.015830450093227533,
    0.015830450093227533,
    0.01801321402673678,
    0.01801321402673678,
    0.022526969739494807,
    0.022526969739494807,
    0.03052832278491996,
    0.03052832278491996,
    0.03590248076614705,
    0.03590248076614705,
    0.03609810776083655,
    0.03609810776083655,
    0.03877995689480701,
    0.03877995689480701,
    0.04819130719381015,
    0.04819130719381015,
    0.051333198364127974,
    0.051333198364127974,
    0.05873589415649422,
    0.05873589415649422,
    0.19148404658178564,
    0.19148404658178564,
    0.22384659880452662,
    0.22384659880452662,
    0.30406681340644826,
    0.30406681340644826,
    0.31941721331612727,
    0.31941721331612727,
    0.3280469072873101,
    0.3280469072873101,
    0.3446785180143058,
    0.3446785180143058,
    "inf"
  ],
  "clusters": [
    40,
    40,
    39,
    39,
    38,
    38,
    37,
    37,
    36,
    36,
    35,
    35,
    34,
    34,
    33,
    33,
    32,
    32,
    31,
    31,
    30,
    30,
    29,
    29,
    28,
    28,
    27,
    27,
    26,
    26,
    25,
    25,
    24,
    24,
    23,
    23,
    22,
    22,
    21,
    21,
    20,
    20,
    19,
    19,
    18,
    18,
    17,
    17,
    16,
    16,
    15,
    15,
    14,
    14,
    13,
    13,
    12,
    12,
    11,
    11,
    10,
    10,
    9,
    9,
    8,
    8,
    7,
    7,
    6,
    6,
    5,
    5,
    4,
    4,
    3,
    3,
    2,
    2,
    1,
    1
  ]
}
