{
  "info": {
    "datafile": "dataset/points/points_500.png",
    "histogram resolution": [
      40,
      40
    ],
    "time_load (ms)": 18.739,
    "time histogram (ms)": 2966.657,
    "time MT (ms)": 21.846
  },
  "threshold": [
    0,
    0.0013982805090559935,
    0.0013982805090559935,
    0.002343115975069865,
    0.002343115975069865,
    0.0032775856773642476,
    0.0032775856773642476,
    0.005830242423984888,
    0.005830242423984888,
    0.005943635251126178,
    0.005943635251126178,
    0.007810909606112415,
    0.007810909606112415,
    0.009694800012870708,
    0.009694800012870708,
    0.010090670006629665,
    0.010090670006629665,
    0.013715878530752512,
    0.013715878530752512,
    0.01451044474486951,
    0.01451044474486951,
    0.015109573070909432,
    0.015109573070909432,
    0.01576882204623098,
    0.01576882204623098,
    0.01922441216327242,
    0.01922441216327242,
    0.027143406115618385,
    0.027143406115618385,
    0.030624438803602327,
    0.030624438803602327,
    0.03332532312079839,
    0.03332532312079839,
    0.03435377373658366,
    0.03435377373658366,
    0.03454503378129403,
    0.03454503378129403,
    0.037323471241813566,
    0.037323471241813566,
    0.040926566237912465,
    0.040926566237912465,
    0.041906895638743946,
    0.041906895638743946,
    0.043021914348298385,
    0.043021914348298385,
    0.04650473766965568,
    0.04650473766965568,
    0.04665513237236241,
    0.04665513237236241,
    0.048941646519975346,
    0.048941646519975346,
    0.05520444585068418,
    0.05520444585068418,
    0.056416869496273336,
    0.056416869496273336,
    0.05699617740931262,
    0.05699617740931262,
    0.06281237992658917,
    0.06281237992658917,
    0.06386909945819608,
    0.06386909945819608,
    0.06968954191715626,
    0.06968954191715626,
    0.07338278581115332,
    0.07338278581115332,
    0.07734525152573402,
    0.07734525152573402,
    0.07926758897362973,
    0.07926758897362973,
    0.08402198177978237,
    0.08402198177978237,
    0.09126190735891548,
    0.09126190735891548,
    0.09219530905943873,
    0.09219530905943873,
    0.09673255961997052,
    0.09673255961997052,
    0.1019087671726564,
    0.1019087671726564,
    0.10214073590382378,
    0.10214073590382378,
    0.10259515492647309,
    0.10259515492647309,
    0.10260844172263672,
    0.10260844172263672,
    0.10629735076252156,
    0.10629735076252156,
    0.10827566243196818,
    0.10827566243196818,
    0.12036631764803718,
    0.12036631764803718,
    0.12341407069242472,
    0.12341407069242472,
    0.1418781231212265,
    0.1418781231212265,
    0.1451551741352285,
    0.1451551741352285,
    0.15666937942142922,
    0.15666937942142922,
    0.17706425025234174,
    0.17706425025234174,
    0.1809739456603341,
    0.1809739456603341,
    0.18606305111418753,
    0.18606305111418753,
    0.2048047118043611,
    0.2048047118043611,
    0.2051251647559711,
    0.2051251647559711,
    0.21163387886554907,
    0.21163387886554907,
    0.24158496609716507,
    0.24158496609716507,
    0.2693030944618595,
    0.2693030944618595,
    0.2700499798006871,
    0.2700499798006871,
    0.28244057525005173,
    0.28244057525005173,
    "inf"
  ],
  "clusters": [
    60,
    60,
    59,
    59,
    58,
    58,
    57,
    57,
    56,
    56,
    55,
    55,
    54,
    54,
    53,
    53,
    52,
    52,
    51,
    51,
    50,
    50,
    49,
    49,
    48,
    48,
    47,
    47,
    46,
    46,
    45,
    45,
    44,
    44,
    43,
    43,
    42,
    42,
    41,
    41,
    40,
    40,
    39,
    39,
    38,
    38,
    37,
    37,
    36,
    36,
    35,
    35,
    34,
    34,
    33,
    33,
    32,
    32,
    31,
    31,
    30,
    30,
    29,
    29,
    28,
    28,
    27,
    27,
    26,
    26,
    25,
    25,
    24,
    24,
    23,
    23,
    22,
    22,
    21,
    21,
    20,
    20,
    19,
    19,
    18,
    18,
    17,
    17,
    16,
    16,
    15,
    15,
    14,
    14,
    13,
    13,
    12,
    12,
    11,
    11,
    10,
    10,
    9,
    9,
    8,
    8,
    7,
    7,
    6,
    6,
    5,
    5,
    4,
    4,
    3,
    3,
    2,
    2,
    1,
    1
  ]
}
