{
  "info": {
    "datafile": "dataset/points/points_35000.png",
    "histogram resolution": [
      40,
      40
    ],
    "time_load (ms)": 17.82,
    "time histogram (ms)": 3084.612,
    "time MT (ms)": 22.146
  },
  "threshold": [
    0,
    2.7233117078973024e-05,
    2.7233117078973024e-05,
    4.805844076272159e-05,
    4.805844076272159e-05,
    5.088540786640783e-05,
    5.088540786640783e-05,
    5.767012800217408e-05,
    5.767012800217408e-05,
    6.106248847287388e-05,
    6.106248847287388e-05,
    7.262164446592001e-05,
    7.262164446592001e-05,
    9.985475938906196e-05,
    9.985475938906196e-05,
    0.00020184545257295738,
    0.00020184545257295738,
    0.0003171857108599241,
    0.0003171857108599241,
    0.00032679739632401894,
    0.00032679739632401894,
    0.000567089599630255,
    0.000567089599630255,
    0.0006247597436110364,
    0.0006247597436110364,
    0.0009168482566666025,
    0.0009168482566666025,
    0.0015265622021546355,
    0.0015265622021546355,
    0.0038831219802993866,
    0.0038831219802993866,
    0.004122283307683994,
    0.004122283307683994,
    0.004950019350622337,
    0.004950019350622337,
    0.006082062712974012,
    0.006082062712974012,
    0.010155282373713048,
    0.010155282373713048,
    0.011673112470772629,
    0.011673112470772629,
    0.028074044066899118,
    0.028074044066899118,
    0.09706900130706003,
    0.09706900130706003,
    0.12320261497014001,
    0.12320261497014001,
    0.13484023340990664,
    0.13484023340990664,
    0.1389070461025565,
    0.1389070461025565,
    0.16029411945583333,
    0.16029411945583333,
    0.2448911068132824,
    0.2448911068132824,
    "inf"
  ],
  "clusters": [
    28,
    28,
    27,
    27,
    26,
    26,
    25,
    25,
    24,
    24,
    23,
    23,
    22,
    22,
    21,
    21,
    20,
    20,
    19,
    19,
    18,
    18,
    17,
    17,
    16,
    16,
    15,
    15,
    14,
    14,
    13,
    13,
    12,
    12,
    11,
    11,
    10,
    10,
    9,
    9,
    8,
    8,
    7,
    7,
    6,
    6,
    5,
    5,
    4,
    4,
    3,
    3,
    2,
    2,
    1,
    1
  ]
}
