{
  "info": {
    "datafile": "dataset/points/points_3000.png",
    "histogram resolution": [
      40,
      40
    ],
    "time_load (ms)": 17.843,
    "time histogram (ms)": 3036.983,
    "time MT (ms)": 23.225
  },
  "threshold": [
    0,
    0.0006862304229625638,
    0.0006862304229625638,
    0.007679738880445486,
    0.007679738880445486,
    0.009122559321894097,
    0.009122559321894097,
    0.010351787049633798,
    0.010351787049633798,
    0.01672433720394856,
    0.01672433720394856,
    0.02264557555654456,
    0.02264557555654456,
    0.024731281168107633,
    0.024731281168107633,
    0.033709885058398226,
    0.033709885058398226,
    0.036881113298083135,
    0.036881113298083135,
    0.037783543844068124,
    0.037783543844068124,
    0.03838000281959664,
    0.03838000281959664,
    0.043088662606757366,
    0.043088662606757366,
    0.0482659383908971,
    0.0482659383908971,
    0.05148981203662928,
    0.05148981203662928,
    0.05389725666943268,
    0.05389725666943268,
    0.06722574733443198,
    0.06722574733443198,
    0.07590180252342471,
    0.07590180252342471,
    0.07736673680453154,
    0.07736673680453154,
    0.08059230583532995,
    0.08059230583532995,
    0.08443227052256924,
    0.08443227052256924,
    0.08817068267180461,
    0.08817068267180461,
    0.09076957619335091,
    0.09076957619335091,
    0.09148831625747011,
    0.09148831625747011,
    0.09556901270487139,
    0.09556901270487139,
    0.10115340309601062,
    0.10115340309601062,
    0.10527568626901807,
    0.10527568626901807,
    0.10991605821984751,
    0.10991605821984751,
    0.11207736816768554,
    0.11207736816768554,
    0.12725422354608412,
    0.12725422354608412,
    0.1302361083657383,
    0.1302361083657383,
    0.14697926002858952,
    0.14697926002858952,
    0.15079777056406085,
    0.15079777056406085,
    0.1521818533769052,
    0.1521818533769052,
    0.17141936441578376,
    0.17141936441578376,
    0.17651129733113685,
    0.17651129733113685,
    0.18489576636801908,
    0.18489576636801908,
    0.19751792247439365,
    0.19751792247439365,
    0.21742599007792796,
    0.21742599007792796,
    0.2225490195444122,
    0.2225490195444122,
    0.2391975299041304,
    0.2391975299041304,
    0.24827523627404674,
    0.24827523627404674,
    0.32378327331479934,
    0.32378327331479934,
    0.3349673201549141,
    0.3349673201549141,
    0.3573908230188843,
    0.3573908230188843,
    0.41396151114410407,
    0.41396151114410407,
    0.464899717503702,
    0.464899717503702,
    0.48365560706034566,
    0.48365560706034566,
    0.49744168860068816,
    0.49744168860068816,
    0.5081795462585218,
    0.5081795462585218,
    "inf"
  ],
  "clusters": [
    50,
    50,
    49,
    49,
    48,
    48,
    47,
    47,
    46,
    46,
    45,
    45,
    44,
    44,
    43,
    43,
    42,
    42,
    41,
    41,
    40,
    40,
    39,
    39,
    38,
    38,
    37,
    37,
    36,
    36,
    35,
    35,
    34,
    34,
    33,
    33,
    32,
    32,
    31,
    31,
    30,
    30,
    29,
    29,
    28,
    28,
    27,
    27,
    26,
    26,
    25,
    25,
    24,
    24,
    23,
    23,
    22,
    22,
    21,
    21,
    20,
    20,
    19,
    19,
    18,
    18,
    17,
    17,
    16,
    16,
    15,
    15,
    14,
    14,
    13,
    13,
    12,
    12,
    11,
    11,
    10,
    10,
    9,
    9,
    8,
    8,
    7,
    7,
    6,
    6,
    5,
    5,
    4,
    4,
    3,
    3,
    2,
    2,
    1,
    1
  ]
}
