{
  "info": {
    "datafile": "dataset/points/points_14500.png",
    "histogram resolution": [
      40,
      40
    ],
    "time_load (ms)": 18.543,
    "time histogram (ms)": 3186.048,
    "time MT (ms)": 24.652
  },
  "threshold": [
    0,
    9.61168803840784e-05,
    9.61168803840784e-05,
    0.00023602033768221897,
    0.00023602033768221897,
    0.0010360833505992373,
    0.0010360833505992373,
    0.0034650449536755557,
    0.0034650449536755557,
    0.003610099844852277,
    0.003610099844852277,
    0.004642445463073408,
    0.004642445463073408,
    0.00465846488293431,
    0.00465846488293431,
    0.005690935737481639,
    0.005690935737481639,
    0.006320532922248434,
    0.006320532922248434,
    0.006767696334370743,
    0.006767696334370743,
    0.007108942588517186,
    0.007108942588517186,
    0.007484615103173775,
    0.007484615103173775,
    0.007823914004142785,
    0.007823914004142785,
    0.00814844989550817,
    0.00814844989550817,
    0.011786190929608864,
    0.011786190929608864,
    0.016822715765219765,
    0.016822715765219765,
    0.01690695938590331,
    0.01690695938590331,
    0.018129339735447947,
    0.018129339735447947,
    0.01837980893849811,
    0.01837980893849811,
    0.018560703492810637,
    0.018560703492810637,
    0.019283872890482723,
    0.019283872890482723,
    0.01954483354062425,
    0.01954483354062425,
    0.020463283678340605,
    0.020463283678340605,
    0.021270665458823557,
    0.021270665458823557,
    0.021904220134680463,
    0.021904220134680463,
    0.023359228927288145,
    0.023359228927288145,
    0.023887588767225687,
    0.023887588767225687,
    0.029496008568124343,
    0.029496008568124343,
    0.037522899125506104,
    0.037522899125506104,
    0.038345546487556614,
    0.038345546487556614,
    0.040760341112546505,
    0.040760341112546505,
    0.040801049999660666,
    0.040801049999660666,
    0.05150168546853584,
    0.05150168546853584,
    0.05157575209166115,
    0.05157575209166115,
    0.05539667956083111,
    0.05539667956083111,
    0.05650337548162543,
    0.05650337548162543,
    0.05743090348075497,
    0.05743090348075497,
    0.08410459394684,
    0.08410459394684,
    0.28294321395147426,
    0.28294321395147426,
    0.3207739372059027,
    0.3207739372059027,
    0.33058439249026716,
    0.33058439249026716,
    0.35504613688224745,
    0.35504613688224745,
    0.35639177370067754,
    0.35639177370067754,
    0.3571160427400613,
    0.3571160427400613,
    "inf"
  ],
  "clusters": [
    45,
    45,
    44,
    44,
    43,
    43,
    42,
    42,
    41,
    41,
    40,
    40,
    39,
    39,
    38,
    38,
    37,
    37,
    36,
    36,
    35,
    35,
    34,
    34,
    33,
    33,
    32,
    32,
    31,
    31,
    30,
    30,
    29,
    29,
    28,
    28,
    27,
    27,
    26,
    26,
    25,
    25,
    24,
    24,
    23,
    23,
    22,
    22,
    21,
    21,
    20,
    20,
    19,
    19,
    18,
    18,
    17,
    17,
    16,
    16,
    15,
    15,
    14,
    14,
    13,
    13,
    12,
    12,
    11,
    11,
    10,
    10,
    9,
    9,
    8,
    8,
    7,
    7,
    6,
    6,
    5,
    5,
    4,
    4,
    3,
    3,
    2,
    2,
    1,
    1
  ]
}
