{
  "info": {
    "datafile": "dataset/points/points_9500.png",
    "histogram resolution": [
      40,
      40
    ],
    "time_load (ms)": 20.805,
    "time histogram (ms)": 2993.236,
    "time MT (ms)": 22.9
  },
  "threshold": [
    0,
    0.00025781941309571677,
    0.00025781941309571677,
    0.001140963467968048,
    0.001140963467968048,
    0.0015226045335807181,
    0.0015226045335807181,
    0.0017279055766523665,
    0.0017279055766523665,
    0.0025018654352686465,
    0.0025018654352686465,
    0.0028797682390694357,
    0.0028797682390694357,
    0.003446858070262182,
    0.003446858070262182,
    0.003465798817380239,
    0.003465798817380239,
    0.0041375489079156225,
    0.0041375489079156225,
    0.0041979834238853875,
    0.0041979834238853875,
    0.005227156314052295,
    0.005227156314052295,
    0.006268548256357531,
    0.006268548256357531,
    0.00678852150112208,
    0.00678852150112208,
    0.006901191711864041,
    0.006901191711864041,
    0.016407151396075903,
    0.016407151396075903,
    0.018408078820613294,
    0.018408078820613294,
    0.02151095730768443,
    0.02151095730768443,
    0.02709167276944574,
    0.02709167276944574,
    0.028835063592762833,
    0.028835063592762833,
    0.03246262793363669,
    0.03246262793363669,
    0.0348881654385767,
    0.0348881654385767,
    0.04230612742869272,
    0.04230612742869272,
    0.04331309254923854,
    0.04331309254923854,
    0.04343295628531224,
    0.04343295628531224,
    0.0442233761799905,
    0.0442233761799905,
    0.044824640734985044,
    0.044824640734985044,
    0.0500105234745189,
    0.0500105234745189,
    0.05992400558003813,
    0.05992400558003813,
    0.061678766846713695,
    0.061678766846713695,
    0.06355700332262137,
    0.06355700332262137,
    0.06424452231023642,
    0.06424452231023642,
    0.06507433123185558,
    0.06507433123185558,
    0.07044833205923873,
    0.07044833205923873,
    0.07861795363117402,
    0.07861795363117402,
    0.09476803837613912,
    0.09476803837613912,
    0.09988861846817587,
    0.09988861846817587,
    0.11015898980642858,
    0.11015898980642858,
    0.11534025514151391,
    0.11534025514151391,
    0.12169358081083892,
    0.12169358081083892,
    0.1419117659582601,
    0.1419117659582601,
    0.33463882879357276,
    0.33463882879357276,
    0.3571030386548217,
    0.3571030386548217,
    0.37834486778935084,
    0.37834486778935084,
    0.38415720724014585,
    0.38415720724014585,
    0.42418354209527687,
    0.42418354209527687,
    0.48713623354646257,
    0.48713623354646257,
    "inf"
  ],
  "clusters": [
    47,
    47,
    46,
    46,
    45,
    45,
    44,
    44,
    43,
    43,
    42,
    42,
    41,
    41,
    40,
    40,
    39,
    39,
    38,
    38,
    37,
    37,
    36,
    36,
    35,
    35,
    34,
    34,
    33,
    33,
    32,
    32,
    31,
    31,
    30,
    30,
    29,
    29,
    28,
    28,
    27,
    27,
    26,
    26,
    25,
    25,
    24,
    24,
    23,
    23,
    22,
    22,
    21,
    21,
    20,
    20,
    19,
    19,
    18,
    18,
    17,
    17,
    16,
    16,
    15,
    15,
    14,
    14,
    13,
    13,
    12,
    12,
    11,
    11,
    10,
    10,
    9,
    9,
    8,
    8,
    7,
    7,
    6,
    6,
    5,
    5,
    4,
    4,
    3,
    3,
    2,
    2,
    1,
    1
  ]
}
