{
  "info": {
    "datafile": "dataset/points/points_20000.png",
    "histogram resolution": [
      40,
      40
    ],
    "time_load (ms)": 17.991,
    "time histogram (ms)": 2999.705,
    "time MT (ms)": 21.632
  },
  "threshold": [
    0,
    8.593979742782532e-05,
    8.593979742782532e-05,
    0.0002691273149894591,
    0.0002691273149894591,
    0.0003533708815158798,
    0.0003533708815158798,
    0.0003844675203949488,
    0.0003844675203949488,
    0.0004466608127218219,
    0.0004466608127218219,
    0.0006728181706778247,
    0.0006728181706778247,
    0.0012885001793651596,
    0.0012885001793651596,
    0.0013648596850187045,
    0.0013648596850187045,
    0.0014004480839026612,
    0.0014004480839026612,
    0.002296659463792372,
    0.002296659463792372,
    0.0023509058279587713,
    0.0023509058279587713,
    0.002795933253192162,
    0.002795933253192162,
    0.0032905896557892667,
    0.0032905896557892667,
    0.0037808800330795256,
    0.0037808800330795256,
    0.004847494669741492,
    0.004847494669741492,
    0.006452269749844808,
    0.006452269749844808,
    0.007640977822591211,
    0.007640977822591211,
    0.007824228244802,
    0.007824228244802,
    0.008958093246773768,
    0.008958093246773768,
    0.00983332226540562,
    0.00983332226540562,
    0.01347445582325385,
    0.01347445582325385,
    0.014043900969208045,
    0.014043900969208045,
    0.015628604678318392,
    0.015628604678318392,
    0.016507226140737852,
    0.016507226140737852,
    0.019668340543271545,
    0.019668340543271545,
    0.03179659407006874,
    0.03179659407006874,
    0.03520761316359117,
    0.03520761316359117,
    0.037437524539235933,
    0.037437524539235933,
    0.037799564721623324,
    0.037799564721623324,
    0.0403928358807103,
    0.0403928358807103,
    0.05048850056744314,
    0.05048850056744314,
    0.17041522630040812,
    0.17041522630040812,
    0.20976547614954338,
    0.20976547614954338,
    0.2763888903966829,
    0.2763888903966829,
    0.28651053157497064,
    0.28651053157497064,
    0.3058823547371682,
    0.3058823547371682,
    0.3369184935867202,
    0.3369184935867202,
    "inf"
  ],
  "clusters": [
    38,
    38,
    37,
    37,
    36,
    36,
    35,
    35,
    34,
    34,
    33,
    33,
    32,
    32,
    31,
    31,
    30,
    30,
    29,
    29,
    28,
    28,
    27,
    27,
    26,
    26,
    25,
    25,
    24,
    24,
    23,
    23,
    22,
    22,
    21,
    21,
    20,
    20,
    19,
    19,
    18,
    18,
    17,
    17,
    16,
    16,
    15,
    15,
    14,
    14,
    13,
    13,
    12,
    12,
    11,
    11,
    10,
    10,
    9,
    9,
    8,
    8,
    7,
    7,
    6,
    6,
    5,
    5,
    4,
    4,
    3,
    3,
    2,
    2,
    1,
    1
  ]
}
