{
  "info": {
    "datafile": "dataset/points/points_7000.png",
    "histogram resolution": [
      40,
      40
    ],
    "time_load (ms)": 18.844,
    "time histogram (ms)": 3443.96,
    "time MT (ms)": 23.087
  },
  "threshold": [
    0,
    0.00222670763981081,
    0.00222670763981081,
    0.0025470975179262,
    0.0025470975179262,
    0.00257593201582923,
    0.00257593201582923,
    0.0029822937243319525,
    0.0029822937243319525,
    0.003980370221236318,
    0.003980370221236318,
    0.011677635373934903,
    0.011677635373934903,
    0.014619377766855568,
    0.014619377766855568,
    0.01839281272424026,
    0.01839281272424026,
    0.021725806909217438,
    0.021725806909217438,
    0.022094443183437396,
    0.022094443183437396,
    0.02232547000648999,
    0.02232547000648999,
    0.022626478823450757,
    0.022626478823450757,
    0.025204672679684292,
    0.025204672679684292,
    0.03090270746562679,
    0.03090270746562679,
    0.03287875731131912,
    0.03287875731131912,
    0.0402278352963365,
    0.0402278352963365,
    0.040782390938450874,
    0.040782390938450874,
    0.04293540936858192,
    0.04293540936858192,
    0.05082223936930319,
    0.05082223936930319,
    0.05307574071647492,
    0.05307574071647492,
    0.053888462412867044,
    0.053888462412867044,
    0.06331539218880095,
    0.06331539218880095,
    0.06626297678803006,
    0.06626297678803006,
    0.06826786126267659,
    0.06826786126267659,
    0.07298528468809529,
    0.07298528468809529,
    0.07658325933260601,
    0.07658325933260601,
    0.0803152638699805,
    0.0803152638699805,
    0.0813134031690122,
    0.0813134031690122,
    0.08356401440230948,
    0.08356401440230948,
    0.08373862701844298,
    0.08373862701844298,
    0.0840184339261279,
    0.0840184339261279,
    0.10210043772052857,
    0.10210043772052857,
    0.1316303694854365,
    0.1316303694854365,
    0.15549948867354624,
    0.15549948867354624,
    0.16219669825591204,
    0.16219669825591204,
    0.16657055078950872,
    0.16657055078950872,
    0.19239288434403506,
    0.19239288434403506,
    0.20705711486757467,
    0.20705711486757467,
    0.369473280152306,
    0.369473280152306,
    0.3843676589463872,
    0.3843676589463872,
    0.42448096953597214,
    0.42448096953597214,
    0.446831882086203,
    0.446831882086203,
    0.5089004240124304,
    0.5089004240124304,
    0.5155960324754627,
    0.5155960324754627,
    "inf"
  ],
  "clusters": [
    45,
    45,
    44,
    44,
    43,
    43,
    42,
    42,
    41,
    41,
    40,
    40,
    39,
    39,
    38,
    38,
    37,
    37,
    36,
    36,
    35,
    35,
    34,
    34,
    33,
    33,
    32,
    32,
    31,
    31,
    30,
    30,
    29,
    29,
    28,
    28,
    27,
    27,
    26,
    26,
    25,
    25,
    24,
    24,
    23,
    23,
    22,
    22,
    21,
    21,
    20,
    20,
    19,
    19,
    18,
    18,
    17,
    17,
    16,
    16,
    15,
    15,
    14,
    14,
    13,
    13,
    12,
    12,
    11,
    11,
    10,
    10,
    9,
    9,
    8,
    8,
    7,
    7,
    6,
    6,
    5,
    5,
    4,
    4,
    3,
    3,
    2,
    2,
    1,
    1
  ]
}
