{
  "info": {
    "datafile": "dataset/points/points_56500.png",
    "histogram resolution": [
      40,
      40
    ],
    "time_load (ms)": 17.686,
    "time histogram (ms)": 2948.026,
    "time MT (ms)": 22.141
  },
  "threshold": [
    0,
    1.815541138594501e-05,
    1.815541138594501e-05,
    1.9223376761634547e-05,
    1.9223376761634547e-05,
    0.00022389579751241895,
    0.00022389579751241895,
    0.002994040884016669,
    0.002994040884016669,
    0.028349673427227495,
    0.028349673427227495,
    0.044671387844977706,
    0.044671387844977706,
    0.050538255463299486,
    0.050538255463299486,
    0.07616301507269052,
    0.07616301507269052,
    0.07794117686503071,
    0.07794117686503071,
    0.11227356104315567,
    0.11227356104315567,
    "inf"
  ],
  "clusters": [
    11,
    11,
    10,
    10,
    9,
    9,
    8,
    8,
    7,
    7,
    6,
    6,
    5,
    5,
    4,
    4,
    3,
    3,
    2,
    2,
    1,
    1
  ]
}
