{
  "info": {
    "datafile": "dataset/points/points_19500.png",
    "histogram resolution": [
      40,
      40
    ],
    "time_load (ms)": 18.222,
    "time histogram (ms)": 3116.92,
    "time MT (ms)": 23.796
  },
  "threshold": [
    0,
    8.593979742782532e-05,
    8.593979742782532e-05,
    0.0002691273149894591,
    0.0002691273149894591,
    0.0003533708815158798,
    0.0003533708815158798,
    0.0003844675203949488,
    0.0003844675203949488,
    0.0005687857920845252,
    0.0005687857920845252,
    0.0006728181706778247,
    0.0006728181706778247,
    0.0014004480839026612,
    0.0014004480839026612,
    0.0015971421621474025,
    0.0015971421621474025,
    0.002864282880681468,
    0.002864282880681468,
    0.0030124161604334065,
    0.0030124161604334065,
    0.0033194247175076796,
    0.0033194247175076796,
    0.0037808800330795256,
    0.0037808800330795256,
    0.003785403144623445,
    0.003785403144623445,
    0.0041810842600168985,
    0.0041810842600168985,
    0.004847494669741492,
    0.004847494669741492,
    0.005108894939392594,
    0.005108894939392594,
    0.0057771584035043455,
    0.0057771584035043455,
    0.006452269749844808,
    0.006452269749844808,
    0.007824228244802,
    0.007824228244802,
    0.008367194243536435,
    0.008367194243536435,
    0.008958093246773768,
    0.008958093246773768,
    0.00983332226540562,
    0.00983332226540562,
    0.01347445582325385,
    0.01347445582325385,
    0.014043900969208045,
    0.014043900969208045,
    0.015830450093227533,
    0.015830450093227533,
    0.016507226140737852,
    0.016507226140737852,
    0.019668340543271545,
    0.019668340543271545,
    0.03179659407006874,
    0.03179659407006874,
    0.03520761316359117,
    0.03520761316359117,
    0.03761788503795371,
    0.03761788503795371,
    0.03822621687302469,
    0.03822621687302469,
    0.04089151287393378,
    0.04089151287393378,
    0.05048850056744314,
    0.05048850056744314,
    0.17041522630040812,
    0.17041522630040812,
    0.21817570295887906,
    0.21817570295887906,
    0.30406681340644826,
    0.30406681340644826,
    0.3058823547371682,
    0.3058823547371682,
    0.315767975817262,
    0.315767975817262,
    0.3369184935867202,
    0.3369184935867202,
    "inf"
  ],
  "clusters": [
    40,
    40,
    39,
    39,
    38,
    38,
    37,
    37,
    36,
    36,
    35,
    35,
    34,
    34,
    33,
    33,
    32,
    32,
    31,
    31,
    30,
    30,
    29,
    29,
    28,
    28,
    27,
    27,
    26,
    26,
    25,
    25,
    24,
    24,
    23,
    23,
    22,
    22,
    21,
    21,
    20,
    20,
    19,
    19,
    18,
    18,
    17,
    17,
    16,
    16,
    15,
    15,
    14,
    14,
    13,
    13,
    12,
    12,
    11,
    11,
    10,
    10,
    9,
    9,
    8,
    8,
    7,
    7,
    6,
    6,
    5,
    5,
    4,
    4,
    3,
    3,
    2,
    2,
    1,
    1
  ]
}
