{
  "info": {
    "datafile": "dataset/points/points_12500.png",
    "histogram resolution": [
      40,
      40
    ],
    "time_load (ms)": 18.809,
    "time histogram (ms)": 3033.06,
    "time MT (ms)": 22.353
  },
  "threshold": [
    0,
    0.00041330258896138394,
    0.00041330258896138394,
    0.0008891440013533702,
    0.0008891440013533702,
    0.0025030909397531498,
    0.0025030909397531498,
    0.003508266095381407,
    0.003508266095381407,
    0.00408949089038374,
    0.00408949089038374,
    0.0050418643993051515,
    0.0050418643993051515,
    0.010275428200750336,
    0.010275428200750336,
    0.01161091907095968,
    0.01161091907095968,
    0.012783545132169505,
    0.012783545132169505,
    0.012940535720788793,
    0.012940535720788793,
    0.014813307598082859,
    0.014813307598082859,
    0.015580545905429677,
    0.015580545905429677,
    0.01872356842481987,
    0.01872356842481987,
    0.01879367688504252,
    0.01879367688504252,
    0.023117146010842526,
    0.023117146010842526,
    0.023569994882882916,
    0.023569994882882916,
    0.024325988356515726,
    0.024325988356515726,
    0.024458541941787426,
    0.024458541941787426,
    0.024496234883312595,
    0.024496234883312595,
    0.029381234074739748,
    0.029381234074739748,
    0.035579642165393666,
    0.035579642165393666,
    0.035899654272761095,
    0.035899654272761095,
    0.03830709966353968,
    0.03830709966353968,
    0.04631712223147749,
    0.04631712223147749,
    0.04943234459529261,
    0.04943234459529261,
    0.051499424166703445,
    0.051499424166703445,
    0.05568616235830942,
    0.05568616235830942,
    0.06731743538779589,
    0.06731743538779589,
    0.07031684702519014,
    0.07031684702519014,
    0.0797962333274293,
    0.0797962333274293,
    0.09033438107177605,
    0.09033438107177605,
    0.09121944177609781,
    0.09121944177609781,
    0.10930037723112573,
    0.10930037723112573,
    0.3169561502262693,
    0.3169561502262693,
    0.32324307304229033,
    0.32324307304229033,
    0.3583689545190731,
    0.3583689545190731,
    0.379138366759284,
    0.379138366759284,
    0.39019394467023255,
    0.39019394467023255,
    0.4127541774607919,
    0.4127541774607919,
    "inf"
  ],
  "clusters": [
    40,
    40,
    39,
    39,
    38,
    38,
    37,
    37,
    36,
    36,
    35,
    35,
    34,
    34,
    33,
    33,
    32,
    32,
    31,
    31,
    30,
    30,
    29,
    29,
    28,
    28,
    27,
    27,
    26,
    26,
    25,
    25,
    24,
    24,
    23,
    23,
    22,
    22,
    21,
    21,
    20,
    20,
    19,
    19,
    18,
    18,
    17,
    17,
    16,
    16,
    15,
    15,
    14,
    14,
    13,
    13,
    12,
    12,
    11,
    11,
    10,
    10,
    9,
    9,
    8,
    8,
    7,
    7,
    6,
    6,
    5,
    5,
    4,
    4,
    3,
    3,
    2,
    2,
    1,
    1
  ]
}
