{
  "info": {
    "datafile": "dataset/points/points_15000.png",
    "histogram resolution": [
      40,
      40
    ],
    "time_load (ms)": 19.761,
    "time histogram (ms)": 3700.786,
    "time MT (ms)": 22.616
  },
  "threshold": [
    0,
    9.61168803840784e-05,
    9.61168803840784e-05,
    0.00014646822718039632,
    0.00014646822718039632,
    0.00023602033768221897,
    0.00023602033768221897,
    0.0002719541942333148,
    0.0002719541942333148,
    0.0014832465536424033,
    0.0014832465536424033,
    0.004748174034120922,
    0.004748174034120922,
    0.0062012350908561276,
    0.0062012350908561276,
    0.006330144609070165,
    0.006330144609070165,
    0.0065177924410351196,
    0.0065177924410351196,
    0.006613406787678522,
    0.006613406787678522,
    0.007118020294210159,
    0.007118020294210159,
    0.0076912035788957445,
    0.0076912035788957445,
    0.007852749068143872,
    0.007852749068143872,
    0.00823275608800611,
    0.00823275608800611,
    0.008256440149054078,
    0.008256440149054078,
    0.012658593144413866,
    0.012658593144413866,
    0.01331162271549069,
    0.01331162271549069,
    0.013667820274481823,
    0.013667820274481823,
    0.015283149390614648,
    0.015283149390614648,
    0.01726428777755007,
    0.01726428777755007,
    0.018560703492810637,
    0.018560703492810637,
    0.019273695809876257,
    0.019273695809876257,
    0.020713187566976654,
    0.020713187566976654,
    0.0207278877934452,
    0.0207278877934452,
    0.02178093288832461,
    0.02178093288832461,
    0.022070006080171456,
    0.022070006080171456,
    0.02339484862373309,
    0.02339484862373309,
    0.03630164937659208,
    0.03630164937659208,
    0.037182532194754814,
    0.037182532194754814,
    0.03903893874765402,
    0.03903893874765402,
    0.03950799537128141,
    0.03950799537128141,
    0.040760341677234635,
    0.040760341677234635,
    0.04416005172704446,
    0.04416005172704446,
    0.05123990842197873,
    0.05123990842197873,
    0.053494917312895685,
    0.053494917312895685,
    0.05539667956083111,
    0.05539667956083111,
    0.05672017245085237,
    0.05672017245085237,
    0.0689893662221539,
    0.0689893662221539,
    0.28272949523940216,
    0.28272949523940216,
    0.3207841142865092,
    0.3207841142865092,
    0.33058439249026716,
    0.33058439249026716,
    0.3438292976831744,
    0.3438292976831744,
    0.3439966535496213,
    0.3439966535496213,
    0.354826199514171,
    0.354826199514171,
    "inf"
  ],
  "clusters": [
    45,
    45,
    44,
    44,
    43,
    43,
    42,
    42,
    41,
    41,
    40,
    40,
    39,
    39,
    38,
    38,
    37,
    37,
    36,
    36,
    35,
    35,
    34,
    34,
    33,
    33,
    32,
    32,
    31,
    31,
    30,
    30,
    29,
    29,
    28,
    28,
    27,
    27,
    26,
    26,
    25,
    25,
    24,
    24,
    23,
    23,
    22,
    22,
    21,
    21,
    20,
    20,
    19,
    19,
    18,
    18,
    17,
    17,
    16,
    16,
    15,
    15,
    14,
    14,
    13,
    13,
    12,
    12,
    11,
    11,
    10,
    10,
    9,
    9,
    8,
    8,
    7,
    7,
    6,
    6,
    5,
    5,
    4,
    4,
    3,
    3,
    2,
    2,
    1,
    1
  ]
}
