{
  "info": {
    "datafile": "dataset/points/points_9000.png",
    "histogram resolution": [
      40,
      40
    ],
    "time_load (ms)": 18.028,
    "time histogram (ms)": 3047.429,
    "time MT (ms)": 23.587
  },
  "threshold": [
    0,
    0.002371951275653761,
    0.002371951275653761,
    0.0029835811286580416,
    0.0029835811286580416,
    0.0030431669381191795,
    0.0030431669381191795,
    0.003465798817380239,
    0.003465798817380239,
    0.004456430724757543,
    0.004456430724757543,
    0.004863702646408563,
    0.004863702646408563,
    0.004954825160509546,
    0.004954825160509546,
    0.010832372479889496,
    0.010832372479889496,
    0.011475224665692674,
    0.011475224665692674,
    0.01298670975766919,
    0.01298670975766919,
    0.014962194252339245,
    0.014962194252339245,
    0.017198136234505557,
    0.017198136234505557,
    0.022271411284692122,
    0.022271411284692122,
    0.022856593621648158,
    0.022856593621648158,
    0.025311532415312143,
    0.025311532415312143,
    0.02586392054711323,
    0.02586392054711323,
    0.028854286967241793,
    0.028854286967241793,
    0.031731573399961965,
    0.031731573399961965,
    0.03292681564667693,
    0.03292681564667693,
    0.036432034863069784,
    0.036432034863069784,
    0.038552480187111826,
    0.038552480187111826,
    0.03968138242184338,
    0.03968138242184338,
    0.04251635921346725,
    0.04251635921346725,
    0.04945741131378134,
    0.04945741131378134,
    0.05129544272009906,
    0.05129544272009906,
    0.05429077106060709,
    0.05429077106060709,
    0.0630911197524755,
    0.0630911197524755,
    0.06324151379965037,
    0.06324151379965037,
    0.06326412956467742,
    0.06326412956467742,
    0.0655426341907272,
    0.0655426341907272,
    0.0695609160257995,
    0.0695609160257995,
    0.07186819196636596,
    0.07186819196636596,
    0.07442556125742428,
    0.07442556125742428,
    0.08249711710503138,
    0.08249711710503138,
    0.09477711608075418,
    0.09477711608075418,
    0.10844415142869568,
    0.10844415142869568,
    0.12148212367787448,
    0.12148212367787448,
    0.1287581711555557,
    0.1287581711555557,
    0.13701404565102032,
    0.13701404565102032,
    0.1404956439143495,
    0.1404956439143495,
    0.3346099937295717,
    0.3346099937295717,
    0.35700692176873094,
    0.35700692176873094,
    0.3805074976282377,
    0.3805074976282377,
    0.38323561603409867,
    0.38323561603409867,
    0.4701891319323793,
    0.4701891319323793,
    0.48362382127110054,
    0.48362382127110054,
    "inf"
  ],
  "clusters": [
    47,
    47,
    46,
    46,
    45,
    45,
    44,
    44,
    43,
    43,
    42,
    42,
    41,
    41,
    40,
    40,
    39,
    39,
    38,
    38,
    37,
    37,
    36,
    36,
    35,
    35,
    34,
    34,
    33,
    33,
    32,
    32,
    31,
    31,
    30,
    30,
    29,
    29,
    28,
    28,
    27,
    27,
    26,
    26,
    25,
    25,
    24,
    24,
    23,
    23,
    22,
    22,
    21,
    21,
    20,
    20,
    19,
    19,
    18,
    18,
    17,
    17,
    16,
    16,
    15,
    15,
    14,
    14,
    13,
    13,
    12,
    12,
    11,
    11,
    10,
    10,
    9,
    9,
    8,
    8,
    7,
    7,
    6,
    6,
    5,
    5,
    4,
    4,
    3,
    3,
    2,
    2,
    1,
    1
  ]
}
