{
  "info": {
    "datafile": "dataset/points/points_24000.png",
    "histogram resolution": [
      40,
      40
    ],
    "time_load (ms)": 17.827,
    "time histogram (ms)": 2915.627,
    "time MT (ms)": 23.009
  },
  "threshold": [
    0,
    1.9223376761634547e-05,
    1.9223376761634547e-05,
    4.805844076272159e-05,
    4.805844076272159e-05,
    0.00016679105200106958,
    0.00016679105200106958,
    0.00017301039085448888,
    0.00017301039085448888,
    0.0002114573406858944,
    0.0002114573406858944,
    0.00022219961029479318,
    0.00022219961029479318,
    0.0002883506445762185,
    0.0002883506445762185,
    0.0002883506445762185,
    0.0002883506445762185,
    0.0003765520211115869,
    0.0003765520211115869,
    0.000633806054267716,
    0.000633806054267716,
    0.0006468100591445758,
    0.0006468100591445758,
    0.0007534495347903958,
    0.0007534495347903958,
    0.0008073818080090445,
    0.0008073818080090445,
    0.0010685935651941758,
    0.0010685935651941758,
    0.0013184032264959011,
    0.0013184032264959011,
    0.0014449571363814862,
    0.0014449571363814862,
    0.0017875855018439357,
    0.0017875855018439357,
    0.004584241192787886,
    0.004584241192787886,
    0.0050381264472552645,
    0.0050381264472552645,
    0.006218196871725923,
    0.006218196871725923,
    0.007752925718930492,
    0.007752925718930492,
    0.008039800152386645,
    0.008039800152386645,
    0.008250566218317157,
    0.008250566218317157,
    0.008691227599288809,
    0.008691227599288809,
    0.0099362238752575,
    0.0099362238752575,
    0.010201142019812481,
    0.010201142019812481,
    0.010624307487321072,
    0.010624307487321072,
    0.011351403497232515,
    0.011351403497232515,
    0.012850826902899404,
    0.012850826902899404,
    0.013691409885122074,
    0.013691409885122074,
    0.014013369723763158,
    0.014013369723763158,
    0.014095257838807718,
    0.014095257838807718,
    0.028143022402290108,
    0.028143022402290108,
    0.0354727820013655,
    0.0354727820013655,
    0.14395481594403153,
    0.14395481594403153,
    0.16385044300855667,
    0.16385044300855667,
    0.18845316068338297,
    0.18845316068338297,
    0.20763168217815164,
    0.20763168217815164,
    0.22661583286632475,
    0.22661583286632475,
    0.3341887742463573,
    0.3341887742463573,
    "inf"
  ],
  "clusters": [
    41,
    41,
    40,
    40,
    39,
    39,
    38,
    38,
    37,
    37,
    36,
    36,
    35,
    35,
    34,
    34,
    33,
    33,
    32,
    32,
    31,
    31,
    30,
    30,
    29,
    29,
    28,
    28,
    27,
    27,
    26,
    26,
    25,
    25,
    24,
    24,
    23,
    23,
    22,
    22,
    21,
    21,
    20,
    20,
    19,
    19,
    18,
    18,
    17,
    17,
    16,
    16,
    15,
    15,
    14,
    14,
    13,
    13,
    12,
    12,
    11,
    11,
    10,
    10,
    9,
    9,
    8,
    8,
    7,
    7,
    6,
    6,
    5,
    5,
    4,
    4,
    3,
    3,
    2,
    2,
    1,
    1
  ]
}
