{
  "info": {
    "datafile": "dataset/points/points_32000.png",
    "histogram resolution": [
      40,
      40
    ],
    "time_load (ms)": 17.449,
    "time histogram (ms)": 2869.345,
    "time MT (ms)": 22.237
  },
  "threshold": [
    0,
    1.174761799077606e-05,
    1.174761799077606e-05,
    2.7233117078973024e-05,
    2.7233117078973024e-05,
    6.106248847287388e-05,
    6.106248847287388e-05,
    7.262164554383554e-05,
    7.262164554383554e-05,
    9.611688266675245e-05,
    9.611688266675245e-05,
    9.985475938906196e-05,
    9.985475938906196e-05,
    0.0001028701906463092,
    0.0001028701906463092,
    0.00011534025600434816,
    0.00011534025600434816,
    0.00022389578784470787,
    0.00022389578784470787,
    0.00024029220381349692,
    0.00024029220381349692,
    0.0002442499551000288,
    0.0002442499551000288,
    0.00032679739632401894,
    0.00032679739632401894,
    0.0006004478065393948,
    0.0006004478065393948,
    0.0006247597299151031,
    0.0006247597299151031,
    0.0006247597436110364,
    0.0006247597436110364,
    0.0010530138399055256,
    0.0010530138399055256,
    0.0016181559372809295,
    0.0016181559372809295,
    0.001631725214409907,
    0.001631725214409907,
    0.0019630459342699913,
    0.0019630459342699913,
    0.0023778248370335264,
    0.0023778248370335264,
    0.004950019350622337,
    0.004950019350622337,
    0.006026528361390393,
    0.006026528361390393,
    0.006154684350972439,
    0.006154684350972439,
    0.012380356606767173,
    0.012380356606767173,
    0.013260737187986427,
    0.013260737187986427,
    0.049839428531740726,
    0.049839428531740726,
    0.09888052180970158,
    0.09888052180970158,
    0.1389070461025565,
    0.1389070461025565,
    0.13946559079397725,
    0.13946559079397725,
    0.1721496024703676,
    0.1721496024703676,
    0.1804284688723446,
    0.1804284688723446,
    0.26206266950911783,
    0.26206266950911783,
    "inf"
  ],
  "clusters": [
    33,
    33,
    32,
    32,
    31,
    31,
    30,
    30,
    29,
    29,
    28,
    28,
    27,
    27,
    26,
    26,
    25,
    25,
    24,
    24,
    23,
    23,
    22,
    22,
    21,
    21,
    20,
    20,
    19,
    19,
    18,
    18,
    17,
    17,
    16,
    16,
    15,
    15,
    14,
    14,
    13,
    13,
    12,
    12,
    11,
    11,
    10,
    10,
    9,
    9,
    8,
    8,
    7,
    7,
    6,
    6,
    5,
    5,
    4,
    4,
    3,
    3,
    2,
    2,
    1,
    1
  ]
}
