{
  "info": {
    "datafile": "dataset/points/points_54000.png",
    "histogram resolution": [
      40,
      40
    ],
    "time_load (ms)": 17.863,
    "time histogram (ms)": 2972.897,
    "time MT (ms)": 22.029
  },
  "threshold": [
    0,
    1.815541138594501e-05,
    1.815541138594501e-05,
    1.9223376761634547e-05,
    1.9223376761634547e-05,
    8.141665210281701e-05,
    8.141665210281701e-05,
    0.0004172603338699066,
    0.0004172603338699066,
    0.002994040884016669,
    0.002994040884016669,
    0.028349673427227495,
    0.028349673427227495,
    0.050538255463299486,
    0.050538255463299486,
    0.05756172928657316,
    0.05756172928657316,
    0.07851787855136483,
    0.07851787855136483,
    0.09924067809776055,
    0.09924067809776055,
    0.14853902478866715,
    0.14853902478866715,
    "inf"
  ],
  "clusters": [
    12,
    12,
    11,
    11,
    10,
    10,
    9,
    9,
    8,
    8,
    7,
    7,
    6,
    6,
    5,
    5,
    4,
    4,
    3,
    3,
    2,
    2,
    1,
    1
  ]
}
