{
  "info": {
    "datafile": "dataset/points/points_37000.png",
    "histogram resolution": [
      40,
      40
    ],
    "time_load (ms)": 16.897,
    "time histogram (ms)": 3064.452,
    "time MT (ms)": 22.209
  },
  "threshold": [
    0,
    1.0177081814943811e-05,
    1.0177081814943811e-05,
    1.9223376761634547e-05,
    1.9223376761634547e-05,
    1.9223376761634547e-05,
    1.9223376761634547e-05,
    2.7233116001001978e-05,
    2.7233116001001978e-05,
    2.7233117078973024e-05,
    2.7233117078973024e-05,
    4.805844076272159e-05,
    4.805844076272159e-05,
    5.088540786640783e-05,
    5.088540786640783e-05,
    9.985475938906196e-05,
    9.985475938906196e-05,
    0.00013456363048330866,
    0.00013456363048330866,
    0.00017301038857181483,
    0.00017301038857181483,
    0.00029048657786379106,
    0.00029048657786379106,
    0.000567089599630255,
    0.000567089599630255,
    0.0011710239697195757,
    0.0011710239697195757,
    0.0013616558172981352,
    0.0013616558172981352,
    0.003056516793246089,
    0.003056516793246089,
    0.004950019350622337,
    0.004950019350622337,
    0.00822308177054315,
    0.00822308177054315,
    0.009269939094867063,
    0.009269939094867063,
    0.026353551914073237,
    0.026353551914073237,
    0.09676368886952941,
    0.09676368886952941,
    0.12320261497014001,
    0.12320261497014001,
    0.13163580356545196,
    0.13163580356545196,
    0.13544844036180248,
    0.13544844036180248,
    0.16029411945583333,
    0.16029411945583333,
    0.2448911068132824,
    0.2448911068132824,
    "inf"
  ],
  "clusters": [
    26,
    26,
    25,
    25,
    24,
    24,
    23,
    23,
    22,
    22,
    21,
    21,
    20,
    20,
    19,
    19,
    18,
    18,
    17,
    17,
    16,
    16,
    15,
    15,
    14,
    14,
    13,
    13,
    12,
    12,
    11,
    11,
    10,
    10,
    9,
    9,
    8,
    8,
    7,
    7,
    6,
    6,
    5,
    5,
    4,
    4,
    3,
    3,
    2,
    2,
    1,
    1
  ]
}
