{
  "info": {
    "datafile": "dataset/points/points_22000.png",
    "histogram resolution": [
      40,
      40
    ],
    "time_load (ms)": 19.646,
    "time histogram (ms)": 3167.206,
    "time MT (ms)": 25.493
  },
  "threshold": [
    0,
    1.0177081814943811e-05,
    1.0177081814943811e-05,
    1.9223376761634547e-05,
    1.9223376761634547e-05,
    0.00010064002792448123,
    0.00010064002792448123,
    0.00015017484151763627,
    0.00015017484151763627,
    0.00016980649314235485,
    0.00016980649314235485,
    0.0002510346720132617,
    0.0002510346720132617,
    0.0002691273149894591,
    0.0002691273149894591,
    0.00031718569944666486,
    0.00031718569944666486,
    0.0003364090853388846,
    0.0003364090853388846,
    0.0003364090853388846,
    0.0003364090853388846,
    0.0005331660024424645,
    0.0005331660024424645,
    0.000730488287266684,
    0.000730488287266684,
    0.0009515571713849535,
    0.0009515571713849535,
    0.0010188389523868024,
    0.0010188389523868024,
    0.001198257113746548,
    0.001198257113746548,
    0.0017701525767161441,
    0.0017701525767161441,
    0.002320374583722362,
    0.002320374583722362,
    0.0023511256968722916,
    0.0023511256968722916,
    0.004305533734109468,
    0.004305533734109468,
    0.004584241192787886,
    0.004584241192787886,
    0.006218196871725923,
    0.006218196871725923,
    0.007640977822591211,
    0.007640977822591211,
    0.008250566218317157,
    0.008250566218317157,
    0.008958093246773768,
    0.008958093246773768,
    0.013671055721492131,
    0.013671055721492131,
    0.013761675677403495,
    0.013761675677403495,
    0.014023546805578102,
    0.014023546805578102,
    0.01411335026341004,
    0.01411335026341004,
    0.021402402279840527,
    0.021402402279840527,
    0.027508651162041153,
    0.027508651162041153,
    0.03240948052128356,
    0.03240948052128356,
    0.03277585592906118,
    0.03277585592906118,
    0.03349673278018028,
    0.03349673278018028,
    0.049267250759314374,
    0.049267250759314374,
    0.16447520336620142,
    0.16447520336620142,
    0.19878892868291587,
    0.19878892868291587,
    0.2572167771264773,
    0.2572167771264773,
    0.26826434419274814,
    0.26826434419274814,
    0.29989106966079104,
    0.29989106966079104,
    0.3369184935867202,
    0.3369184935867202,
    "inf"
  ],
  "clusters": [
    41,
    41,
    40,
    40,
    39,
    39,
    38,
    38,
    37,
    37,
    36,
    36,
    35,
    35,
    34,
    34,
    33,
    33,
    32,
    32,
    31,
    31,
    30,
    30,
    29,
    29,
    28,
    28,
    27,
    27,
    26,
    26,
    25,
    25,
    24,
    24,
    23,
    23,
    22,
    22,
    21,
    21,
    20,
    20,
    19,
    19,
    18,
    18,
    17,
    17,
    16,
    16,
    15,
    15,
    14,
    14,
    13,
    13,
    12,
    12,
    11,
    11,
    10,
    10,
    9,
    9,
    8,
    8,
    7,
    7,
    6,
    6,
    5,
    5,
    4,
    4,
    3,
    3,
    2,
    2,
    1,
    1
  ]
}
