{
  "info": {
    "datafile": "dataset/points/points_4500.png",
    "histogram resolution": [
      40,
      40
    ],
    "time_load (ms)": 17.644,
    "time histogram (ms)": 3045.913,
    "time MT (ms)": 23.235
  },
  "threshold": [
    0,
    0.003616130099203696,
    0.003616130099203696,
    0.004823371354434669,
    0.004823371354434669,
    0.008613203006614945,
    0.008613203006614945,
    0.017006311636295457,
    0.017006311636295457,
    0.019809688724504393,
    0.019809688724504393,
    0.022760477145293778,
    0.022760477145293778,
    0.03918845302649532,
    0.03918845302649532,
    0.04035253537979083,
    0.04035253537979083,
    0.042996409076142605,
    0.042996409076142605,
    0.04801996141963005,
    0.04801996141963005,
    0.05000267020608795,
    0.05000267020608795,
    0.050663207251322895,
    0.050663207251322895,
    0.0539634079048561,
    0.0539634079048561,
    0.06386966623914786,
    0.06386966623914786,
    0.06430162662922728,
    0.06430162662922728,
    0.06711276141027545,
    0.06711276141027545,
    0.06805527358446939,
    0.06805527358446939,
    0.07521145773467192,
    0.07521145773467192,
    0.08610096512629184,
    0.08610096512629184,
    0.0892162206313879,
    0.0892162206313879,
    0.09180236163027666,
    0.09180236163027666,
    0.1012229461973746,
    0.1012229461973746,
    0.11500497627936224,
    0.11500497627936224,
    0.12076872236702552,
    0.12076872236702552,
    0.1227065448835391,
    0.1227065448835391,
    0.13297091590051535,
    0.13297091590051535,
    0.13573625633337844,
    0.13573625633337844,
    0.1359359648470282,
    0.1359359648470282,
    0.1414071516634634,
    0.1414071516634634,
    0.17446174589442276,
    0.17446174589442276,
    0.17467094221041723,
    0.17467094221041723,
    0.1778388405148898,
    0.1778388405148898,
    0.18434095818924512,
    0.18434095818924512,
    0.21986201986485848,
    0.21986201986485848,
    0.23686763869543193,
    0.23686763869543193,
    0.24993378672422134,
    0.24993378672422134,
    0.265901471076032,
    0.265901471076032,
    0.2733750913143416,
    0.2733750913143416,
    0.375305972566264,
    0.375305972566264,
    0.4334148438132636,
    0.4334148438132636,
    0.4375768936442593,
    0.4375768936442593,
    0.45842888622398076,
    0.45842888622398076,
    0.48839812785319364,
    0.48839812785319364,
    0.5048346784280832,
    0.5048346784280832,
    "inf"
  ],
  "clusters": [
    45,
    45,
    44,
    44,
    43,
    43,
    42,
    42,
    41,
    41,
    40,
    40,
    39,
    39,
    38,
    38,
    37,
    37,
    36,
    36,
    35,
    35,
    34,
    34,
    33,
    33,
    32,
    32,
    31,
    31,
    30,
    30,
    29,
    29,
    28,
    28,
    27,
    27,
    26,
    26,
    25,
    25,
    24,
    24,
    23,
    23,
    22,
    22,
    21,
    21,
    20,
    20,
    19,
    19,
    18,
    18,
    17,
    17,
    16,
    16,
    15,
    15,
    14,
    14,
    13,
    13,
    12,
    12,
    11,
    11,
    10,
    10,
    9,
    9,
    8,
    8,
    7,
    7,
    6,
    6,
    5,
    5,
    4,
    4,
    3,
    3,
    2,
    2,
    1,
    1
  ]
}
