{
  "info": {
    "datafile": "dataset/points/points_66500.png",
    "histogram resolution": [
      40,
      40
    ],
    "time_load (ms)": 18.501,
    "time histogram (ms)": 2946.269,
    "time MT (ms)": 24.23
  },
  "threshold": [
    0,
    0.0025503012957355797,
    0.0025503012957355797,
    0.02599854819278269,
    0.02599854819278269,
    0.028349673427227495,
    0.028349673427227495,
    0.03388120008258183,
    0.03388120008258183,
    0.045271050130181456,
    0.045271050130181456,
    0.07402808979881936,
    0.07402808979881936,
    0.0900230691505724,
    0.0900230691505724,
    "inf"
  ],
  "clusters": [
    8,
    8,
    7,
    7,
    6,
    6,
    5,
    5,
    4,
    4,
    3,
    3,
    2,
    2,
    1,
    1
  ]
}
