{
  "info": {
    "datafile": "dataset/points/points_30000.png",
    "histogram resolution": [
      40,
      40
    ],
    "time_load (ms)": 19.557,
    "time histogram (ms)": 3127.639,
    "time MT (ms)": 23.33
  },
  "threshold": [
    0,
    1.9223376761634547e-05,
    1.9223376761634547e-05,
    2.7233116001001978e-05,
    2.7233116001001978e-05,
    2.7233117078973024e-05,
    2.7233117078973024e-05,
    2.883506514239631e-05,
    2.883506514239631e-05,
    7.262164554383554e-05,
    7.262164554383554e-05,
    9.985475938906196e-05,
    9.985475938906196e-05,
    0.00012495194324385617,
    0.00012495194324385617,
    0.00018102012578224969,
    0.00018102012578224969,
    0.00023068051200869633,
    0.00023068051200869633,
    0.00025442703570655034,
    0.00025442703570655034,
    0.0004058268358971273,
    0.0004058268358971273,
    0.0006004478065393948,
    0.0006004478065393948,
    0.0006247597299151031,
    0.0006247597299151031,
    0.0006564217630339875,
    0.0006564217630339875,
    0.0006717502083457005,
    0.0006717502083457005,
    0.0008784014907156634,
    0.0008784014907156634,
    0.0009973539973232026,
    0.0009973539973232026,
    0.001076509107780843,
    0.001076509107780843,
    0.0010984023662146125,
    0.0010984023662146125,
    0.0017108804747170137,
    0.0017108804747170137,
    0.001862405893589436,
    0.001862405893589436,
    0.0018646674773966088,
    0.0018646674773966088,
    0.002544270393319392,
    0.002544270393319392,
    0.002971707769124976,
    0.002971707769124976,
    0.002996584969049587,
    0.002996584969049587,
    0.004858425615496043,
    0.004858425615496043,
    0.01070742051610174,
    0.01070742051610174,
    0.012183945215963388,
    0.012183945215963388,
    0.013372685077074897,
    0.013372685077074897,
    0.016267248008969337,
    0.016267248008969337,
    0.05317468422868116,
    0.05317468422868116,
    0.10794830126816785,
    0.10794830126816785,
    0.14379992916602297,
    0.14379992916602297,
    0.1439158023373845,
    0.1439158023373845,
    0.18298731430652826,
    0.18298731430652826,
    0.22302106157359147,
    0.22302106157359147,
    0.2633506356893728,
    0.2633506356893728,
    "inf"
  ],
  "clusters": [
    38,
    38,
    37,
    37,
    36,
    36,
    35,
    35,
    34,
    34,
    33,
    33,
    32,
    32,
    31,
    31,
    30,
    30,
    29,
    29,
    28,
    28,
    27,
    27,
    26,
    26,
    25,
    25,
    24,
    24,
    23,
    23,
    22,
    22,
    21,
    21,
    20,
    20,
    19,
    19,
    18,
    18,
    17,
    17,
    16,
    16,
    15,
    15,
    14,
    14,
    13,
    13,
    12,
    12,
    11,
    11,
    10,
    10,
    9,
    9,
    8,
    8,
    7,
    7,
    6,
    6,
    5,
    5,
    4,
    4,
    3,
    3,
    2,
    2,
    1,
    1
  ]
}
