{
  "info": {
    "datafile": "dataset/points/points_70000.png",
    "histogram resolution": [
      40,
      40
    ],
    "time_load (ms)": 20.32,
    "time histogram (ms)": 3137.538,
    "time MT (ms)": 23.026
  },
  "threshold": [
    0,
    0.0007112649139290883,
    0.0007112649139290883,
    0.00355792652741016,
    0.00355792652741016,
    0.02492737898245212,
    0.02492737898245212,
    0.02798656520813153,
    0.02798656520813153,
    0.027986974137993115,
    0.027986974137993115,
    0.04124375309466438,
    0.04124375309466438,
    0.04962781534198224,
    0.04962781534198224,
    0.0900230691505724,
    0.0900230691505724,
    "inf"
  ],
  "clusters": [
    9,
    9,
    8,
    8,
    7,
    7,
    6,
    6,
    5,
    5,
    4,
    4,
    3,
    3,
    2,
    2,
    1,
    1
  ]
}
