{
  "info": {
    "datafile": "dataset/points/points_18500.png",
    "histogram resolution": [
      40,
      40
    ],
    "time_load (ms)": 17.356,
    "time histogram (ms)": 3283.265,
    "time MT (ms)": 23.08
  },
  "threshold": [
    0,
    3.8446753523213584e-05,
    3.8446753523213584e-05,
    0.00025951557715114815,
    0.00025951557715114815,
    0.0003092702115094492,
    0.0003092702115094492,
    0.0003533708815158798,
    0.0003533708815158798,
    0.0004506814202257514,
    0.0004506814202257514,
    0.0006824298590585864,
    0.0006824298590585864,
    0.0014762106261120844,
    0.0014762106261120844,
    0.0019647421096715134,
    0.0019647421096715134,
    0.0024894267784414392,
    0.0024894267784414392,
    0.0030282471655795895,
    0.0030282471655795895,
    0.0032086078528177353,
    0.0032086078528177353,
    0.003865029336696635,
    0.003865029336696635,
    0.00463377595766945,
    0.00463377595766945,
    0.005216947879855327,
    0.005216947879855327,
    0.005345166403793178,
    0.005345166403793178,
    0.005517925632454901,
    0.005517925632454901,
    0.005777723844960059,
    0.005777723844960059,
    0.006584571804980177,
    0.006584571804980177,
    0.00681864463596904,
    0.00681864463596904,
    0.007583621893918091,
    0.007583621893918091,
    0.007824228244802,
    0.007824228244802,
    0.008006535972669426,
    0.008006535972669426,
    0.009707804910802087,
    0.009707804910802087,
    0.01085872580326086,
    0.01085872580326086,
    0.012639369653519583,
    0.012639369653519583,
    0.013646335414886857,
    0.013646335414886857,
    0.015830450093227533,
    0.015830450093227533,
    0.02355542038368641,
    0.02355542038368641,
    0.02941176532381007,
    0.02941176532381007,
    0.03755229940523008,
    0.03755229940523008,
    0.03822621687302469,
    0.03822621687302469,
    0.03826356363604155,
    0.03826356363604155,
    0.038897967063426186,
    0.038897967063426186,
    0.04088190118555296,
    0.04088190118555296,
    0.051333198364127974,
    0.051333198364127974,
    0.19148404658178564,
    0.19148404658178564,
    0.22384659880452662,
    0.22384659880452662,
    0.30406681340644826,
    0.30406681340644826,
    0.3058823547371682,
    0.3058823547371682,
    0.31941721331612727,
    0.31941721331612727,
    0.3447904659106451,
    0.3447904659106451,
    "inf"
  ],
  "clusters": [
    42,
    42,
    41,
    41,
    40,
    40,
    39,
    39,
    38,
    38,
    37,
    37,
    36,
    36,
    35,
    35,
    34,
    34,
    33,
    33,
    32,
    32,
    31,
    31,
    30,
    30,
    29,
    29,
    28,
    28,
    27,
    27,
    26,
    26,
    25,
    25,
    24,
    24,
    23,
    23,
    22,
    22,
    21,
    21,
    20,
    20,
    19,
    19,
    18,
    18,
    17,
    17,
    16,
    16,
    15,
    15,
    14,
    14,
    13,
    13,
    12,
    12,
    11,
    11,
    10,
    10,
    9,
    9,
    8,
    8,
    7,
    7,
    6,
    6,
    5,
    5,
    4,
    4,
    3,
    3,
    2,
    2,
    1,
    1
  ]
}
