{
  "info": {
    "datafile": "dataset/points/points_5000.png",
    "histogram resolution": [
      40,
      40
    ],
    "time_load (ms)": 17.549,
    "time histogram (ms)": 3112.348,
    "time MT (ms)": 21.621
  },
  "threshold": [
    0,
    0.005699731718849244,
    0.005699731718849244,
    0.014763553005953667,
    0.014763553005953667,
    0.01600798371601353,
    0.01600798371601353,
    0.021215131268293774,
    0.021215131268293774,
    0.0218767664884566,
    0.0218767664884566,
    0.022112222341655774,
    0.022112222341655774,
    0.022940303824731167,
    0.022940303824731167,
    0.02945982348004672,
    0.02945982348004672,
    0.0313069634190562,
    0.0313069634190562,
    0.03627394480674262,
    0.03627394480674262,
    0.04712396937606078,
    0.04712396937606078,
    0.04898116193876112,
    0.04898116193876112,
    0.052402922282150655,
    0.052402922282150655,
    0.058172604520571825,
    0.058172604520571825,
    0.06059302255909721,
    0.06059302255909721,
    0.06214285985366669,
    0.06214285985366669,
    0.06345102315553525,
    0.06345102315553525,
    0.06430162662922728,
    0.06430162662922728,
    0.06791392561921583,
    0.06791392561921583,
    0.07284965183081671,
    0.07284965183081671,
    0.07370801369376612,
    0.07370801369376612,
    0.07571126552966811,
    0.07571126552966811,
    0.09888130719562965,
    0.09888130719562965,
    0.1048117178438479,
    0.1048117178438479,
    0.10945896904553898,
    0.10945896904553898,
    0.12142841023589818,
    0.12142841023589818,
    0.1262505888043089,
    0.1262505888043089,
    0.13151672456240027,
    0.13151672456240027,
    0.14371235489673817,
    0.14371235489673817,
    0.14930742465909203,
    0.14930742465909203,
    0.15530313967200426,
    0.15530313967200426,
    0.1705799109081983,
    0.1705799109081983,
    0.1786946259130326,
    0.1786946259130326,
    0.18250277140830357,
    0.18250277140830357,
    0.23622475591643405,
    0.23622475591643405,
    0.24255376945197638,
    0.24255376945197638,
    0.27150508425310604,
    0.27150508425310604,
    0.2768064640102373,
    0.2768064640102373,
    0.3965189673629445,
    0.3965189673629445,
    0.41962706793253784,
    0.41962706793253784,
    0.45062475990476636,
    0.45062475990476636,
    0.4587279468417687,
    0.4587279468417687,
    0.4642290368849667,
    0.4642290368849667,
    0.48718705562355846,
    0.48718705562355846,
    "inf"
  ],
  "clusters": [
    45,
    45,
    44,
    44,
    43,
    43,
    42,
    42,
    41,
    41,
    40,
    40,
    39,
    39,
    38,
    38,
    37,
    37,
    36,
    36,
    35,
    35,
    34,
    34,
    33,
    33,
    32,
    32,
    31,
    31,
    30,
    30,
    29,
    29,
    28,
    28,
    27,
    27,
    26,
    26,
    25,
    25,
    24,
    24,
    23,
    23,
    22,
    22,
    21,
    21,
    20,
    20,
    19,
    19,
    18,
    18,
    17,
    17,
    16,
    16,
    15,
    15,
    14,
    14,
    13,
    13,
    12,
    12,
    11,
    11,
    10,
    10,
    9,
    9,
    8,
    8,
    7,
    7,
    6,
    6,
    5,
    5,
    4,
    4,
    3,
    3,
    2,
    2,
    1,
    1
  ]
}
