{
  "info": {
    "datafile": "dataset/points/points_37500.png",
    "histogram resolution": [
      40,
      40
    ],
    "time_load (ms)": 18.023,
    "time histogram (ms)": 3004.473,
    "time MT (ms)": 23.37
  },
  "threshold": [
    0,
    1.0177081814943811e-05,
    1.0177081814943811e-05,
    1.815541138594501e-05,
    1.815541138594501e-05,
    1.9223376761634547e-05,
    1.9223376761634547e-05,
    1.9223376761634547e-05,
    1.9223376761634547e-05,
    2.7233116001001978e-05,
    2.7233116001001978e-05,
    4.805844076272159e-05,
    4.805844076272159e-05,
    4.805844190403086e-05,
    4.805844190403086e-05,
    5.088540786640783e-05,
    5.088540786640783e-05,
    9.985475938906196e-05,
    9.985475938906196e-05,
    0.00012495194324385617,
    0.00012495194324385617,
    0.00017301038857181483,
    0.00017301038857181483,
    0.00029048657786379106,
    0.00029048657786379106,
    0.000567089599630255,
    0.000567089599630255,
    0.0007080610332734771,
    0.0007080610332734771,
    0.0021371870844666963,
    0.0021371870844666963,
    0.003056516793246089,
    0.003056516793246089,
    0.004950019350622337,
    0.004950019350622337,
    0.009269939094867063,
    0.009269939094867063,
    0.026353551914073237,
    0.026353551914073237,
    0.095766334895167,
    0.095766334895167,
    0.10827886811630044,
    0.10827886811630044,
    0.12308727471527697,
    0.12308727471527697,
    0.13544844036180248,
    0.13544844036180248,
    0.16029411945583333,
    0.16029411945583333,
    0.2448911068132824,
    0.2448911068132824,
    "inf"
  ],
  "clusters": [
    26,
    26,
    25,
    25,
    24,
    24,
    23,
    23,
    22,
    22,
    21,
    21,
    20,
    20,
    19,
    19,
    18,
    18,
    17,
    17,
    16,
    16,
    15,
    15,
    14,
    14,
    13,
    13,
    12,
    12,
    11,
    11,
    10,
    10,
    9,
    9,
    8,
    8,
    7,
    7,
    6,
    6,
    5,
    5,
    4,
    4,
    3,
    3,
    2,
    2,
    1,
    1
  ]
}
