{
  "info": {
    "datafile": "dataset/points/points_6500.png",
    "histogram resolution": [
      40,
      40
    ],
    "time_load (ms)": 19.243,
    "time histogram (ms)": 3102.512,
    "time MT (ms)": 22.448
  },
  "threshold": [
    0,
    0.002254474949201224,
    0.002254474949201224,
    0.007564398453242194,
    0.007564398453242194,
    0.011031956404110255,
    0.011031956404110255,
    0.016493655703360754,
    0.016493655703360754,
    0.021725806909217438,
    0.021725806909217438,
    0.024279751681474726,
    0.024279751681474726,
    0.025248773510416378,
    0.025248773510416378,
    0.026749327290328362,
    0.026749327290328362,
    0.029940408777774263,
    0.029940408777774263,
    0.0402278352963365,
    0.0402278352963365,
    0.04394963109695793,
    0.04394963109695793,
    0.04476445757584152,
    0.04476445757584152,
    0.04794309869997532,
    0.04794309869997532,
    0.050500938704832465,
    0.050500938704832465,
    0.05202523960683314,
    0.05202523960683314,
    0.05866974314980611,
    0.05866974314980611,
    0.058751976887379986,
    0.058751976887379986,
    0.0591209575210237,
    0.0591209575210237,
    0.06586622729818109,
    0.06586622729818109,
    0.07242406838158072,
    0.07242406838158072,
    0.072430947323471,
    0.072430947323471,
    0.08046638148315327,
    0.08046638148315327,
    0.08356401440230948,
    0.08356401440230948,
    0.08532464923337102,
    0.08532464923337102,
    0.09013840943940665,
    0.09013840943940665,
    0.09344589762838074,
    0.09344589762838074,
    0.11083711584293604,
    0.11083711584293604,
    0.13101691705649537,
    0.13101691705649537,
    0.13571810027511388,
    0.13571810027511388,
    0.17317645002206206,
    0.17317645002206206,
    0.1960100814571284,
    0.1960100814571284,
    0.1965504733724865,
    0.1965504733724865,
    0.20981070782850697,
    0.20981070782850697,
    0.21725565078465398,
    0.21725565078465398,
    0.36971357235155416,
    0.36971357235155416,
    0.37591471318787056,
    0.37591471318787056,
    0.4150422918815714,
    0.4150422918815714,
    0.44682280438158795,
    0.44682280438158795,
    0.49779892423961714,
    0.49779892423961714,
    0.520355859661535,
    0.520355859661535,
    "inf"
  ],
  "clusters": [
    41,
    41,
    40,
    40,
    39,
    39,
    38,
    38,
    37,
    37,
    36,
    36,
    35,
    35,
    34,
    34,
    33,
    33,
    32,
    32,
    31,
    31,
    30,
    30,
    29,
    29,
    28,
    28,
    27,
    27,
    26,
    26,
    25,
    25,
    24,
    24,
    23,
    23,
    22,
    22,
    21,
    21,
    20,
    20,
    19,
    19,
    18,
    18,
    17,
    17,
    16,
    16,
    15,
    15,
    14,
    14,
    13,
    13,
    12,
    12,
    11,
    11,
    10,
    10,
    9,
    9,
    8,
    8,
    7,
    7,
    6,
    6,
    5,
    5,
    4,
    4,
    3,
    3,
    2,
    2,
    1,
    1
  ]
}
