{
  "info": {
    "datafile": "dataset/points/points_26000.png",
    "histogram resolution": [
      40,
      40
    ],
    "time_load (ms)": 22.967,
    "time histogram (ms)": 3209.75,
    "time MT (ms)": 23.571
  },
  "threshold": [
    0,
    1.0177081814943811e-05,
    1.0177081814943811e-05,
    1.9223376761634547e-05,
    1.9223376761634547e-05,
    4.53885273870025e-05,
    4.53885273870025e-05,
    9.15937351262941e-05,
    9.15937351262941e-05,
    0.00014247913815879087,
    0.00014247913815879087,
    0.00014524328677606446,
    0.00014524328677606446,
    0.00020184545485557592,
    0.00020184545485557592,
    0.00020184545485557592,
    0.00020184545485557592,
    0.00026325345755107143,
    0.00026325345755107143,
    0.0004613610354307074,
    0.0004613610354307074,
    0.0004720406917234077,
    0.0004720406917234077,
    0.0006439831101006654,
    0.0006439831101006654,
    0.0006728181626884933,
    0.0006728181626884933,
    0.001152868580969968,
    0.001152868580969968,
    0.0013552480822374702,
    0.0013552480822374702,
    0.0020819984073091047,
    0.0020819984073091047,
    0.0024872912844229322,
    0.0024872912844229322,
    0.002526114981933447,
    0.002526114981933447,
    0.0028699369703106825,
    0.0028699369703106825,
    0.0038217139620058127,
    0.0038217139620058127,
    0.004656862823240848,
    0.004656862823240848,
    0.004728950576071478,
    0.004728950576071478,
    0.006340321846254771,
    0.006340321846254771,
    0.006529728364926601,
    0.006529728364926601,
    0.007362553075996814,
    0.007362553075996814,
    0.009575879759170514,
    0.009575879759170514,
    0.010371576737926158,
    0.010371576737926158,
    0.010813149015245715,
    0.010813149015245715,
    0.014093969695774755,
    0.014093969695774755,
    0.014095257838807718,
    0.014095257838807718,
    0.01559015807202635,
    0.01559015807202635,
    0.02045367204004389,
    0.02045367204004389,
    0.05046418820472376,
    0.05046418820472376,
    0.13788927454907435,
    0.13788927454907435,
    0.16306228458643984,
    0.16306228458643984,
    0.18824437360011936,
    0.18824437360011936,
    0.19595134538529374,
    0.19595134538529374,
    0.22425562949825284,
    0.22425562949825284,
    0.30865052049161035,
    0.30865052049161035,
    "inf"
  ],
  "clusters": [
    40,
    40,
    39,
    39,
    38,
    38,
    37,
    37,
    36,
    36,
    35,
    35,
    34,
    34,
    33,
    33,
    32,
    32,
    31,
    31,
    30,
    30,
    29,
    29,
    28,
    28,
    27,
    27,
    26,
    26,
    25,
    25,
    24,
    24,
    23,
    23,
    22,
    22,
    21,
    21,
    20,
    20,
    19,
    19,
    18,
    18,
    17,
    17,
    16,
    16,
    15,
    15,
    14,
    14,
    13,
    13,
    12,
    12,
    11,
    11,
    10,
    10,
    9,
    9,
    8,
    8,
    7,
    7,
    6,
    6,
    5,
    5,
    4,
    4,
    3,
    3,
    2,
    2,
    1,
    1
  ]
}
