{
  "info": {
    "datafile": "dataset/points/points_63500.png",
    "histogram resolution": [
      40,
      40
    ],
    "time_load (ms)": 18.159,
    "time histogram (ms)": 2985.423,
    "time MT (ms)": 22.677
  },
  "threshold": [
    0,
    7.123956907939544e-05,
    7.123956907939544e-05,
    0.0025983597319329532,
    0.0025983597319329532,
    0.026107480648163428,
    0.026107480648163428,
    0.028349673427227495,
    0.028349673427227495,
    0.03388120008258183,
    0.03388120008258183,
    0.07452676677754128,
    0.07452676677754128,
    0.07794117686503071,
    0.07794117686503071,
    0.09420924173639023,
    0.09420924173639023,
    "inf"
  ],
  "clusters": [
    9,
    9,
    8,
    8,
    7,
    7,
    6,
    6,
    5,
    5,
    4,
    4,
    3,
    3,
    2,
    2,
    1,
    1
  ]
}
