{
  "info": {
    "datafile": "dataset/points/points_23500.png",
    "histogram resolution": [
      40,
      40
    ],
    "time_load (ms)": 17.996,
    "time histogram (ms)": 2985.989,
    "time MT (ms)": 22.215
  },
  "threshold": [
    0,
    1.9223376761634547e-05,
    1.9223376761634547e-05,
    4.805844076272159e-05,
    4.805844076272159e-05,
    0.00015378701637552838,
    0.00015378701637552838,
    0.00016679105200106958,
    0.00016679105200106958,
    0.0002114573406858944,
    0.0002114573406858944,
    0.00022219961029479318,
    0.00022219961029479318,
    0.0003364090853388846,
    0.0003364090853388846,
    0.0003364090853388846,
    0.0003364090853388846,
    0.000547300813791618,
    0.000547300813791618,
    0.0008073818080090445,
    0.0008073818080090445,
    0.0011891794080535756,
    0.0011891794080535756,
    0.0014449571363814862,
    0.0014449571363814862,
    0.0016702978227166598,
    0.0016702978227166598,
    0.0020638430141843855,
    0.0020638430141843855,
    0.002320374583722362,
    0.002320374583722362,
    0.002369281110414123,
    0.002369281110414123,
    0.004584241192787886,
    0.004584241192787886,
    0.0050381264472552645,
    0.0050381264472552645,
    0.006218196871725923,
    0.006218196871725923,
    0.0076918632304576184,
    0.0076918632304576184,
    0.008250566218317157,
    0.008250566218317157,
    0.008948481554968968,
    0.008948481554968968,
    0.009790258171389177,
    0.009790258171389177,
    0.010624307487321072,
    0.010624307487321072,
    0.01283047273926946,
    0.01283047273926946,
    0.013671055721492131,
    0.013671055721492131,
    0.014013369723763158,
    0.014013369723763158,
    0.01796254890674409,
    0.01796254890674409,
    0.028143022402290108,
    0.028143022402290108,
    0.03129565598461409,
    0.03129565598461409,
    0.03511093068822807,
    0.03511093068822807,
    0.03542189659349915,
    0.03542189659349915,
    0.14395481594403153,
    0.14395481594403153,
    0.16986735960395605,
    0.16986735960395605,
    0.2278776338250652,
    0.2278776338250652,
    0.24230210791790374,
    0.24230210791790374,
    0.2572167771264773,
    0.2572167771264773,
    0.3369184935867202,
    0.3369184935867202,
    "inf"
  ],
  "clusters": [
    39,
    39,
    38,
    38,
    37,
    37,
    36,
    36,
    35,
    35,
    34,
    34,
    33,
    33,
    32,
    32,
    31,
    31,
    30,
    30,
    29,
    29,
    28,
    28,
    27,
    27,
    26,
    26,
    25,
    25,
    24,
    24,
    23,
    23,
    22,
    22,
    21,
    21,
    20,
    20,
    19,
    19,
    18,
    18,
    17,
    17,
    16,
    16,
    15,
    15,
    14,
    14,
    13,
    13,
    12,
    12,
    11,
    11,
    10,
    10,
    9,
    9,
    8,
    8,
    7,
    7,
    6,
    6,
    5,
    5,
    4,
    4,
    3,
    3,
    2,
    2,
    1,
    1
  ]
}
