{
  "info": {
    "datafile": "dataset/points/points_64500.png",
    "histogram resolution": [
      40,
      40
    ],
    "time_load (ms)": 19.249,
    "time histogram (ms)": 2957.625,
    "time MT (ms)": 22.249
  },
  "threshold": [
    0,
    4.070832725988627e-05,
    4.070832725988627e-05,
    0.0025983597319329532,
    0.0025983597319329532,
    0.02599854819278269,
    0.02599854819278269,
    0.028349673427227495,
    0.028349673427227495,
    0.03388120008258183,
    0.03388120008258183,
    0.050778547174059885,
    0.050778547174059885,
    0.07449623553572177,
    0.07449623553572177,
    0.0900230691505724,
    0.0900230691505724,
    "inf"
  ],
  "clusters": [
    9,
    9,
    8,
    8,
    7,
    7,
    6,
    6,
    5,
    5,
    4,
    4,
    3,
    3,
    2,
    2,
    1,
    1
  ]
}
