{
  "info": {
    "datafile": "dataset/points/points_59500.png",
    "histogram resolution": [
      40,
      40
    ],
    "time_load (ms)": 18.108,
    "time histogram (ms)": 3283.821,
    "time MT (ms)": 22.049
  },
  "threshold": [
    0,
    1.815541138594501e-05,
    1.815541138594501e-05,
    8.141665089439476e-05,
    8.141665089439476e-05,
    0.002994040884016669,
    0.002994040884016669,
    0.028349673427227495,
    0.028349673427227495,
    0.03848519869714828,
    0.03848519869714828,
    0.04465323243574759,
    0.04465323243574759,
    0.07609573325060087,
    0.07609573325060087,
    0.07794117686503071,
    0.07794117686503071,
    0.11190718611715211,
    0.11190718611715211,
    "inf"
  ],
  "clusters": [
    10,
    10,
    9,
    9,
    8,
    8,
    7,
    7,
    6,
    6,
    5,
    5,
    4,
    4,
    3,
    3,
    2,
    2,
    1,
    1
  ]
}
