{
  "info": {
    "datafile": "dataset/points/points_2000.png",
    "histogram resolution": [
      40,
      40
    ],
    "time_load (ms)": 17.284,
    "time histogram (ms)": 3026.224,
    "time MT (ms)": 23.516
  },
  "threshold": [
    0,
    0.0024840245735916477,
    0.0024840245735916477,
    0.009994018868561438,
    0.009994018868561438,
    0.01001537908051231,
    0.01001537908051231,
    0.010231641383430357,
    0.010231641383430357,
    0.012519223464484086,
    0.012519223464484086,
    0.01302119875349439,
    0.01302119875349439,
    0.015741117859867204,
    0.015741117859867204,
    0.025480583969679782,
    0.025480583969679782,
    0.027873329476656328,
    0.027873329476656328,
    0.03360993624208308,
    0.03360993624208308,
    0.03658717226628061,
    0.03658717226628061,
    0.03770665032789111,
    0.03770665032789111,
    0.0388760736236482,
    0.0388760736236482,
    0.041254746916404406,
    0.041254746916404406,
    0.04160045292066139,
    0.04160045292066139,
    0.042954632720234365,
    0.042954632720234365,
    0.06668535592075042,
    0.06668535592075042,
    0.06744012484034778,
    0.06744012484034778,
    0.068944636020152,
    0.068944636020152,
    0.0737872937877162,
    0.0737872937877162,
    0.07386582040264478,
    0.07386582040264478,
    0.08296187047665915,
    0.08296187047665915,
    0.10399686030724975,
    0.10399686030724975,
    0.10863289690179811,
    0.10863289690179811,
    0.10880245266565014,
    0.10880245266565014,
    0.11193093156760014,
    0.11193093156760014,
    0.11682846260405189,
    0.11682846260405189,
    0.120760679691858,
    0.120760679691858,
    0.12544213703778728,
    0.12544213703778728,
    0.12717732975759988,
    0.12717732975759988,
    0.1374983975982338,
    0.1374983975982338,
    0.16180258672985204,
    0.16180258672985204,
    0.16286269980810392,
    0.16286269980810392,
    0.17026539468405189,
    0.17026539468405189,
    0.1729062535949174,
    0.1729062535949174,
    0.17458613101079323,
    0.17458613101079323,
    0.18522740064158283,
    0.18522740064158283,
    0.19745931047986792,
    0.19745931047986792,
    0.19900198624578902,
    0.19900198624578902,
    0.20207555932202304,
    0.20207555932202304,
    0.20917683749491434,
    0.20917683749491434,
    0.2233371771095941,
    0.2233371771095941,
    0.26125811336891275,
    0.26125811336891275,
    0.26852454867489495,
    0.26852454867489495,
    0.29416303525903015,
    0.29416303525903015,
    0.30050835003903886,
    0.30050835003903886,
    0.33151618896807034,
    0.33151618896807034,
    0.37326480658679795,
    0.37326480658679795,
    0.4367013813008934,
    0.4367013813008934,
    0.4692137628958068,
    0.4692137628958068,
    0.5049053524640167,
    0.5049053524640167,
    "inf"
  ],
  "clusters": [
    52,
    52,
    51,
    51,
    50,
    50,
    49,
    49,
    48,
    48,
    47,
    47,
    46,
    46,
    45,
    45,
    44,
    44,
    43,
    43,
    42,
    42,
    41,
    41,
    40,
    40,
    39,
    39,
    38,
    38,
    37,
    37,
    36,
    36,
    35,
    35,
    34,
    34,
    33,
    33,
    32,
    32,
    31,
    31,
    30,
    30,
    29,
    29,
    28,
    28,
    27,
    27,
    26,
    26,
    25,
    25,
    24,
    24,
    23,
    23,
    22,
    22,
    21,
    21,
    20,
    20,
    19,
    19,
    18,
    18,
    17,
    17,
    16,
    16,
    15,
    15,
    14,
    14,
    13,
    13,
    12,
    12,
    11,
    11,
    10,
    10,
    9,
    9,
    8,
    8,
    7,
    7,
    6,
    6,
    5,
    5,
    4,
    4,
    3,
    3,
    2,
    2,
    1,
    1
  ]
}
