{
  "info": {
    "datafile": "dataset/points/points_44500.png",
    "histogram resolution": [
      40,
      40
    ],
    "time_load (ms)": 17.359,
    "time histogram (ms)": 2931.668,
    "time MT (ms)": 24.815
  },
  "threshold": [
    0,
    2.600809313774155e-05,
    2.600809313774155e-05,
    2.883506400108704e-05,
    2.883506400108704e-05,
    9.611688152538767e-05,
    9.611688152538767e-05,
    0.00016283330541411178,
    0.00016283330541411178,
    0.0002541757572476766,
    0.0002541757572476766,
    0.00039407921334105867,
    0.00039407921334105867,
    0.0009871768865051256,
    0.0009871768865051256,
    0.0025951557658046576,
    0.0025951557658046576,
    0.00720502809527046,
    0.00720502809527046,
    0.03944636781693511,
    0.03944636781693511,
    0.0582879457053625,
    0.0582879457053625,
    0.06079876330095946,
    0.06079876330095946,
    0.09652057040012535,
    0.09652057040012535,
    0.11654171516077921,
    0.11654171516077921,
    0.13543028495257237,
    0.13543028495257237,
    0.18341022832250659,
    0.18341022832250659,
    "inf"
  ],
  "clusters": [
    17,
    17,
    16,
    16,
    15,
    15,
    14,
    14,
    13,
    13,
    12,
    12,
    11,
    11,
    10,
    10,
    9,
    9,
    8,
    8,
    7,
    7,
    6,
    6,
    5,
    5,
    4,
    4,
    3,
    3,
    2,
    2,
    1,
    1
  ]
}
