{
  "info": {
    "datafile": "dataset/points/points_8000.png",
    "histogram resolution": [
      40,
      40
    ],
    "time_load (ms)": 19.249,
    "time histogram (ms)": 3118.849,
    "time MT (ms)": 22.068
  },
  "threshold": [
    0,
    0.00045856595286192237,
    0.00045856595286192237,
    0.0007123332866315057,
    0.0007123332866315057,
    0.0007785469072176809,
    0.0007785469072176809,
    0.0038190439022866562,
    0.0038190439022866562,
    0.00455593998206083,
    0.00455593998206083,
    0.008019539956599597,
    0.008019539956599597,
    0.010742599995172186,
    0.010742599995172186,
    0.013130131278040913,
    0.013130131278040913,
    0.015543701480095096,
    0.015543701480095096,
    0.016879254792824483,
    0.016879254792824483,
    0.017437298666090173,
    0.017437298666090173,
    0.018351916325070217,
    0.018351916325070217,
    0.01997098280297066,
    0.01997098280297066,
    0.02287581699612712,
    0.02287581699612712,
    0.027114006279534808,
    0.027114006279534808,
    0.028191645841185164,
    0.028191645841185164,
    0.02925797779222622,
    0.02925797779222622,
    0.03183120863113098,
    0.03183120863113098,
    0.040865158665243484,
    0.040865158665243484,
    0.04777382671415059,
    0.04777382671415059,
    0.04792839919220693,
    0.04792839919220693,
    0.04861591747669758,
    0.04861591747669758,
    0.05382331574732874,
    0.05382331574732874,
    0.05908304585518276,
    0.05908304585518276,
    0.0595636298313883,
    0.0595636298313883,
    0.059928874640683694,
    0.059928874640683694,
    0.06285082665614455,
    0.06285082665614455,
    0.07004036961815929,
    0.07004036961815929,
    0.07553772087610167,
    0.07553772087610167,
    0.07769369178564361,
    0.07769369178564361,
    0.09367890310065008,
    0.09367890310065008,
    0.09411551208693886,
    0.09411551208693886,
    0.1125817004518182,
    0.1125817004518182,
    0.11733439706994764,
    0.11733439706994764,
    0.13172592108087955,
    0.13172592108087955,
    0.15460399982939454,
    0.15460399982939454,
    0.17030949740414963,
    0.17030949740414963,
    0.18156318213031802,
    0.18156318213031802,
    0.3484717428723443,
    0.3484717428723443,
    0.37058823557077525,
    0.37058823557077525,
    0.3767028719837085,
    0.3767028719837085,
    0.46139842687924315,
    0.46139842687924315,
    0.46965445825898966,
    0.46965445825898966,
    0.5102556720592867,
    0.5102556720592867,
    "inf"
  ],
  "clusters": [
    45,
    45,
    44,
    44,
    43,
    43,
    42,
    42,
    41,
    41,
    40,
    40,
    39,
    39,
    38,
    38,
    37,
    37,
    36,
    36,
    35,
    35,
    34,
    34,
    33,
    33,
    32,
    32,
    31,
    31,
    30,
    30,
    29,
    29,
    28,
    28,
    27,
    27,
    26,
    26,
    25,
    25,
    24,
    24,
    23,
    23,
    22,
    22,
    21,
    21,
    20,
    20,
    19,
    19,
    18,
    18,
    17,
    17,
    16,
    16,
    15,
    15,
    14,
    14,
    13,
    13,
    12,
    12,
    11,
    11,
    10,
    10,
    9,
    9,
    8,
    8,
    7,
    7,
    6,
    6,
    5,
    5,
    4,
    4,
    3,
    3,
    2,
    2,
    1,
    1
  ]
}
