{
  "info": {
    "datafile": "dataset/points/points_2500.png",
    "histogram resolution": [
      40,
      40
    ],
    "time_load (ms)": 17.466,
    "time histogram (ms)": 3141.676,
    "time MT (ms)": 23.374
  },
  "threshold": [
    0,
    0.002583847904842118,
    0.002583847904842118,
    0.018406947349083214,
    0.018406947349083214,
    0.030793020359939804,
    0.030793020359939804,
    0.03185426468870711,
    0.03185426468870711,
    0.03270857385816228,
    0.03270857385816228,
    0.03336216780521406,
    0.03336216780521406,
    0.040667051458548764,
    0.040667051458548764,
    0.04676032704777999,
    0.04676032704777999,
    0.04881669413440404,
    0.04881669413440404,
    0.05238369905262019,
    0.05238369905262019,
    0.05306933235330402,
    0.05306933235330402,
    0.053295112556574875,
    0.053295112556574875,
    0.053445852646637815,
    0.053445852646637815,
    0.0578889348839583,
    0.0578889348839583,
    0.06543637006817493,
    0.06543637006817493,
    0.07067474007022145,
    0.07067474007022145,
    0.07091503206403083,
    0.07091503206403083,
    0.07952924030538733,
    0.07952924030538733,
    0.09406958778808805,
    0.09406958778808805,
    0.09921184158427454,
    0.09921184158427454,
    0.11184891756316284,
    0.11184891756316284,
    0.1142429188734645,
    0.1142429188734645,
    0.11430646365085895,
    0.11430646365085895,
    0.11492695144888965,
    0.11492695144888965,
    0.12018454478889262,
    0.12018454478889262,
    0.12088619714018473,
    0.12088619714018473,
    0.12217416352473709,
    0.12217416352473709,
    0.12594194610730985,
    0.12594194610730985,
    0.12795078822904649,
    0.12795078822904649,
    0.1406912688654003,
    0.1406912688654003,
    0.14148404458126818,
    0.14148404458126818,
    0.15234525198591692,
    0.15234525198591692,
    0.16231737773731547,
    0.16231737773731547,
    0.1642309522509764,
    0.1642309522509764,
    0.17036876844725118,
    0.17036876844725118,
    0.1712819731309838,
    0.1712819731309838,
    0.1900626450074534,
    0.1900626450074534,
    0.19069321593117539,
    0.19069321593117539,
    0.20897901234229876,
    0.20897901234229876,
    0.21912725912911907,
    0.21912725912911907,
    0.23483275673717402,
    0.23483275673717402,
    0.25672818071610637,
    0.25672818071610637,
    0.29899718107477846,
    0.29899718107477846,
    0.3149653975121385,
    0.3149653975121385,
    0.3313164175871779,
    0.3313164175871779,
    0.35862168373868747,
    0.35862168373868747,
    0.4011703638044093,
    0.4011703638044093,
    0.4308888235985904,
    0.4308888235985904,
    0.4840600520278131,
    0.4840600520278131,
    0.5085538359285862,
    0.5085538359285862,
    "inf"
  ],
  "clusters": [
    51,
    51,
    50,
    50,
    49,
    49,
    48,
    48,
    47,
    47,
    46,
    46,
    45,
    45,
    44,
    44,
    43,
    43,
    42,
    42,
    41,
    41,
    40,
    40,
    39,
    39,
    38,
    38,
    37,
    37,
    36,
    36,
    35,
    35,
    34,
    34,
    33,
    33,
    32,
    32,
    31,
    31,
    30,
    30,
    29,
    29,
    28,
    28,
    27,
    27,
    26,
    26,
    25,
    25,
    24,
    24,
    23,
    23,
    22,
    22,
    21,
    21,
    20,
    20,
    19,
    19,
    18,
    18,
    17,
    17,
    16,
    16,
    15,
    15,
    14,
    14,
    13,
    13,
    12,
    12,
    11,
    11,
    10,
    10,
    9,
    9,
    8,
    8,
    7,
    7,
    6,
    6,
    5,
    5,
    4,
    4,
    3,
    3,
    2,
    2,
    1,
    1
  ]
}
