{
  "info": {
    "datafile": "dataset/points/points_53000.png",
    "histogram resolution": [
      40,
      40
    ],
    "time_load (ms)": 18.176,
    "time histogram (ms)": 3039.369,
    "time MT (ms)": 22.191
  },
  "threshold": [
    0,
    1.815541138594501e-05,
    1.815541138594501e-05,
    1.9223376761634547e-05,
    1.9223376761634547e-05,
    8.141665210281701e-05,
    8.141665210281701e-05,
    0.0004172603338699066,
    0.0004172603338699066,
    0.006002499108671455,
    0.006002499108671455,
    0.028349673427227495,
    0.028349673427227495,
    0.05405613292675171,
    0.05405613292675171,
    0.05757080699118822,
    0.05757080699118822,
    0.07978662131034642,
    0.07978662131034642,
    0.09939446510272282,
    0.09939446510272282,
    0.15013456507129413,
    0.15013456507129413,
    "inf"
  ],
  "clusters": [
    12,
    12,
    11,
    11,
    10,
    10,
    9,
    9,
    8,
    8,
    7,
    7,
    6,
    6,
    5,
    5,
    4,
    4,
    3,
    3,
    2,
    2,
    1,
    1
  ]
}
