{
  "info": {
    "datafile": "dataset/points/points_16000.png",
    "histogram resolution": [
      40,
      40
    ],
    "time_load (ms)": 20.871,
    "time histogram (ms)": 3309.129,
    "time MT (ms)": 27.301
  },
  "threshold": [
    0,
    0.00019757358415894988,
    0.00019757358415894988,
    0.0005976207966023606,
    0.0005976207966023606,
    0.0009477564148205331,
    0.0009477564148205331,
    0.0010305867004253844,
    0.0010305867004253844,
    0.0017589389174938463,
    0.0017589389174938463,
    0.002674876290844508,
    0.002674876290844508,
    0.0030949635935637043,
    0.0030949635935637043,
    0.003227265559339887,
    0.003227265559339887,
    0.003461275722736079,
    0.003461275722736079,
    0.003565904717220847,
    0.003565904717220847,
    0.005372933568615568,
    0.005372933568615568,
    0.005979035485663697,
    0.005979035485663697,
    0.006637153269952956,
    0.006637153269952956,
    0.008150146077220533,
    0.008150146077220533,
    0.008735987766837816,
    0.008735987766837816,
    0.008823529580021638,
    0.008823529580021638,
    0.009276975135317889,
    0.009276975135317889,
    0.011139946437312975,
    0.011139946437312975,
    0.0121683962072483,
    0.0121683962072483,
    0.012354977056303507,
    0.012354977056303507,
    0.012566434082788902,
    0.012566434082788902,
    0.013634462197012587,
    0.013634462197012587,
    0.013704508169222585,
    0.013704508169222585,
    0.01593787478422154,
    0.01593787478422154,
    0.016205243200355268,
    0.016205243200355268,
    0.017254047881198553,
    0.017254047881198553,
    0.018015412778719708,
    0.018015412778719708,
    0.018376730703129174,
    0.018376730703129174,
    0.021147975013317444,
    0.021147975013317444,
    0.02916025916452536,
    0.02916025916452536,
    0.031936246537734525,
    0.031936246537734525,
    0.03435556439069476,
    0.03435556439069476,
    0.036756162533766346,
    0.036756162533766346,
    0.04582739749981357,
    0.04582739749981357,
    0.050881449027350034,
    0.050881449027350034,
    0.05741007805549314,
    0.05741007805549314,
    0.059457901550237724,
    0.059457901550237724,
    0.2635524821029428,
    0.2635524821029428,
    0.28780276950120054,
    0.28780276950120054,
    0.31958061155725137,
    0.31958061155725137,
    0.32616527728369027,
    0.32616527728369027,
    0.33058439249026716,
    0.33058439249026716,
    0.34414648282337096,
    0.34414648282337096,
    "inf"
  ],
  "clusters": [
    44,
    44,
    43,
    43,
    42,
    42,
    41,
    41,
    40,
    40,
    39,
    39,
    38,
    38,
    37,
    37,
    36,
    36,
    35,
    35,
    34,
    34,
    33,
    33,
    32,
    32,
    31,
    31,
    30,
    30,
    29,
    29,
    28,
    28,
    27,
    27,
    26,
    26,
    25,
    25,
    24,
    24,
    23,
    23,
    22,
    22,
    21,
    21,
    20,
    20,
    19,
    19,
    18,
    18,
    17,
    17,
    16,
    16,
    15,
    15,
    14,
    14,
    13,
    13,
    12,
    12,
    11,
    11,
    10,
    10,
    9,
    9,
    8,
    8,
    7,
    7,
    6,
    6,
    5,
    5,
    4,
    4,
    3,
    3,
    2,
    2,
    1,
    1
  ]
}
