{
  "info": {
    "datafile": "data/overdraw_fig/100_cropped.png",
    "histogram resolution": [
      20,
      20
    ],
    "time_load (ms)": 8.528,
    "time histogram (ms)": 1776.538,
    "time MT (ms)": 5.405
  },
  "threshold": [
    0,
    5.3793811513972055e-06,
    5.3793811513972055e-06,
    1.6138142815424417e-05,
    1.6138142815424417e-05,
    8.069071599342369e-05,
    8.069071599342369e-05,
    0.00067780199952536,
    0.00067780199952536,
    0.0006993195234921816,
    0.0006993195234921816,
    0.0016245729793297192,
    0.0016245729793297192,
    "inf"
  ],
  "clusters": [
    7,
    7,
    6,
    6,
    5,
    5,
    4,
    4,
    3,
    3,
    2,
    2,
    1,
    1
  ]
}
