{
  "info": {
    "datafile": "data/overdraw_fig/10_cropped.png",
    "histogram resolution": [
      20,
      20
    ],
    "time_load (ms)": 13.008,
    "time histogram (ms)": 1737.962,
    "time MT (ms)": 6.307
  },
  "threshold": [
    0,
    0.0012182227868602347,
    0.0012182227868602347,
    0.015352753510338407,
    0.015352753510338407,
    0.06192743384556537,
    0.06192743384556537,
    0.18266763942334058,
    0.18266763942334058,
    0.2072352724039955,
    0.2072352724039955,
    0.23251505244149462,
    0.23251505244149462,
    0.28196563294722055,
    0.28196563294722055,
    0.4385755513468949,
    0.4385755513468949,
    "inf"
  ],
  "clusters": [
    9,
    9,
    8,
    8,
    7,
    7,
    6,
    6,
    5,
    5,
    4,
    4,
    3,
    3,
    2,
    2,
    1,
    1
  ]
}
