{
  "info": {
    "datafile": "data/overdraw_fig/1_cropped.png",
    "histogram resolution": [
      20,
      20
    ],
    "time_load (ms)": 12.494,
    "time histogram (ms)": 1688.868,
    "time MT (ms)": 6.104
  },
  "threshold": [
    0,
    0.0007980399661593474,
    0.0007980399661593474,
    0.006686569977199186,
    0.006686569977199186,
    0.028144918842080147,
    0.028144918842080147,
    0.06960380445291958,
    0.06960380445291958,
    0.07127679179234758,
    0.07127679179234758,
    0.08042484215257584,
    0.08042484215257584,
    0.09941633125391514,
    0.09941633125391514,
    0.22235669348956133,
    0.22235669348956133,
    "inf"
  ],
  "clusters": [
    9,
    9,
    8,
    8,
    7,
    7,
    6,
    6,
    5,
    5,
    4,
    4,
    3,
    3,
    2,
    2,
    1,
    1
  ]
}
