{
  "info": {
    "datafile": "dataset/points/points_20500.png",
    "histogram resolution": [
      40,
      40
    ],
    "time_load (ms)": 17.765,
    "time histogram (ms)": 3059.134,
    "time MT (ms)": 22.209
  },
  "threshold": [
    0,
    2.8835042315877857e-05,
    2.8835042315877857e-05,
    4.805844076272159e-05,
    4.805844076272159e-05,
    0.0002595155782924574,
    0.0002595155782924574,
    0.0002691273149894591,
    0.0002691273149894591,
    0.0003844675203949488,
    0.0003844675203949488,
    0.0003940792087757661,
    0.0003940792087757661,
    0.0005331660024424645,
    0.0005331660024424645,
    0.001279422473672187,
    0.001279422473672187,
    0.0013648596850187045,
    0.0013648596850187045,
    0.0016582046803768624,
    0.0016582046803768624,
    0.0018166091028308795,
    0.0018166091028308795,
    0.001852228873406081,
    0.001852228873406081,
    0.0023407287473523053,
    0.0023407287473523053,
    0.002795933253192162,
    0.002795933253192162,
    0.0034025375521285484,
    0.0034025375521285484,
    0.0041090595068153934,
    0.0041090595068153934,
    0.00643191558863182,
    0.00643191558863182,
    0.007640977822591211,
    0.007640977822591211,
    0.007796995128800999,
    0.007796995128800999,
    0.008958093246773768,
    0.008958093246773768,
    0.011265463819308374,
    0.011265463819308374,
    0.012312572322758453,
    0.012312572322758453,
    0.01347445582325385,
    0.01347445582325385,
    0.013817084234085952,
    0.013817084234085952,
    0.014023546805578102,
    0.014023546805578102,
    0.01746613330706187,
    0.01746613330706187,
    0.02994734982429592,
    0.02994734982429592,
    0.03241061131365708,
    0.03241061131365708,
    0.034286492837256655,
    0.034286492837256655,
    0.03520761316359117,
    0.03520761316359117,
    0.037437524539235933,
    0.037437524539235933,
    0.049267250759314374,
    0.049267250759314374,
    0.17041522630040812,
    0.17041522630040812,
    0.20976547614954338,
    0.20976547614954338,
    0.2575163413960211,
    0.2575163413960211,
    0.26826434419274814,
    0.26826434419274814,
    0.3058823547371682,
    0.3058823547371682,
    0.3369184935867202,
    0.3369184935867202,
    "inf"
  ],
  "clusters": [
    39,
    39,
    38,
    38,
    37,
    37,
    36,
    36,
    35,
    35,
    34,
    34,
    33,
    33,
    32,
    32,
    31,
    31,
    30,
    30,
    29,
    29,
    28,
    28,
    27,
    27,
    26,
    26,
    25,
    25,
    24,
    24,
    23,
    23,
    22,
    22,
    21,
    21,
    20,
    20,
    19,
    19,
    18,
    18,
    17,
    17,
    16,
    16,
    15,
    15,
    14,
    14,
    13,
    13,
    12,
    12,
    11,
    11,
    10,
    10,
    9,
    9,
    8,
    8,
    7,
    7,
    6,
    6,
    5,
    5,
    4,
    4,
    3,
    3,
    2,
    2,
    1,
    1
  ]
}
