{
  "info": {
    "datafile": "dataset/points/points_27000.png",
    "histogram resolution": [
      40,
      40
    ],
    "time_load (ms)": 18.683,
    "time histogram (ms)": 2982.364,
    "time MT (ms)": 21.505
  },
  "threshold": [
    0,
    1.4837242545695517e-11,
    1.4837242545695517e-11,
    1.0177081814943811e-05,
    1.0177081814943811e-05,
    1.9223376761634547e-05,
    1.9223376761634547e-05,
    3.631082277194553e-05,
    3.631082277194553e-05,
    4.53885273870025e-05,
    4.53885273870025e-05,
    6.35439387729475e-05,
    6.35439387729475e-05,
    8.650519200326112e-05,
    8.650519200326112e-05,
    9.0777054774005e-05,
    9.0777054774005e-05,
    9.15937351262941e-05,
    9.15937351262941e-05,
    0.00014247913815879087,
    0.00014247913815879087,
    0.0001633986944843957,
    0.0001633986944843957,
    0.00019223376305077533,
    0.00019223376305077533,
    0.00029582639294828406,
    0.00029582639294828406,
    0.00034495280986585053,
    0.00034495280986585053,
    0.00039674913128207034,
    0.00039674913128207034,
    0.0005022891977708444,
    0.0005022891977708444,
    0.0006439831101006654,
    0.0006439831101006654,
    0.0008746636027068266,
    0.0008746636027068266,
    0.0012399077657427315,
    0.0012399077657427315,
    0.0017108805420553153,
    0.0017108805420553153,
    0.0024872912844229322,
    0.0024872912844229322,
    0.002526114981933447,
    0.002526114981933447,
    0.002614379159812996,
    0.002614379159812996,
    0.0028292286430507962,
    0.0028292286430507962,
    0.0030429473394128492,
    0.0030429473394128492,
    0.0035130719619768658,
    0.0035130719619768658,
    0.006228373890432237,
    0.006228373890432237,
    0.006520116668556508,
    0.006520116668556508,
    0.007279220379455886,
    0.007279220379455886,
    0.008315178131279355,
    0.008315178131279355,
    0.010371576737926158,
    0.010371576737926158,
    0.010813149015245715,
    0.010813149015245715,
    0.014054549511547831,
    0.014054549511547831,
    0.01556933260358434,
    0.01556933260358434,
    0.019789397632444472,
    0.019789397632444472,
    0.050444964829036376,
    0.050444964829036376,
    0.129686546913158,
    0.129686546913158,
    0.16064975088389188,
    0.16064975088389188,
    0.18824437360011936,
    0.18824437360011936,
    0.19595134538529374,
    0.19595134538529374,
    0.2242374740868669,
    0.2242374740868669,
    0.29291618713542966,
    0.29291618713542966,
    "inf"
  ],
  "clusters": [
    43,
    43,
    42,
    42,
    41,
    41,
    40,
    40,
    39,
    39,
    38,
    38,
    37,
    37,
    36,
    36,
    35,
    35,
    34,
    34,
    33,
    33,
    32,
    32,
    31,
    31,
    30,
    30,
    29,
    29,
    28,
    28,
    27,
    27,
    26,
    26,
    25,
    25,
    24,
    24,
    23,
    23,
    22,
    22,
    21,
    21,
    20,
    20,
    19,
    19,
    18,
    18,
    17,
    17,
    16,
    16,
    15,
    15,
    14,
    14,
    13,
    13,
    12,
    12,
    11,
    11,
    10,
    10,
    9,
    9,
    8,
    8,
    7,
    7,
    6,
    6,
    5,
    5,
    4,
    4,
    3,
    3,
    2,
    2,
    1,
    1
  ]
}
