{
  "info": {
    "datafile": "dataset/points/points_41500.png",
    "histogram resolution": [
      40,
      40
    ],
    "time_load (ms)": 18.624,
    "time histogram (ms)": 2907.464,
    "time MT (ms)": 23.016
  },
  "threshold": [
    0,
    9.611688380817274e-06,
    9.611688380817274e-06,
    1.0177081814943811e-05,
    1.0177081814943811e-05,
    1.815541138594501e-05,
    1.815541138594501e-05,
    2.883506400108704e-05,
    2.883506400108704e-05,
    5.088540786640783e-05,
    5.088540786640783e-05,
    9.611688152538767e-05,
    9.611688152538767e-05,
    0.00016339870133236234,
    0.00016339870133236234,
    0.00025442704174888364,
    0.00025442704174888364,
    0.0002632534618627336,
    0.0002632534618627336,
    0.0002787389619020031,
    0.0002787389619020031,
    0.0005265069237254671,
    0.0005265069237254671,
    0.0021066558402302316,
    0.0021066558402302316,
    0.0025951557658046576,
    0.0025951557658046576,
    0.009669358132423311,
    0.009669358132423311,
    0.054709728031108795,
    0.054709728031108795,
    0.06606848106094615,
    0.06606848106094615,
    0.07810457602695181,
    0.07810457602695181,
    0.0974432924698454,
    0.0974432924698454,
    0.12308727471527697,
    0.12308727471527697,
    0.13544844036180248,
    0.13544844036180248,
    0.23635140458217768,
    0.23635140458217768,
    "inf"
  ],
  "clusters": [
    22,
    22,
    21,
    21,
    20,
    20,
    19,
    19,
    18,
    18,
    17,
    17,
    16,
    16,
    15,
    15,
    14,
    14,
    13,
    13,
    12,
    12,
    11,
    11,
    10,
    10,
    9,
    9,
    8,
    8,
    7,
    7,
    6,
    6,
    5,
    5,
    4,
    4,
    3,
    3,
    2,
    2,
    1,
    1
  ]
}
