{
  "info": {
    "datafile": "dataset/points/points_8500.png",
    "histogram resolution": [
      40,
      40
    ],
    "time_load (ms)": 19.458,
    "time histogram (ms)": 3122.778,
    "time MT (ms)": 22.88
  },
  "threshold": [
    0,
    0.0005163614502853853,
    0.0005163614502853853,
    0.0007434923133588511,
    0.0007434923133588511,
    0.003450595764625919,
    0.003450595764625919,
    0.008241174253823091,
    0.008241174253823091,
    0.010913380770731451,
    0.010913380770731451,
    0.015668182093096894,
    0.015668182093096894,
    0.016201913339459695,
    0.016201913339459695,
    0.019305075514728876,
    0.019305075514728876,
    0.02208966866220069,
    0.02208966866220069,
    0.02287581699612712,
    0.02287581699612712,
    0.023086708347874907,
    0.023086708347874907,
    0.027277405319774073,
    0.027277405319774073,
    0.029267589479465728,
    0.029267589479465728,
    0.030437954150960955,
    0.030437954150960955,
    0.03194981518485118,
    0.03194981518485118,
    0.03198882800351288,
    0.03198882800351288,
    0.03816213870313512,
    0.03816213870313512,
    0.03958071098709254,
    0.03958071098709254,
    0.04274050581617955,
    0.04274050581617955,
    0.047763084257565536,
    0.047763084257565536,
    0.04929325897692388,
    0.04929325897692388,
    0.05251405372001755,
    0.05251405372001755,
    0.053814238041635765,
    0.053814238041635765,
    0.05649750174922574,
    0.05649750174922574,
    0.0595636298313883,
    0.0595636298313883,
    0.06151480260028502,
    0.06151480260028502,
    0.06758404979398597,
    0.06758404979398597,
    0.07115318962260736,
    0.07115318962260736,
    0.07211115409775837,
    0.07211115409775837,
    0.07486769863217158,
    0.07486769863217158,
    0.1145187380782467,
    0.1145187380782467,
    0.12224144673011467,
    0.12224144673011467,
    0.12604393724003127,
    0.12604393724003127,
    0.13081507238230722,
    0.13081507238230722,
    0.14223036522420623,
    0.14223036522420623,
    0.178094964577159,
    0.178094964577159,
    0.20097131580674882,
    0.20097131580674882,
    0.35027874016467236,
    0.35027874016467236,
    0.36246805769152884,
    0.36246805769152884,
    0.3798539028548654,
    0.3798539028548654,
    0.3827261965556226,
    0.3827261965556226,
    0.47052968723344546,
    0.47052968723344546,
    0.509232027193152,
    0.509232027193152,
    "inf"
  ],
  "clusters": [
    44,
    44,
    43,
    43,
    42,
    42,
    41,
    41,
    40,
    40,
    39,
    39,
    38,
    38,
    37,
    37,
    36,
    36,
    35,
    35,
    34,
    34,
    33,
    33,
    32,
    32,
    31,
    31,
    30,
    30,
    29,
    29,
    28,
    28,
    27,
    27,
    26,
    26,
    25,
    25,
    24,
    24,
    23,
    23,
    22,
    22,
    21,
    21,
    20,
    20,
    19,
    19,
    18,
    18,
    17,
    17,
    16,
    16,
    15,
    15,
    14,
    14,
    13,
    13,
    12,
    12,
    11,
    11,
    10,
    10,
    9,
    9,
    8,
    8,
    7,
    7,
    6,
    6,
    5,
    5,
    4,
    4,
    3,
    3,
    2,
    2,
    1,
    1
  ]
}
