{
  "info": {
    "datafile": "dataset/points/points_13000.png",
    "histogram resolution": [
      40,
      40
    ],
    "time_load (ms)": 26.656,
    "time histogram (ms)": 3080.648,
    "time MT (ms)": 23.599
  },
  "threshold": [
    0,
    0.0003940792121997494,
    0.0003940792121997494,
    0.0005329462067117929,
    0.0005329462067117929,
    0.0015907345076136559,
    0.0015907345076136559,
    0.001981703956066838,
    0.001981703956066838,
    0.003959387321082031,
    0.003959387321082031,
    0.004307167012687074,
    0.004307167012687074,
    0.0050418643993051515,
    0.0050418643993051515,
    0.005631884291307232,
    0.005631884291307232,
    0.008780810799630279,
    0.008780810799630279,
    0.010327476465772756,
    0.010327476465772756,
    0.011491306760441689,
    0.011491306760441689,
    0.011535721632835672,
    0.011535721632835672,
    0.011603569152288051,
    0.011603569152288051,
    0.01203383350009829,
    0.01203383350009829,
    0.012573784272693511,
    0.012573784272693511,
    0.0125881073610149,
    0.0125881073610149,
    0.014790126144286653,
    0.014790126144286653,
    0.016583176906724784,
    0.016583176906724784,
    0.01859861647701072,
    0.01859861647701072,
    0.01889770943429775,
    0.01889770943429775,
    0.02149173427446216,
    0.02149173427446216,
    0.023147017637033307,
    0.023147017637033307,
    0.023569994882882916,
    0.023569994882882916,
    0.024496234883312595,
    0.024496234883312595,
    0.026167254901633297,
    0.026167254901633297,
    0.026521474114944654,
    0.026521474114944654,
    0.029177692438440317,
    0.029177692438440317,
    0.03452518339241473,
    0.03452518339241473,
    0.03776149524817829,
    0.03776149524817829,
    0.0388504425928452,
    0.0388504425928452,
    0.03929823386762721,
    0.03929823386762721,
    0.05030927078657693,
    0.05030927078657693,
    0.050524684695597843,
    0.050524684695597843,
    0.052114572027908146,
    0.052114572027908146,
    0.052130968312221526,
    0.052130968312221526,
    0.05500769000911315,
    0.05500769000911315,
    0.061274510772907964,
    0.061274510772907964,
    0.07313159593022861,
    0.07313159593022861,
    0.08697616432875616,
    0.08697616432875616,
    0.3169561502262693,
    0.3169561502262693,
    0.32324307304229033,
    0.32324307304229033,
    0.3583689545190731,
    0.3583689545190731,
    0.37944700875068954,
    0.37944700875068954,
    0.3839212498757714,
    0.3839212498757714,
    0.4127541774607919,
    0.4127541774607919,
    "inf"
  ],
  "clusters": [
    46,
    46,
    45,
    45,
    44,
    44,
    43,
    43,
    42,
    42,
    41,
    41,
    40,
    40,
    39,
    39,
    38,
    38,
    37,
    37,
    36,
    36,
    35,
    35,
    34,
    34,
    33,
    33,
    32,
    32,
    31,
    31,
    30,
    30,
    29,
    29,
    28,
    28,
    27,
    27,
    26,
    26,
    25,
    25,
    24,
    24,
    23,
    23,
    22,
    22,
    21,
    21,
    20,
    20,
    19,
    19,
    18,
    18,
    17,
    17,
    16,
    16,
    15,
    15,
    14,
    14,
    13,
    13,
    12,
    12,
    11,
    11,
    10,
    10,
    9,
    9,
    8,
    8,
    7,
    7,
    6,
    6,
    5,
    5,
    4,
    4,
    3,
    3,
    2,
    2,
    1,
    1
  ]
}
