{
  "info": {
    "datafile": "dataset/points/points_17000.png",
    "histogram resolution": [
      40,
      40
    ],
    "time_load (ms)": 18.355,
    "time histogram (ms)": 3939.685,
    "time MT (ms)": 25.935
  },
  "threshold": [
    0,
    3.844676265385427e-05,
    3.844676265385427e-05,
    0.00020665128985192238,
    0.00020665128985192238,
    0.0005877890691048382,
    0.0005877890691048382,
    0.001710880432957862,
    0.001710880432957862,
    0.001730103852552789,
    0.001730103852552789,
    0.0018454441246028574,
    0.0018454441246028574,
    0.0022282156148805132,
    0.0022282156148805132,
    0.003085351905182887,
    0.003085351905182887,
    0.0031771968718170007,
    0.0031771968718170007,
    0.003565904717220847,
    0.003565904717220847,
    0.0039668004264820644,
    0.0039668004264820644,
    0.004289482866349448,
    0.004289482866349448,
    0.006385930269182549,
    0.006385930269182549,
    0.007185019566806394,
    0.007185019566806394,
    0.007622068645158686,
    0.007622068645158686,
    0.008503516946383238,
    0.008503516946383238,
    0.009707804910802087,
    0.009707804910802087,
    0.011956374433252537,
    0.011956374433252537,
    0.012812945583562385,
    0.012812945583562385,
    0.012987086564305694,
    0.012987086564305694,
    0.013503353548256991,
    0.013503353548256991,
    0.013806341607241812,
    0.013806341607241812,
    0.014119569639054419,
    0.014119569639054419,
    0.015678736280941463,
    0.015678736280941463,
    0.018015789833896845,
    0.018015789833896845,
    0.018033568187949822,
    0.018033568187949822,
    0.027625687403718235,
    0.027625687403718235,
    0.027692340628253154,
    0.027692340628253154,
    0.03237643698807391,
    0.03237643698807391,
    0.0339677049616714,
    0.0339677049616714,
    0.03457946018337332,
    0.03457946018337332,
    0.0371011153339309,
    0.0371011153339309,
    0.03731935751095905,
    0.03731935751095905,
    0.051333198364127974,
    0.051333198364127974,
    0.060205917083174854,
    0.060205917083174854,
    0.06040323933228231,
    0.06040323933228231,
    0.19310842183482485,
    0.19310842183482485,
    0.26983852531331787,
    0.26983852531331787,
    0.30604575311601234,
    0.30604575311601234,
    0.32616527728369027,
    0.32616527728369027,
    0.33058439249026716,
    0.33058439249026716,
    0.3445501737113969,
    0.3445501737113969,
    "inf"
  ],
  "clusters": [
    43,
    43,
    42,
    42,
    41,
    41,
    40,
    40,
    39,
    39,
    38,
    38,
    37,
    37,
    36,
    36,
    35,
    35,
    34,
    34,
    33,
    33,
    32,
    32,
    31,
    31,
    30,
    30,
    29,
    29,
    28,
    28,
    27,
    27,
    26,
    26,
    25,
    25,
    24,
    24,
    23,
    23,
    22,
    22,
    21,
    21,
    20,
    20,
    19,
    19,
    18,
    18,
    17,
    17,
    16,
    16,
    15,
    15,
    14,
    14,
    13,
    13,
    12,
    12,
    11,
    11,
    10,
    10,
    9,
    9,
    8,
    8,
    7,
    7,
    6,
    6,
    5,
    5,
    4,
    4,
    3,
    3,
    2,
    2,
    1,
    1
  ]
}
