{
  "info": {
    "datafile": "dataset/points/points_15500.png",
    "histogram resolution": [
      40,
      40
    ],
    "time_load (ms)": 20.822,
    "time histogram (ms)": 3334.158,
    "time MT (ms)": 29.181
  },
  "threshold": [
    0,
    3.8446752381904314e-05,
    3.8446752381904314e-05,
    0.00023602033768221897,
    0.00023602033768221897,
    0.0005772666341808397,
    0.0005772666341808397,
    0.003227265559339887,
    0.003227265559339887,
    0.003461275722736079,
    0.003461275722736079,
    0.004892349351843739,
    0.004892349351843739,
    0.005224235270455957,
    0.005224235270455957,
    0.005545943169671941,
    0.005545943169671941,
    0.006330144609070165,
    0.006330144609070165,
    0.006535947852421065,
    0.006535947852421065,
    0.0066032297046551,
    0.0066032297046551,
    0.007809213738891541,
    0.007809213738891541,
    0.008256440149054078,
    0.008256440149054078,
    0.009294502311568809,
    0.009294502311568809,
    0.01280672628431978,
    0.01280672628431978,
    0.01331162271549069,
    0.01331162271549069,
    0.013634462197012587,
    0.013634462197012587,
    0.013667820274481823,
    0.013667820274481823,
    0.014414673465512229,
    0.014414673465512229,
    0.01654793432942725,
    0.01654793432942725,
    0.01818531368375187,
    0.01818531368375187,
    0.020713187566976654,
    0.020713187566976654,
    0.0207278877934452,
    0.0207278877934452,
    0.021147975013317444,
    0.021147975013317444,
    0.02178093288832461,
    0.02178093288832461,
    0.022114829220591825,
    0.022114829220591825,
    0.02348207627543819,
    0.02348207627543819,
    0.025316055414815797,
    0.025316055414815797,
    0.030001281880408848,
    0.030001281880408848,
    0.032666389697002085,
    0.032666389697002085,
    0.03356175200671013,
    0.03356175200671013,
    0.04100399482693451,
    0.04100399482693451,
    0.04427256501560939,
    0.04427256501560939,
    0.04484022060243226,
    0.04484022060243226,
    0.050881449027350034,
    0.050881449027350034,
    0.05672017245085237,
    0.05672017245085237,
    0.05931372622338432,
    0.05931372622338432,
    0.28264129414752714,
    0.28264129414752714,
    0.28780276950120054,
    0.28780276950120054,
    0.31958061155725137,
    0.31958061155725137,
    0.3261507347390748,
    0.3261507347390748,
    0.33058439249026716,
    0.33058439249026716,
    0.3440882472847476,
    0.3440882472847476,
    "inf"
  ],
  "clusters": [
    44,
    44,
    43,
    43,
    42,
    42,
    41,
    41,
    40,
    40,
    39,
    39,
    38,
    38,
    37,
    37,
    36,
    36,
    35,
    35,
    34,
    34,
    33,
    33,
    32,
    32,
    31,
    31,
    30,
    30,
    29,
    29,
    28,
    28,
    27,
    27,
    26,
    26,
    25,
    25,
    24,
    24,
    23,
    23,
    22,
    22,
    21,
    21,
    20,
    20,
    19,
    19,
    18,
    18,
    17,
    17,
    16,
    16,
    15,
    15,
    14,
    14,
    13,
    13,
    12,
    12,
    11,
    11,
    10,
    10,
    9,
    9,
    8,
    8,
    7,
    7,
    6,
    6,
    5,
    5,
    4,
    4,
    3,
    3,
    2,
    2,
    1,
    1
  ]
}
