{
  "info": {
    "datafile": "dataset/points/points_63000.png",
    "histogram resolution": [
      40,
      40
    ],
    "time_load (ms)": 19.572,
    "time histogram (ms)": 3033.463,
    "time MT (ms)": 22.931
  },
  "threshold": [
    0,
    7.123956907939544e-05,
    7.123956907939544e-05,
    0.0025892820273178963,
    0.0025892820273178963,
    0.026107480648163428,
    0.026107480648163428,
    0.028349673427227495,
    0.028349673427227495,
    0.03441945460223245,
    0.03441945460223245,
    0.07485243335694952,
    0.07485243335694952,
    0.07794117686503071,
    0.07794117686503071,
    0.09420924173639023,
    0.09420924173639023,
    "inf"
  ],
  "clusters": [
    9,
    9,
    8,
    8,
    7,
    7,
    6,
    6,
    5,
    5,
    4,
    4,
    3,
    3,
    2,
    2,
    1,
    1
  ]
}
