{
  "info": {
    "datafile": "dataset/points/points_11500.png",
    "histogram resolution": [
      40,
      40
    ],
    "time_load (ms)": 25.632,
    "time histogram (ms)": 3100.225,
    "time MT (ms)": 21.746
  },
  "threshold": [
    0,
    7.639094703298932e-05,
    7.639094703298932e-05,
    0.0011020146103540296,
    0.0011020146103540296,
    0.0011399902232782089,
    0.0011399902232782089,
    0.0017911663762054109,
    0.0017911663762054109,
    0.0018256559567590425,
    0.0018256559567590425,
    0.002277970049238076,
    0.002277970049238076,
    0.0033544790812884973,
    0.0033544790812884973,
    0.004208851554040438,
    0.004208851554040438,
    0.0055532941751551546,
    0.0055532941751551546,
    0.007037357469852734,
    0.007037357469852734,
    0.009227189000358016,
    0.009227189000358016,
    0.0114186851264379,
    0.0114186851264379,
    0.013603365406202772,
    0.013603365406202772,
    0.013708528938903064,
    0.013708528938903064,
    0.015391138989777509,
    0.015391138989777509,
    0.01755468036080582,
    0.01755468036080582,
    0.019272690732995812,
    0.019272690732995812,
    0.019544519431407836,
    0.019544519431407836,
    0.02444026085444445,
    0.02444026085444445,
    0.0263382868017924,
    0.0263382868017924,
    0.027956442734239473,
    0.027956442734239473,
    0.029247267142550937,
    0.029247267142550937,
    0.030741570655185624,
    0.030741570655185624,
    0.030923469732201003,
    0.030923469732201003,
    0.032814302522798655,
    0.032814302522798655,
    0.039108827440731464,
    0.039108827440731464,
    0.040683448132390165,
    0.040683448132390165,
    0.042615397473971195,
    0.042615397473971195,
    0.04458469396916026,
    0.04458469396916026,
    0.04521871990895032,
    0.04521871990895032,
    0.04943234459529261,
    0.04943234459529261,
    0.055833760958011736,
    0.055833760958011736,
    0.06821471473592577,
    0.06821471473592577,
    0.07041299595245354,
    0.07041299595245354,
    0.07081731457264756,
    0.07081731457264756,
    0.08220876701742263,
    0.08220876701742263,
    0.09083045057382005,
    0.09083045057382005,
    0.10275428311915535,
    0.10275428311915535,
    0.10500181688069093,
    0.10500181688069093,
    0.1064681331120449,
    0.1064681331120449,
    0.33582596606645976,
    0.33582596606645976,
    0.34626501359031,
    0.34626501359031,
    0.35625438315747143,
    0.35625438315747143,
    0.3794694359222537,
    0.3794694359222537,
    0.3896845251928978,
    0.3896845251928978,
    0.4127445657724111,
    0.4127445657724111,
    "inf"
  ],
  "clusters": [
    47,
    47,
    46,
    46,
    45,
    45,
    44,
    44,
    43,
    43,
    42,
    42,
    41,
    41,
    40,
    40,
    39,
    39,
    38,
    38,
    37,
    37,
    36,
    36,
    35,
    35,
    34,
    34,
    33,
    33,
    32,
    32,
    31,
    31,
    30,
    30,
    29,
    29,
    28,
    28,
    27,
    27,
    26,
    26,
    25,
    25,
    24,
    24,
    23,
    23,
    22,
    22,
    21,
    21,
    20,
    20,
    19,
    19,
    18,
    18,
    17,
    17,
    16,
    16,
    15,
    15,
    14,
    14,
    13,
    13,
    12,
    12,
    11,
    11,
    10,
    10,
    9,
    9,
    8,
    8,
    7,
    7,
    6,
    6,
    5,
    5,
    4,
    4,
    3,
    3,
    2,
    2,
    1,
    1
  ]
}
