{
  "info": {
    "datafile": "dataset/points/points_67000.png",
    "histogram resolution": [
      40,
      40
    ],
    "time_load (ms)": 18.776,
    "time histogram (ms)": 2971.803,
    "time MT (ms)": 22.454
  },
  "threshold": [
    0,
    0.0025503012957355797,
    0.0025503012957355797,
    0.02599854819278269,
    0.02599854819278269,
    0.028349673427227495,
    0.028349673427227495,
    0.031569306777345485,
    0.031569306777345485,
    0.045271050130181456,
    0.045271050130181456,
    0.04960965993059624,
    0.04960965993059624,
    0.0900230691505724,
    0.0900230691505724,
    "inf"
  ],
  "clusters": [
    8,
    8,
    7,
    7,
    6,
    6,
    5,
    5,
    4,
    4,
    3,
    3,
    2,
    2,
    1,
    1
  ]
}
