{
  "info": {
    "datafile": "dataset/points/points_47500.png",
    "histogram resolution": [
      40,
      40
    ],
    "time_load (ms)": 17.912,
    "time histogram (ms)": 2980.261,
    "time MT (ms)": 22.262
  },
  "threshold": [
    0,
    2.883506400108704e-05,
    2.883506400108704e-05,
    3.392360242449044e-05,
    3.392360242449044e-05,
    6.354393661711644e-05,
    6.354393661711644e-05,
    0.00011534025600434816,
    0.00011534025600434816,
    0.00016283330541411178,
    0.00016283330541411178,
    0.00019970952308978607,
    0.00019970952308978607,
    0.00019970952308978607,
    0.00019970952308978607,
    0.0007429269519489412,
    0.0007429269519489412,
    0.0025855440774238403,
    0.0025855440774238403,
    0.00720502809527046,
    0.00720502809527046,
    0.009102834003516636,
    0.009102834003516636,
    0.02304091253543472,
    0.02304091253543472,
    0.05757080699118822,
    0.05757080699118822,
    0.06389850197250352,
    0.06389850197250352,
    0.0999134962615904,
    0.0999134962615904,
    0.11701268823497801,
    0.11701268823497801,
    0.18336216988060255,
    0.18336216988060255,
    "inf"
  ],
  "clusters": [
    18,
    18,
    17,
    17,
    16,
    16,
    15,
    15,
    14,
    14,
    13,
    13,
    12,
    12,
    11,
    11,
    10,
    10,
    9,
    9,
    8,
    8,
    7,
    7,
    6,
    6,
    5,
    5,
    4,
    4,
    3,
    3,
    2,
    2,
    1,
    1
  ]
}
