{
  "info": {
    "datafile": "dataset/points/points_5500.png",
    "histogram resolution": [
      40,
      40
    ],
    "time_load (ms)": 21.251,
    "time histogram (ms)": 3589.071,
    "time MT (ms)": 27.762
  },
  "threshold": [
    0,
    0.0020670785145424087,
    0.0020670785145424087,
    0.003421760611601321,
    0.003421760611601321,
    0.006074587504069029,
    0.006074587504069029,
    0.012638772890766314,
    0.012638772890766314,
    0.012690254423854297,
    0.012690254423854297,
    0.01567254794968498,
    0.01567254794968498,
    0.01652249172284248,
    0.01652249172284248,
    0.017644859794198164,
    0.017644859794198164,
    0.021934940100711953,
    0.021934940100711953,
    0.029805843791394837,
    0.029805843791394837,
    0.030332350819107845,
    0.030332350819107845,
    0.03338082633496853,
    0.03338082633496853,
    0.0345347955384675,
    0.0345347955384675,
    0.037170438988056775,
    0.037170438988056775,
    0.041974241315734184,
    0.041974241315734184,
    0.04291744325485741,
    0.04291744325485741,
    0.043415994680273906,
    0.043415994680273906,
    0.045472895700311045,
    0.045472895700311045,
    0.0469546973089483,
    0.0469546973089483,
    0.04960303145263428,
    0.04960303145263428,
    0.05256098062981912,
    0.05256098062981912,
    0.054369360747351825,
    0.054369360747351825,
    0.06127564018031506,
    0.06127564018031506,
    0.0620298753316636,
    0.0620298753316636,
    0.10752764854556263,
    0.10752764854556263,
    0.11255072885317718,
    0.11255072885317718,
    0.11417563871530234,
    0.11417563871530234,
    0.11623103202529628,
    0.11623103202529628,
    0.13084390668161944,
    0.13084390668161944,
    0.14282968161769172,
    0.14282968161769172,
    0.14682459330304287,
    0.14682459330304287,
    0.1533704991285002,
    0.1533704991285002,
    0.18132876343127297,
    0.18132876343127297,
    0.20729847408020524,
    0.20729847408020524,
    0.22213411571197755,
    0.22213411571197755,
    0.24447328039654986,
    0.24447328039654986,
    0.24450692214925973,
    0.24450692214925973,
    0.2619916491503655,
    0.2619916491503655,
    0.40249156358211524,
    0.40249156358211524,
    0.4104823950512148,
    0.4104823950512148,
    0.45060553653028745,
    0.45060553653028745,
    0.47233734321818094,
    0.47233734321818094,
    0.4725351366435111,
    0.4725351366435111,
    0.49207205477389787,
    0.49207205477389787,
    "inf"
  ],
  "clusters": [
    45,
    45,
    44,
    44,
    43,
    43,
    42,
    42,
    41,
    41,
    40,
    40,
    39,
    39,
    38,
    38,
    37,
    37,
    36,
    36,
    35,
    35,
    34,
    34,
    33,
    33,
    32,
    32,
    31,
    31,
    30,
    30,
    29,
    29,
    28,
    28,
    27,
    27,
    26,
    26,
    25,
    25,
    24,
    24,
    23,
    23,
    22,
    22,
    21,
    21,
    20,
    20,
    19,
    19,
    18,
    18,
    17,
    17,
    16,
    16,
    15,
    15,
    14,
    14,
    13,
    13,
    12,
    12,
    11,
    11,
    10,
    10,
    9,
    9,
    8,
    8,
    7,
    7,
    6,
    6,
    5,
    5,
    4,
    4,
    3,
    3,
    2,
    2,
    1,
    1
  ]
}
