{
  "info": {
    "datafile": "dataset/points/points_58500.png",
    "histogram resolution": [
      40,
      40
    ],
    "time_load (ms)": 17.868,
    "time histogram (ms)": 3007.87,
    "time MT (ms)": 23.315
  },
  "threshold": [
    0,
    1.815541138594501e-05,
    1.815541138594501e-05,
    1.9223376761634547e-05,
    1.9223376761634547e-05,
    9.159373270933857e-05,
    9.159373270933857e-05,
    0.002994040884016669,
    0.002994040884016669,
    0.028349673427227495,
    0.028349673427227495,
    0.03848519869714828,
    0.03848519869714828,
    0.044671387844977706,
    0.044671387844977706,
    0.07612456831231934,
    0.07612456831231934,
    0.07794117686503071,
    0.07794117686503071,
    0.11190718611715211,
    0.11190718611715211,
    "inf"
  ],
  "clusters": [
    11,
    11,
    10,
    10,
    9,
    9,
    8,
    8,
    7,
    7,
    6,
    6,
    5,
    5,
    4,
    4,
    3,
    3,
    2,
    2,
    1,
    1
  ]
}
