{
  "info": {
    "datafile": "dataset/points/points_21000.png",
    "histogram resolution": [
      40,
      40
    ],
    "time_load (ms)": 17.3,
    "time histogram (ms)": 2953.681,
    "time MT (ms)": 24.566
  },
  "threshold": [
    0,
    1.9223376761634547e-05,
    1.9223376761634547e-05,
    2.0354163629943134e-05,
    2.0354163629943134e-05,
    3.0531244236464694e-05,
    3.0531244236464694e-05,
    0.00010064002792448123,
    0.00010064002792448123,
    0.0002691273149894591,
    0.0002691273149894591,
    0.0003364090853388846,
    0.0003364090853388846,
    0.0003364090853388846,
    0.0003364090853388846,
    0.0005331660024424645,
    0.0005331660024424645,
    0.0009515571713849535,
    0.0009515571713849535,
    0.00107650906326906,
    0.00107650906326906,
    0.0012890341620530044,
    0.0012890341620530044,
    0.0017509291999545096,
    0.0017509291999545096,
    0.001852228873406081,
    0.001852228873406081,
    0.0023407287473523053,
    0.0023407287473523053,
    0.002823166370271135,
    0.002823166370271135,
    0.003325644048506049,
    0.003325644048506049,
    0.0041090595068153934,
    0.0041090595068153934,
    0.005455543816058561,
    0.005455543816058561,
    0.00643191558863182,
    0.00643191558863182,
    0.007640977822591211,
    0.007640977822591211,
    0.008958093246773768,
    0.008958093246773768,
    0.011639754142950043,
    0.011639754142950043,
    0.012101900525052334,
    0.012101900525052334,
    0.013720967352560565,
    0.013720967352560565,
    0.013857792515088507,
    0.013857792515088507,
    0.014023546805578102,
    0.014023546805578102,
    0.015075398815558916,
    0.015075398815558916,
    0.021656829295003177,
    0.021656829295003177,
    0.028892733949433147,
    0.028892733949433147,
    0.032726100834211125,
    0.032726100834211125,
    0.032785467617442,
    0.032785467617442,
    0.03520761316359117,
    0.03520761316359117,
    0.049267250759314374,
    0.049267250759314374,
    0.17041522630040812,
    0.17041522630040812,
    0.20976547614954338,
    0.20976547614954338,
    0.2575163413960211,
    0.2575163413960211,
    0.26826434419274814,
    0.26826434419274814,
    0.3058823547371682,
    0.3058823547371682,
    0.3369184935867202,
    0.3369184935867202,
    "inf"
  ],
  "clusters": [
    40,
    40,
    39,
    39,
    38,
    38,
    37,
    37,
    36,
    36,
    35,
    35,
    34,
    34,
    33,
    33,
    32,
    32,
    31,
    31,
    30,
    30,
    29,
    29,
    28,
    28,
    27,
    27,
    26,
    26,
    25,
    25,
    24,
    24,
    23,
    23,
    22,
    22,
    21,
    21,
    20,
    20,
    19,
    19,
    18,
    18,
    17,
    17,
    16,
    16,
    15,
    15,
    14,
    14,
    13,
    13,
    12,
    12,
    11,
    11,
    10,
    10,
    9,
    9,
    8,
    8,
    7,
    7,
    6,
    6,
    5,
    5,
    4,
    4,
    3,
    3,
    2,
    2,
    1,
    1
  ]
}
