{
  "info": {
    "datafile": "dataset/points/points_62000.png",
    "histogram resolution": [
      40,
      40
    ],
    "time_load (ms)": 18.821,
    "time histogram (ms)": 3034.325,
    "time MT (ms)": 27.476
  },
  "threshold": [
    0,
    1.815541138594501e-05,
    1.815541138594501e-05,
    7.123956907939544e-05,
    7.123956907939544e-05,
    0.0025802043227028393,
    0.0025802043227028393,
    0.028349673427227495,
    0.028349673427227495,
    0.036535722587038466,
    0.036535722587038466,
    0.043709151078170805,
    0.043709151078170805,
    0.07485243335694952,
    0.07485243335694952,
    0.07794117686503071,
    0.07794117686503071,
    0.09420924173639023,
    0.09420924173639023,
    "inf"
  ],
  "clusters": [
    10,
    10,
    9,
    9,
    8,
    8,
    7,
    7,
    6,
    6,
    5,
    5,
    4,
    4,
    3,
    3,
    2,
    2,
    1,
    1
  ]
}
