{
  "info": {
    "datafile": "dataset/points/points_6000.png",
    "histogram resolution": [
      40,
      40
    ],
    "time_load (ms)": 20.033,
    "time histogram (ms)": 3302.75,
    "time MT (ms)": 22.571
  },
  "threshold": [
    0,
    0.0005564103888354155,
    0.0005564103888354155,
    0.0007223844345422004,
    0.0007223844345422004,
    0.0007977706183880384,
    0.0007977706183880384,
    0.0017012691067953556,
    0.0017012691067953556,
    0.0021337944028131384,
    0.0021337944028131384,
    0.005495058148178189,
    0.005495058148178189,
    0.01109468265309832,
    0.01109468265309832,
    0.014083792644193738,
    0.014083792644193738,
    0.01564716812602651,
    0.01564716812602651,
    0.021738245908300924,
    0.021738245908300924,
    0.022008848862389407,
    0.022008848862389407,
    0.026374470906863234,
    0.026374470906863234,
    0.02946943580172956,
    0.02946943580172956,
    0.03910995729030203,
    0.03910995729030203,
    0.04807766232018673,
    0.04807766232018673,
    0.04823748032686803,
    0.04823748032686803,
    0.050372029398487395,
    0.050372029398487395,
    0.05517391581343423,
    0.05517391581343423,
    0.06182237647875555,
    0.06182237647875555,
    0.06367799747577357,
    0.06367799747577357,
    0.0639657836416554,
    0.0639657836416554,
    0.06680283277657711,
    0.06680283277657711,
    0.06744464869933758,
    0.06744464869933758,
    0.07026596177980987,
    0.07026596177980987,
    0.07379853973900169,
    0.07379853973900169,
    0.08048544699463656,
    0.08048544699463656,
    0.09754902047225861,
    0.09754902047225861,
    0.09963362632805939,
    0.09963362632805939,
    0.11146278650394609,
    0.11146278650394609,
    0.11430640135150455,
    0.11430640135150455,
    0.1287576366339715,
    0.1287576366339715,
    0.13756995212006706,
    0.13756995212006706,
    0.1465013460895302,
    0.1465013460895302,
    0.16818371229609252,
    0.16818371229609252,
    0.20796114848969782,
    0.20796114848969782,
    0.2082276060291584,
    0.2082276060291584,
    0.22411038458812982,
    0.22411038458812982,
    0.26006343831563844,
    0.26006343831563844,
    0.40426306751118424,
    0.40426306751118424,
    0.4052661372908423,
    0.4052661372908423,
    0.41392846677732686,
    0.41392846677732686,
    0.45491914363217745,
    0.45491914363217745,
    0.49269672008325127,
    0.49269672008325127,
    0.5064592433898331,
    0.5064592433898331,
    "inf"
  ],
  "clusters": [
    45,
    45,
    44,
    44,
    43,
    43,
    42,
    42,
    41,
    41,
    40,
    40,
    39,
    39,
    38,
    38,
    37,
    37,
    36,
    36,
    35,
    35,
    34,
    34,
    33,
    33,
    32,
    32,
    31,
    31,
    30,
    30,
    29,
    29,
    28,
    28,
    27,
    27,
    26,
    26,
    25,
    25,
    24,
    24,
    23,
    23,
    22,
    22,
    21,
    21,
    20,
    20,
    19,
    19,
    18,
    18,
    17,
    17,
    16,
    16,
    15,
    15,
    14,
    14,
    13,
    13,
    12,
    12,
    11,
    11,
    10,
    10,
    9,
    9,
    8,
    8,
    7,
    7,
    6,
    6,
    5,
    5,
    4,
    4,
    3,
    3,
    2,
    2,
    1,
    1
  ]
}
