{
  "info": {
    "datafile": "dataset/points/points_3500.png",
    "histogram resolution": [
      40,
      40
    ],
    "time_load (ms)": 16.363,
    "time histogram (ms)": 3111.741,
    "time MT (ms)": 25.577
  },
  "threshold": [
    0,
    0.0022203005444002555,
    0.0022203005444002555,
    0.01961745537689652,
    0.01961745537689652,
    0.02281067028499928,
    0.02281067028499928,
    0.022926136269905473,
    0.022926136269905473,
    0.02512495210576876,
    0.02512495210576876,
    0.030545817960414556,
    0.030545817960414556,
    0.03131600867244144,
    0.03131600867244144,
    0.033709885058398226,
    0.033709885058398226,
    0.04270846692719432,
    0.04270846692719432,
    0.0448577472581711,
    0.0448577472581711,
    0.04777649623877772,
    0.04777649623877772,
    0.05070912938545741,
    0.05070912938545741,
    0.06398309014367487,
    0.06398309014367487,
    0.0650834090530128,
    0.0650834090530128,
    0.06655745129844559,
    0.06655745129844559,
    0.07250096228466751,
    0.07250096228466751,
    0.07282945529475587,
    0.07282945529475587,
    0.09610443942290714,
    0.09610443942290714,
    0.0965347046761923,
    0.0965347046761923,
    0.09670479308655544,
    0.09670479308655544,
    0.09699832709536232,
    0.09699832709536232,
    0.10171653459604824,
    0.10171653459604824,
    0.10724608218667958,
    0.10724608218667958,
    0.11590413980831216,
    0.11590413980831216,
    0.12453863924761832,
    0.12453863924761832,
    0.12501978932293356,
    0.12501978932293356,
    0.13051016743217292,
    0.13051016743217292,
    0.1409746255661708,
    0.1409746255661708,
    0.14100185907250556,
    0.14100185907250556,
    0.1593205110393378,
    0.1593205110393378,
    0.16867324755303642,
    0.16867324755303642,
    0.21844482966972628,
    0.21844482966972628,
    0.2419114820476549,
    0.2419114820476549,
    0.24952795962734076,
    0.24952795962734076,
    0.2602230978368534,
    0.2602230978368534,
    0.2626719435974692,
    0.2626719435974692,
    0.28986981513309906,
    0.28986981513309906,
    0.30283544816265456,
    0.30283544816265456,
    0.3722521258347662,
    0.3722521258347662,
    0.41633195432672127,
    0.41633195432672127,
    0.4485683919429984,
    0.4485683919429984,
    0.4752499039499454,
    0.4752499039499454,
    0.5172033188981258,
    0.5172033188981258,
    0.51924486035581,
    0.51924486035581,
    "inf"
  ],
  "clusters": [
    45,
    45,
    44,
    44,
    43,
    43,
    42,
    42,
    41,
    41,
    40,
    40,
    39,
    39,
    38,
    38,
    37,
    37,
    36,
    36,
    35,
    35,
    34,
    34,
    33,
    33,
    32,
    32,
    31,
    31,
    30,
    30,
    29,
    29,
    28,
    28,
    27,
    27,
    26,
    26,
    25,
    25,
    24,
    24,
    23,
    23,
    22,
    22,
    21,
    21,
    20,
    20,
    19,
    19,
    18,
    18,
    17,
    17,
    16,
    16,
    15,
    15,
    14,
    14,
    13,
    13,
    12,
    12,
    11,
    11,
    10,
    10,
    9,
    9,
    8,
    8,
    7,
    7,
    6,
    6,
    5,
    5,
    4,
    4,
    3,
    3,
    2,
    2,
    1,
    1
  ]
}
