{
  "info": {
    "datafile": "dataset/points/points_28500.png",
    "histogram resolution": [
      40,
      40
    ],
    "time_load (ms)": 19.487,
    "time histogram (ms)": 2980.19,
    "time MT (ms)": 22.963
  },
  "threshold": [
    0,
    2.7233116001001978e-05,
    2.7233116001001978e-05,
    2.883506514239631e-05,
    2.883506514239631e-05,
    2.883506514239631e-05,
    2.883506514239631e-05,
    4.53885273870025e-05,
    4.53885273870025e-05,
    8.169935015894803e-05,
    8.169935015894803e-05,
    9.15937351262941e-05,
    9.15937351262941e-05,
    0.00012495194324385617,
    0.00012495194324385617,
    0.00014247913815879087,
    0.00014247913815879087,
    0.00018714521818224972,
    0.00018714521818224972,
    0.0002595155782924574,
    0.0002595155782924574,
    0.00034495280986585053,
    0.00034495280986585053,
    0.00039674913128207034,
    0.00039674913128207034,
    0.00043252596229897966,
    0.00043252596229897966,
    0.0006717502083457005,
    0.0006717502083457005,
    0.0007593234106167968,
    0.0007593234106167968,
    0.0008458285592496395,
    0.0008458285592496395,
    0.0008746636027068266,
    0.0008746636027068266,
    0.0009428563571148296,
    0.0009428563571148296,
    0.0009719112884218895,
    0.0009719112884218895,
    0.0010984023662146125,
    0.0010984023662146125,
    0.0012687428228959075,
    0.0012687428228959075,
    0.0019698621213642964,
    0.0019698621213642964,
    0.0023910485816562854,
    0.0023910485816562854,
    0.002523602108272738,
    0.002523602108272738,
    0.002544270393319392,
    0.002544270393319392,
    0.0028292286430507962,
    0.0028292286430507962,
    0.002971707769124976,
    0.002971707769124976,
    0.00478718605004208,
    0.00478718605004208,
    0.010813149015245715,
    0.010813149015245715,
    0.012183945215963388,
    0.012183945215963388,
    0.014054549511547831,
    0.014054549511547831,
    0.01815541075107091,
    0.01815541075107091,
    0.052816790189822826,
    0.052816790189822826,
    0.098076532625474,
    0.098076532625474,
    0.16057285738255206,
    0.16057285738255206,
    0.18824437360011936,
    0.18824437360011936,
    0.19595134538529374,
    0.19595134538529374,
    0.22302106157359147,
    0.22302106157359147,
    0.29291618713542966,
    0.29291618713542966,
    "inf"
  ],
  "clusters": [
    40,
    40,
    39,
    39,
    38,
    38,
    37,
    37,
    36,
    36,
    35,
    35,
    34,
    34,
    33,
    33,
    32,
    32,
    31,
    31,
    30,
    30,
    29,
    29,
    28,
    28,
    27,
    27,
    26,
    26,
    25,
    25,
    24,
    24,
    23,
    23,
    22,
    22,
    21,
    21,
    20,
    20,
    19,
    19,
    18,
    18,
    17,
    17,
    16,
    16,
    15,
    15,
    14,
    14,
    13,
    13,
    12,
    12,
    11,
    11,
    10,
    10,
    9,
    9,
    8,
    8,
    7,
    7,
    6,
    6,
    5,
    5,
    4,
    4,
    3,
    3,
    2,
    2,
    1,
    1
  ]
}
