{
  "info": {
    "datafile": "dataset/points/points_10000.png",
    "histogram resolution": [
      40,
      40
    ],
    "time_load (ms)": 20.86,
    "time histogram (ms)": 3132.757,
    "time MT (ms)": 23.595
  },
  "threshold": [
    0,
    0.00010145669166417015,
    0.00010145669166417015,
    0.00014926419834276894,
    0.00014926419834276894,
    0.0017781622268052688,
    0.0017781622268052688,
    0.0019262951866948486,
    0.0019262951866948486,
    0.0021824181850461644,
    0.0021824181850461644,
    0.0029807540088851447,
    0.0029807540088851447,
    0.0031745266192136357,
    0.0031745266192136357,
    0.003825451699359439,
    0.003825451699359439,
    0.0040052464741954785,
    0.0040052464741954785,
    0.004147160595155075,
    0.004147160595155075,
    0.004503075833496295,
    0.004503075833496295,
    0.005536332302173597,
    0.005536332302173597,
    0.014849272470526031,
    0.014849272470526031,
    0.018751837995822807,
    0.018751837995822807,
    0.02004998127071589,
    0.02004998127071589,
    0.02145328718780587,
    0.02145328718780587,
    0.027202772732081326,
    0.027202772732081326,
    0.02915111868325382,
    0.02915111868325382,
    0.03129565585222022,
    0.03129565585222022,
    0.03441888864867543,
    0.03441888864867543,
    0.034733813210640785,
    0.034733813210640785,
    0.039740371709445665,
    0.039740371709445665,
    0.04120756764700173,
    0.04120756764700173,
    0.04316609059049581,
    0.04316609059049581,
    0.053252081014180164,
    0.053252081014180164,
    0.054046929464425575,
    0.054046929464425575,
    0.05637195278437496,
    0.05637195278437496,
    0.0605733913528248,
    0.0605733913528248,
    0.06452326126529051,
    0.06452326126529051,
    0.06529332683957423,
    0.06529332683957423,
    0.06959144765714714,
    0.06959144765714714,
    0.07862756532297882,
    0.07862756532297882,
    0.0802886903835428,
    0.0802886903835428,
    0.09590824895483069,
    0.09590824895483069,
    0.09989314103884289,
    0.09989314103884289,
    0.10173971688046174,
    0.10173971688046174,
    0.10656478381799411,
    0.10656478381799411,
    0.11487889398510259,
    0.11487889398510259,
    0.3382528234695351,
    0.3382528234695351,
    0.3571703204700633,
    0.3571703204700633,
    0.37836409116611247,
    0.37836409116611247,
    0.38574426658507355,
    0.38574426658507355,
    0.4249948816334915,
    0.4249948816334915,
    0.4924382731335721,
    0.4924382731335721,
    "inf"
  ],
  "clusters": [
    45,
    45,
    44,
    44,
    43,
    43,
    42,
    42,
    41,
    41,
    40,
    40,
    39,
    39,
    38,
    38,
    37,
    37,
    36,
    36,
    35,
    35,
    34,
    34,
    33,
    33,
    32,
    32,
    31,
    31,
    30,
    30,
    29,
    29,
    28,
    28,
    27,
    27,
    26,
    26,
    25,
    25,
    24,
    24,
    23,
    23,
    22,
    22,
    21,
    21,
    20,
    20,
    19,
    19,
    18,
    18,
    17,
    17,
    16,
    16,
    15,
    15,
    14,
    14,
    13,
    13,
    12,
    12,
    11,
    11,
    10,
    10,
    9,
    9,
    8,
    8,
    7,
    7,
    6,
    6,
    5,
    5,
    4,
    4,
    3,
    3,
    2,
    2,
    1,
    1
  ]
}
