{
  "info": {
    "datafile": "dataset/points/points_43500.png",
    "histogram resolution": [
      40,
      40
    ],
    "time_load (ms)": 18.912,
    "time histogram (ms)": 3030.92,
    "time MT (ms)": 21.905
  },
  "threshold": [
    0,
    1.815541138594501e-05,
    1.815541138594501e-05,
    2.883506400108704e-05,
    2.883506400108704e-05,
    2.883506400108704e-05,
    2.883506400108704e-05,
    5.088540786640783e-05,
    5.088540786640783e-05,
    9.611688152538767e-05,
    9.611688152538767e-05,
    0.00014869847070136943,
    0.00014869847070136943,
    0.00016283330541411178,
    0.00016283330541411178,
    0.0002632534618627336,
    0.0002632534618627336,
    0.00039407921334105867,
    0.00039407921334105867,
    0.0021066558402302316,
    0.0021066558402302316,
    0.0025951557658046576,
    0.0025951557658046576,
    0.00720502809527046,
    0.00720502809527046,
    0.03944636781693511,
    0.03944636781693511,
    0.058297023409977555,
    0.058297023409977555,
    0.06787830521647986,
    0.06787830521647986,
    0.09652057040012535,
    0.09652057040012535,
    0.12308727471527697,
    0.12308727471527697,
    0.13543028495257237,
    0.13543028495257237,
    0.23635140458217768,
    0.23635140458217768,
    "inf"
  ],
  "clusters": [
    20,
    20,
    19,
    19,
    18,
    18,
    17,
    17,
    16,
    16,
    15,
    15,
    14,
    14,
    13,
    13,
    12,
    12,
    11,
    11,
    10,
    10,
    9,
    9,
    8,
    8,
    7,
    7,
    6,
    6,
    5,
    5,
    4,
    4,
    3,
    3,
    2,
    2,
    1,
    1
  ]
}
