{
  "info": {
    "datafile": "dataset/points/points_21500.png",
    "histogram resolution": [
      40,
      40
    ],
    "time_load (ms)": 19.188,
    "time histogram (ms)": 3183.142,
    "time MT (ms)": 23.033
  },
  "threshold": [
    0,
    1.0177081814943811e-05,
    1.0177081814943811e-05,
    1.9223376761634547e-05,
    1.9223376761634547e-05,
    2.0354163629943134e-05,
    2.0354163629943134e-05,
    2.996580689479389e-05,
    2.996580689479389e-05,
    0.00010064002792448123,
    0.00010064002792448123,
    0.00015017484151763627,
    0.00015017484151763627,
    0.00016980649314235485,
    0.00016980649314235485,
    0.0002510346720132617,
    0.0002510346720132617,
    0.0002691273149894591,
    0.0002691273149894591,
    0.000336409080773592,
    0.000336409080773592,
    0.0003364090853388846,
    0.0003364090853388846,
    0.0003364090853388846,
    0.0003364090853388846,
    0.0005331660024424645,
    0.0005331660024424645,
    0.0009515571713849535,
    0.0009515571713849535,
    0.0010188389523868024,
    0.0010188389523868024,
    0.001198257113746548,
    0.001198257113746548,
    0.0017701525767161441,
    0.0017701525767161441,
    0.001852228873406081,
    0.001852228873406081,
    0.0023407287473523053,
    0.0023407287473523053,
    0.002487291266098257,
    0.002487291266098257,
    0.004336064975929033,
    0.004336064975929033,
    0.004620394957893126,
    0.004620394957893126,
    0.006218196871725923,
    0.006218196871725923,
    0.007640977822591211,
    0.007640977822591211,
    0.008958093246773768,
    0.008958093246773768,
    0.009922999971468116,
    0.009922999971468116,
    0.012281475670854858,
    0.012281475670854858,
    0.013465629444753657,
    0.013465629444753657,
    0.01373114443316703,
    0.01373114443316703,
    0.014023546805578102,
    0.014023546805578102,
    0.021656829295003177,
    0.021656829295003177,
    0.028831671460960273,
    0.028831671460960273,
    0.03240948052128356,
    0.03240948052128356,
    0.03277585592906118,
    0.03277585592906118,
    0.03484236901196852,
    0.03484236901196852,
    0.049267250759314374,
    0.049267250759314374,
    0.16447520336620142,
    0.16447520336620142,
    0.20976547614954338,
    0.20976547614954338,
    0.2575163413960211,
    0.2575163413960211,
    0.26826434419274814,
    0.26826434419274814,
    0.30222991375508257,
    0.30222991375508257,
    0.3369184935867202,
    0.3369184935867202,
    "inf"
  ],
  "clusters": [
    43,
    43,
    42,
    42,
    41,
    41,
    40,
    40,
    39,
    39,
    38,
    38,
    37,
    37,
    36,
    36,
    35,
    35,
    34,
    34,
    33,
    33,
    32,
    32,
    31,
    31,
    30,
    30,
    29,
    29,
    28,
    28,
    27,
    27,
    26,
    26,
    25,
    25,
    24,
    24,
    23,
    23,
    22,
    22,
    21,
    21,
    20,
    20,
    19,
    19,
    18,
    18,
    17,
    17,
    16,
    16,
    15,
    15,
    14,
    14,
    13,
    13,
    12,
    12,
    11,
    11,
    10,
    10,
    9,
    9,
    8,
    8,
    7,
    7,
    6,
    6,
    5,
    5,
    4,
    4,
    3,
    3,
    2,
    2,
    1,
    1
  ]
}
