{
  "info": {
    "datafile": "dataset/points/points_7500.png",
    "histogram resolution": [
      40,
      40
    ],
    "time_load (ms)": 18.079,
    "time histogram (ms)": 2987.842,
    "time MT (ms)": 25.432
  },
  "threshold": [
    0,
    0.0030639924916534,
    0.0030639924916534,
    0.003874421419153895,
    0.003874421419153895,
    0.005065359380644063,
    0.005065359380644063,
    0.006776240404212375,
    0.006776240404212375,
    0.008019539956599597,
    0.008019539956599597,
    0.010342175655715213,
    0.010342175655715213,
    0.01119548066515591,
    0.01119548066515591,
    0.01407490318212462,
    0.01407490318212462,
    0.015534623774402123,
    0.015534623774402123,
    0.02190503700837204,
    0.02190503700837204,
    0.026740846607480717,
    0.026740846607480717,
    0.027380871725273537,
    0.027380871725273537,
    0.027651130031249693,
    0.027651130031249693,
    0.03130865957874768,
    0.03130865957874768,
    0.032750413380885524,
    0.032750413380885524,
    0.03719723235140099,
    0.03719723235140099,
    0.044482891151097215,
    0.044482891151097215,
    0.055084582816526395,
    0.055084582816526395,
    0.05665449268024314,
    0.05665449268024314,
    0.057350805258299276,
    0.057350805258299276,
    0.05839496083781037,
    0.05839496083781037,
    0.06362880839134544,
    0.06362880839134544,
    0.06654171570427897,
    0.06654171570427897,
    0.0668215221514386,
    0.0668215221514386,
    0.06690695965160415,
    0.06690695965160415,
    0.06739288375813901,
    0.06739288375813901,
    0.07150269678760013,
    0.07150269678760013,
    0.07236639810178208,
    0.07236639810178208,
    0.07243474794840615,
    0.07243474794840615,
    0.09283288571961257,
    0.09283288571961257,
    0.09434041337270155,
    0.09434041337270155,
    0.11356209302960218,
    0.11356209302960218,
    0.11601872694804283,
    0.11601872694804283,
    0.14893536572062627,
    0.14893536572062627,
    0.15766899597376155,
    0.15766899597376155,
    0.19239288434403506,
    0.19239288434403506,
    0.20382384980244012,
    0.20382384980244012,
    0.369492503526785,
    0.369492503526785,
    0.3734252863519973,
    0.3734252863519973,
    0.42448096953597214,
    0.42448096953597214,
    0.4659676848440776,
    0.4659676848440776,
    0.4853551818297976,
    0.4853551818297976,
    0.5097537283333675,
    0.5097537283333675,
    "inf"
  ],
  "clusters": [
    44,
    44,
    43,
    43,
    42,
    42,
    41,
    41,
    40,
    40,
    39,
    39,
    38,
    38,
    37,
    37,
    36,
    36,
    35,
    35,
    34,
    34,
    33,
    33,
    32,
    32,
    31,
    31,
    30,
    30,
    29,
    29,
    28,
    28,
    27,
    27,
    26,
    26,
    25,
    25,
    24,
    24,
    23,
    23,
    22,
    22,
    21,
    21,
    20,
    20,
    19,
    19,
    18,
    18,
    17,
    17,
    16,
    16,
    15,
    15,
    14,
    14,
    13,
    13,
    12,
    12,
    11,
    11,
    10,
    10,
    9,
    9,
    8,
    8,
    7,
    7,
    6,
    6,
    5,
    5,
    4,
    4,
    3,
    3,
    2,
    2,
    1,
    1
  ]
}
