{
  "info": {
    "datafile": "dataset/points/points_14000.png",
    "histogram resolution": [
      40,
      40
    ],
    "time_load (ms)": 17.136,
    "time histogram (ms)": 3015.801,
    "time MT (ms)": 22.576
  },
  "threshold": [
    0,
    0.000696344908107549,
    0.000696344908107549,
    0.0011630142689682543,
    0.0011630142689682543,
    0.003121537114509687,
    0.003121537114509687,
    0.003766336868637865,
    0.003766336868637865,
    0.006205192744592802,
    0.006205192744592802,
    0.006262862793104951,
    0.006262862793104951,
    0.0065772216703963715,
    0.0065772216703963715,
    0.007231978746691292,
    0.007231978746691292,
    0.007239517061320366,
    0.007239517061320366,
    0.008103720981638862,
    0.008103720981638862,
    0.008248775630947502,
    0.008248775630947502,
    0.008644645221780933,
    0.008644645221780933,
    0.011776579242369356,
    0.011776579242369356,
    0.014268268068936552,
    0.014268268068936552,
    0.016313861686555853,
    0.016313861686555853,
    0.01690893802861898,
    0.01690893802861898,
    0.017476875522827007,
    0.017476875522827007,
    0.01832628472465192,
    0.01832628472465192,
    0.018733180109776704,
    0.018733180109776704,
    0.019587489346234555,
    0.019587489346234555,
    0.02018511025253855,
    0.02018511025253855,
    0.021168329280875253,
    0.021168329280875253,
    0.021545383870004486,
    0.021545383870004486,
    0.021549404407029626,
    0.021549404407029626,
    0.023918120009045196,
    0.023918120009045196,
    0.02785919506779272,
    0.02785919506779272,
    0.02794909220959052,
    0.02794909220959052,
    0.03224890932119573,
    0.03224890932119573,
    0.03751272204248263,
    0.03751272204248263,
    0.04189452029696977,
    0.04189452029696977,
    0.05170805414921348,
    0.05170805414921348,
    0.05201053953753204,
    0.05201053953753204,
    0.05344098510435219,
    0.05344098510435219,
    0.05539667956083111,
    0.05539667956083111,
    0.05650337548162543,
    0.05650337548162543,
    0.06237131115555111,
    0.06237131115555111,
    0.0871587863817409,
    0.0871587863817409,
    0.28277020356746774,
    0.28277020356746774,
    0.3207739372059027,
    0.3207739372059027,
    0.35639177370067754,
    0.35639177370067754,
    0.35749372553011577,
    0.35749372553011577,
    0.3578527502615151,
    0.3578527502615151,
    0.3594386795976236,
    0.3594386795976236,
    "inf"
  ],
  "clusters": [
    44,
    44,
    43,
    43,
    42,
    42,
    41,
    41,
    40,
    40,
    39,
    39,
    38,
    38,
    37,
    37,
    36,
    36,
    35,
    35,
    34,
    34,
    33,
    33,
    32,
    32,
    31,
    31,
    30,
    30,
    29,
    29,
    28,
    28,
    27,
    27,
    26,
    26,
    25,
    25,
    24,
    24,
    23,
    23,
    22,
    22,
    21,
    21,
    20,
    20,
    19,
    19,
    18,
    18,
    17,
    17,
    16,
    16,
    15,
    15,
    14,
    14,
    13,
    13,
    12,
    12,
    11,
    11,
    10,
    10,
    9,
    9,
    8,
    8,
    7,
    7,
    6,
    6,
    5,
    5,
    4,
    4,
    3,
    3,
    2,
    2,
    1,
    1
  ]
}
