{
  "info": {
    "datafile": "dataset/points/points_38000.png",
    "histogram resolution": [
      40,
      40
    ],
    "time_load (ms)": 17.111,
    "time histogram (ms)": 2970.522,
    "time MT (ms)": 20.89
  },
  "threshold": [
    0,
    1.0177081814943811e-05,
    1.0177081814943811e-05,
    1.815541138594501e-05,
    1.815541138594501e-05,
    1.9223376761634547e-05,
    1.9223376761634547e-05,
    1.9223376761634547e-05,
    1.9223376761634547e-05,
    2.7233116001001978e-05,
    2.7233116001001978e-05,
    2.883506400108704e-05,
    2.883506400108704e-05,
    5.088540786640783e-05,
    5.088540786640783e-05,
    9.611688152538767e-05,
    9.611688152538767e-05,
    0.00017301038857181483,
    0.00017301038857181483,
    0.00029048657786379106,
    0.00029048657786379106,
    0.0005478662228686759,
    0.0005478662228686759,
    0.0007080610332734771,
    0.0007080610332734771,
    0.0021371870844666963,
    0.0021371870844666963,
    0.0027777778427572897,
    0.0027777778427572897,
    0.004882737494292966,
    0.004882737494292966,
    0.009669358132423311,
    0.009669358132423311,
    0.023725823368091814,
    0.023725823368091814,
    0.09575615781214358,
    0.09575615781214358,
    0.10827886811630044,
    0.10827886811630044,
    0.12308727471527697,
    0.12308727471527697,
    0.13544844036180248,
    0.13544844036180248,
    0.16029411945583333,
    0.16029411945583333,
    0.2448911068132824,
    0.2448911068132824,
    "inf"
  ],
  "clusters": [
    24,
    24,
    23,
    23,
    22,
    22,
    21,
    21,
    20,
    20,
    19,
    19,
    18,
    18,
    17,
    17,
    16,
    16,
    15,
    15,
    14,
    14,
    13,
    13,
    12,
    12,
    11,
    11,
    10,
    10,
    9,
    9,
    8,
    8,
    7,
    7,
    6,
    6,
    5,
    5,
    4,
    4,
    3,
    3,
    2,
    2,
    1,
    1
  ]
}
