{
  "info": {
    "datafile": "dataset/points/points_34000.png",
    "histogram resolution": [
      40,
      40
    ],
    "time_load (ms)": 18.221,
    "time histogram (ms)": 2979.634,
    "time MT (ms)": 22.372
  },
  "threshold": [
    0,
    1.0993761219713072e-06,
    1.0993761219713072e-06,
    2.7233117078973024e-05,
    2.7233117078973024e-05,
    4.805844076272159e-05,
    4.805844076272159e-05,
    5.088540786640783e-05,
    5.088540786640783e-05,
    5.767012800217408e-05,
    5.767012800217408e-05,
    6.106248847287388e-05,
    6.106248847287388e-05,
    9.985475938906196e-05,
    9.985475938906196e-05,
    0.00011534025600434816,
    0.00011534025600434816,
    0.00020184545257295738,
    0.00020184545257295738,
    0.00023407288053584052,
    0.00023407288053584052,
    0.00032679739632401894,
    0.00032679739632401894,
    0.0006247597299151031,
    0.0006247597299151031,
    0.0006247597436110364,
    0.0006247597436110364,
    0.0006824298601999512,
    0.0006824298601999512,
    0.0009531590751268859,
    0.0009531590751268859,
    0.0013456363653234216,
    0.0013456363653234216,
    0.0015265622021546355,
    0.0015265622021546355,
    0.0038197977937523553,
    0.0038197977937523553,
    0.0039023453582023304,
    0.0039023453582023304,
    0.004950019350622337,
    0.004950019350622337,
    0.006091140417589069,
    0.006091140417589069,
    0.011938784468420893,
    0.011938784468420893,
    0.013199674697096597,
    0.013199674697096597,
    0.03448956304701367,
    0.03448956304701367,
    0.09877875099396882,
    0.09877875099396882,
    0.13513071996728993,
    0.13513071996728993,
    0.1389070461025565,
    0.1389070461025565,
    0.13946559079397725,
    0.13946559079397725,
    0.16029411945583333,
    0.16029411945583333,
    0.262004999385681,
    0.262004999385681,
    "inf"
  ],
  "clusters": [
    31,
    31,
    30,
    30,
    29,
    29,
    28,
    28,
    27,
    27,
    26,
    26,
    25,
    25,
    24,
    24,
    23,
    23,
    22,
    22,
    21,
    21,
    20,
    20,
    19,
    19,
    18,
    18,
    17,
    17,
    16,
    16,
    15,
    15,
    14,
    14,
    13,
    13,
    12,
    12,
    11,
    11,
    10,
    10,
    9,
    9,
    8,
    8,
    7,
    7,
    6,
    6,
    5,
    5,
    4,
    4,
    3,
    3,
    2,
    2,
    1,
    1
  ]
}
