{
  "info": {
    "datafile": "dataset/points/points_68500.png",
    "histogram resolution": [
      40,
      40
    ],
    "time_load (ms)": 18.552,
    "time histogram (ms)": 2990.352,
    "time MT (ms)": 22.646
  },
  "threshold": [
    0,
    0.0007112649139290883,
    0.0007112649139290883,
    0.0025503012957355797,
    0.0025503012957355797,
    0.0251543216139975,
    0.0251543216139975,
    0.02755670943959415,
    0.02755670943959415,
    0.027986974137993115,
    0.027986974137993115,
    0.045271050130181456,
    0.045271050130181456,
    0.04960965993059624,
    0.04960965993059624,
    0.0900230691505724,
    0.0900230691505724,
    "inf"
  ],
  "clusters": [
    9,
    9,
    8,
    8,
    7,
    7,
    6,
    6,
    5,
    5,
    4,
    4,
    3,
    3,
    2,
    2,
    1,
    1
  ]
}
