{
  "info": {
    "datafile": "dataset/points/points_1000.png",
    "histogram resolution": [
      40,
      40
    ],
    "time_load (ms)": 19.588,
    "time histogram (ms)": 3168.793,
    "time MT (ms)": 21.494
  },
  "threshold": [
    0,
    0.0019240336365903277,
    0.0019240336365903277,
    0.002142652287491109,
    0.002142652287491109,
    0.0029741259598866643,
    0.0029741259598866643,
    0.00545086345304624,
    0.00545086345304624,
    0.008610376188018076,
    0.008610376188018076,
    0.01733496133238077,
    0.01733496133238077,
    0.019309881261969863,
    0.019309881261969863,
    0.024235022367078085,
    0.024235022367078085,
    0.026285296105901468,
    0.026285296105901468,
    0.026708053152110223,
    0.026708053152110223,
    0.027211755653133163,
    0.027211755653133163,
    0.03152633567943297,
    0.03152633567943297,
    0.03872505028172468,
    0.03872505028172468,
    0.041474432754303514,
    0.041474432754303514,
    0.042348718738648095,
    0.042348718738648095,
    0.042474047965644024,
    0.042474047965644024,
    0.043712887943424095,
    0.043712887943424095,
    0.04620394849990772,
    0.04620394849990772,
    0.04818621764202291,
    0.04818621764202291,
    0.04868533429466515,
    0.04868533429466515,
    0.05163719079787954,
    0.05163719079787954,
    0.05349705217118039,
    0.05349705217118039,
    0.05411267111393714,
    0.05411267111393714,
    0.05528981999989335,
    0.05528981999989335,
    0.057354008936179146,
    0.057354008936179146,
    0.05998654412572357,
    0.05998654412572357,
    0.0675649820515074,
    0.0675649820515074,
    0.07027387676380281,
    0.07027387676380281,
    0.07265911403793746,
    0.07265911403793746,
    0.08112264461084906,
    0.08112264461084906,
    0.08892733534120334,
    0.08892733534120334,
    0.09076316758771152,
    0.09076316758771152,
    0.09216647427163871,
    0.09216647427163871,
    0.09724364386344864,
    0.09724364386344864,
    0.10016057107542797,
    0.10016057107542797,
    0.10124845137162242,
    0.10124845137162242,
    0.10258554416142551,
    0.10258554416142551,
    0.10403577782828122,
    0.10403577782828122,
    0.10721473354181676,
    0.10721473354181676,
    0.12171789107257724,
    0.12171789107257724,
    0.12189542381640739,
    0.12189542381640739,
    0.13737024114850693,
    0.13737024114850693,
    0.14076209916633786,
    0.14076209916633786,
    0.155380283019934,
    0.155380283019934,
    0.1611474208464777,
    0.1611474208464777,
    0.19346405192296579,
    0.19346405192296579,
    0.19377376149613457,
    0.19377376149613457,
    0.21237985339636611,
    0.21237985339636611,
    0.22006540225421778,
    0.22006540225421778,
    0.2250822328116282,
    0.2250822328116282,
    0.23107427148694826,
    0.23107427148694826,
    0.2468145721790197,
    0.2468145721790197,
    0.2767370449979424,
    0.2767370449979424,
    0.2776768535805749,
    0.2776768535805749,
    0.2827215763517884,
    0.2827215763517884,
    0.29226089367963104,
    0.29226089367963104,
    0.30587273971268947,
    0.30587273971268947,
    0.30709851259685794,
    0.30709851259685794,
    0.33716358902026167,
    0.33716358902026167,
    "inf"
  ],
  "clusters": [
    60,
    60,
    59,
    59,
    58,
    58,
    57,
    57,
    56,
    56,
    55,
    55,
    54,
    54,
    53,
    53,
    52,
    52,
    51,
    51,
    50,
    50,
    49,
    49,
    48,
    48,
    47,
    47,
    46,
    46,
    45,
    45,
    44,
    44,
    43,
    43,
    42,
    42,
    41,
    41,
    40,
    40,
    39,
    39,
    38,
    38,
    37,
    37,
    36,
    36,
    35,
    35,
    34,
    34,
    33,
    33,
    32,
    32,
    31,
    31,
    30,
    30,
    29,
    29,
    28,
    28,
    27,
    27,
    26,
    26,
    25,
    25,
    24,
    24,
    23,
    23,
    22,
    22,
    21,
    21,
    20,
    20,
    19,
    19,
    18,
    18,
    17,
    17,
    16,
    16,
    15,
    15,
    14,
    14,
    13,
    13,
    12,
    12,
    11,
    11,
    10,
    10,
    9,
    9,
    8,
    8,
    7,
    7,
    6,
    6,
    5,
    5,
    4,
    4,
    3,
    3,
    2,
    2,
    1,
    1
  ]
}
