{
  "info": {
    "datafile": "dataset/points/points_68000.png",
    "histogram resolution": [
      40,
      40
    ],
    "time_load (ms)": 21.126,
    "time histogram (ms)": 3001.479,
    "time MT (ms)": 22.735
  },
  "threshold": [
    0,
    0.0007112649139290883,
    0.0007112649139290883,
    0.0025503012957355797,
    0.0025503012957355797,
    0.02599854819278269,
    0.02599854819278269,
    0.028349673427227495,
    0.028349673427227495,
    0.03148789012282571,
    0.03148789012282571,
    0.045271050130181456,
    0.045271050130181456,
    0.04960965993059624,
    0.04960965993059624,
    0.0900230691505724,
    0.0900230691505724,
    "inf"
  ],
  "clusters": [
    9,
    9,
    8,
    8,
    7,
    7,
    6,
    6,
    5,
    5,
    4,
    4,
    3,
    3,
    2,
    2,
    1,
    1
  ]
}
