{
  "info": {
    "datafile": "dataset/points/points_12000.png",
    "histogram resolution": [
      40,
      40
    ],
    "time_load (ms)": 19.067,
    "time histogram (ms)": 3030.798,
    "time MT (ms)": 22.533
  },
  "threshold": [
    0,
    0.0010825085534208467,
    0.0010825085534208467,
    0.001882760111331705,
    0.001882760111331705,
    0.0022491349863782983,
    0.0022491349863782983,
    0.002748440249222883,
    0.002748440249222883,
    0.0033544790812884973,
    0.0033544790812884973,
    0.0060153145600244096,
    0.0060153145600244096,
    0.008679353748448193,
    0.008679353748448193,
    0.009006151412476737,
    0.009006151412476737,
    0.01161091907095968,
    0.01161091907095968,
    0.011614123027830547,
    0.011614123027830547,
    0.013278829879927678,
    0.013278829879927678,
    0.014756076781775151,
    0.014756076781775151,
    0.014759594819888755,
    0.014759594819888755,
    0.017637447136746476,
    0.017637447136746476,
    0.017699923651893545,
    0.017699923651893545,
    0.019272690732995812,
    0.019272690732995812,
    0.024496234883312595,
    0.024496234883312595,
    0.026050752345481376,
    0.026050752345481376,
    0.029607265684566564,
    0.029607265684566564,
    0.032200285755613456,
    0.032200285755613456,
    0.035899654272761095,
    0.035899654272761095,
    0.03923170629828915,
    0.03923170629828915,
    0.04267306761110401,
    0.04267306761110401,
    0.04521871990895032,
    0.04521871990895032,
    0.04797975569568691,
    0.04797975569568691,
    0.04943234459529261,
    0.04943234459529261,
    0.05166282285890522,
    0.05166282285890522,
    0.05537067285467384,
    0.05537067285467384,
    0.06038118923245955,
    0.06038118923245955,
    0.06270721749117386,
    0.06270721749117386,
    0.06518740954700397,
    0.06518740954700397,
    0.07733564113960695,
    0.07733564113960695,
    0.09587872306561895,
    0.09587872306561895,
    0.10677677510668421,
    0.10677677510668421,
    0.1081701866140109,
    0.1081701866140109,
    0.3169369268517903,
    0.3169369268517903,
    0.3361391940236162,
    0.3361391940236162,
    0.35625438315747143,
    0.35625438315747143,
    0.3794694359222537,
    0.3794694359222537,
    0.389703748585638,
    0.389703748585638,
    0.4127541774607919,
    0.4127541774607919,
    "inf"
  ],
  "clusters": [
    42,
    42,
    41,
    41,
    40,
    40,
    39,
    39,
    38,
    38,
    37,
    37,
    36,
    36,
    35,
    35,
    34,
    34,
    33,
    33,
    32,
    32,
    31,
    31,
    30,
    30,
    29,
    29,
    28,
    28,
    27,
    27,
    26,
    26,
    25,
    25,
    24,
    24,
    23,
    23,
    22,
    22,
    21,
    21,
    20,
    20,
    19,
    19,
    18,
    18,
    17,
    17,
    16,
    16,
    15,
    15,
    14,
    14,
    13,
    13,
    12,
    12,
    11,
    11,
    10,
    10,
    9,
    9,
    8,
    8,
    7,
    7,
    6,
    6,
    5,
    5,
    4,
    4,
    3,
    3,
    2,
    2,
    1,
    1
  ]
}
