{
  "info": {
    "datafile": "dataset/points/points_50500.png",
    "histogram resolution": [
      40,
      40
    ],
    "time_load (ms)": 18.748,
    "time histogram (ms)": 2950.554,
    "time MT (ms)": 21.992
  },
  "threshold": [
    0,
    1.815541138594501e-05,
    1.815541138594501e-05,
    1.9223376761634547e-05,
    1.9223376761634547e-05,
    3.8446753523213584e-05,
    3.8446753523213584e-05,
    4.8058198801437246e-05,
    4.8058198801437246e-05,
    9.15937351262941e-05,
    9.15937351262941e-05,
    0.00019336455327595425,
    0.00019336455327595425,
    0.00042743741447642813,
    0.00042743741447642813,
    0.00720502809527046,
    0.00720502809527046,
    0.022990027127568313,
    0.022990027127568313,
    0.054757786175126555,
    0.054757786175126555,
    0.05757080699118822,
    0.05757080699118822,
    0.09941368847720178,
    0.09941368847720178,
    0.11701268823497801,
    0.11701268823497801,
    0.15324875192862808,
    0.15324875192862808,
    "inf"
  ],
  "clusters": [
    15,
    15,
    14,
    14,
    13,
    13,
    12,
    12,
    11,
    11,
    10,
    10,
    9,
    9,
    8,
    8,
    7,
    7,
    6,
    6,
    5,
    5,
    4,
    4,
    3,
    3,
    2,
    2,
    1,
    1
  ]
}
