{
  "info": {
    "datafile": "dataset/points/points_31000.png",
    "histogram resolution": [
      40,
      40
    ],
    "time_load (ms)": 18.963,
    "time histogram (ms)": 3113.45,
    "time MT (ms)": 23.582
  },
  "threshold": [
    0,
    1.9223376761634547e-05,
    1.9223376761634547e-05,
    1.9223376761634547e-05,
    1.9223376761634547e-05,
    1.9223376761634547e-05,
    1.9223376761634547e-05,
    2.7233117078973024e-05,
    2.7233117078973024e-05,
    5.980605989480692e-05,
    5.980605989480692e-05,
    6.354393769503197e-05,
    6.354393769503197e-05,
    7.262164554383554e-05,
    7.262164554383554e-05,
    9.985475938906196e-05,
    9.985475938906196e-05,
    0.0001119478963392817,
    0.0001119478963392817,
    0.00011534025714565743,
    0.00011534025714565743,
    0.00012495194324385617,
    0.00012495194324385617,
    0.00013456363048330866,
    0.00013456363048330866,
    0.00022389578784470787,
    0.00022389578784470787,
    0.0002442499551000288,
    0.0002442499551000288,
    0.0005991285628018095,
    0.0005991285628018095,
    0.0006004478065393948,
    0.0006004478065393948,
    0.0006247597299151031,
    0.0006247597299151031,
    0.0008435669877956409,
    0.0008435669877956409,
    0.0008650519252693667,
    0.0008650519252693667,
    0.00094568330595729,
    0.00094568330595729,
    0.0010530138399055256,
    0.0010530138399055256,
    0.0016690413451473374,
    0.0016690413451473374,
    0.0018646674773966088,
    0.0018646674773966088,
    0.002544270393319392,
    0.002544270393319392,
    0.0028139628909555903,
    0.0028139628909555903,
    0.004858425615496043,
    0.004858425615496043,
    0.006436093213441962,
    0.006436093213441962,
    0.01070742051610174,
    0.01070742051610174,
    0.01236220119753706,
    0.01236220119753706,
    0.013362507996468376,
    0.013362507996468376,
    0.05317468422868116,
    0.05317468422868116,
    0.09967433415501536,
    0.09967433415501536,
    0.1389070461025565,
    0.1389070461025565,
    0.14388696727566602,
    0.14388696727566602,
    0.1757112665731898,
    0.1757112665731898,
    0.1804284688723446,
    0.1804284688723446,
    0.2633506356893728,
    0.2633506356893728,
    "inf"
  ],
  "clusters": [
    38,
    38,
    37,
    37,
    36,
    36,
    35,
    35,
    34,
    34,
    33,
    33,
    32,
    32,
    31,
    31,
    30,
    30,
    29,
    29,
    28,
    28,
    27,
    27,
    26,
    26,
    25,
    25,
    24,
    24,
    23,
    23,
    22,
    22,
    21,
    21,
    20,
    20,
    19,
    19,
    18,
    18,
    17,
    17,
    16,
    16,
    15,
    15,
    14,
    14,
    13,
    13,
    12,
    12,
    11,
    11,
    10,
    10,
    9,
    9,
    8,
    8,
    7,
    7,
    6,
    6,
    5,
    5,
    4,
    4,
    3,
    3,
    2,
    2,
    1,
    1
  ]
}
