{
  "info": {
    "datafile": "dataset/points/points_19000.png",
    "histogram resolution": [
      40,
      40
    ],
    "time_load (ms)": 20.044,
    "time histogram (ms)": 3390.568,
    "time MT (ms)": 31.76
  },
  "threshold": [
    0,
    3.8446753523213584e-05,
    3.8446753523213584e-05,
    0.0002691273149894591,
    0.0002691273149894591,
    0.0003533708815158798,
    0.0003533708815158798,
    0.0003844675203949488,
    0.0003844675203949488,
    0.0005687857920845252,
    0.0005687857920845252,
    0.0006824298590585864,
    0.0006824298590585864,
    0.0012054187584036868,
    0.0012054187584036868,
    0.002864282880681468,
    0.002864282880681468,
    0.0030282471655795895,
    0.0030282471655795895,
    0.0032086078528177353,
    0.0032086078528177353,
    0.0036552054490061048,
    0.0036552054490061048,
    0.0041234141039888095,
    0.0041234141039888095,
    0.00463377595766945,
    0.00463377595766945,
    0.0052260255855482995,
    0.0052260255855482995,
    0.005777723844960059,
    0.005777723844960059,
    0.00611837343657734,
    0.00611837343657734,
    0.0064595882522910375,
    0.0064595882522910375,
    0.00647262388084624,
    0.00647262388084624,
    0.006584571804980177,
    0.006584571804980177,
    0.007583621893918091,
    0.007583621893918091,
    0.007824228244802,
    0.007824228244802,
    0.009707804910802087,
    0.009707804910802087,
    0.013173540618075685,
    0.013173540618075685,
    0.013646335414886857,
    0.013646335414886857,
    0.015830450093227533,
    0.015830450093227533,
    0.019678517625086545,
    0.019678517625086545,
    0.02355542038368641,
    0.02355542038368641,
    0.02832281758048444,
    0.02832281758048444,
    0.03514655067511829,
    0.03514655067511829,
    0.03784969633589086,
    0.03784969633589086,
    0.03822621687302469,
    0.03822621687302469,
    0.04088190118555296,
    0.04088190118555296,
    0.04097971360138997,
    0.04097971360138997,
    0.051333198364127974,
    0.051333198364127974,
    0.18617839477819337,
    0.18617839477819337,
    0.21817570295887906,
    0.21817570295887906,
    0.30406681340644826,
    0.30406681340644826,
    0.3058823547371682,
    0.3058823547371682,
    0.315767975817262,
    0.315767975817262,
    0.3447904659106451,
    0.3447904659106451,
    "inf"
  ],
  "clusters": [
    41,
    41,
    40,
    40,
    39,
    39,
    38,
    38,
    37,
    37,
    36,
    36,
    35,
    35,
    34,
    34,
    33,
    33,
    32,
    32,
    31,
    31,
    30,
    30,
    29,
    29,
    28,
    28,
    27,
    27,
    26,
    26,
    25,
    25,
    24,
    24,
    23,
    23,
    22,
    22,
    21,
    21,
    20,
    20,
    19,
    19,
    18,
    18,
    17,
    17,
    16,
    16,
    15,
    15,
    14,
    14,
    13,
    13,
    12,
    12,
    11,
    11,
    10,
    10,
    9,
    9,
    8,
    8,
    7,
    7,
    6,
    6,
    5,
    5,
    4,
    4,
    3,
    3,
    2,
    2,
    1,
    1
  ]
}
