{
  "info": {
    "datafile": "dataset/points/points_39500.png",
    "histogram resolution": [
      40,
      40
    ],
    "time_load (ms)": 18.018,
    "time histogram (ms)": 3007.725,
    "time MT (ms)": 22.966
  },
  "threshold": [
    0,
    9.611688380817274e-06,
    9.611688380817274e-06,
    1.0177081814943811e-05,
    1.0177081814943811e-05,
    2.7233116001001978e-05,
    2.7233116001001978e-05,
    2.883506400108704e-05,
    2.883506400108704e-05,
    5.088540786640783e-05,
    5.088540786640783e-05,
    9.611688152538767e-05,
    9.611688152538767e-05,
    0.00017301038857181483,
    0.00017301038857181483,
    0.00025442704174888364,
    0.00025442704174888364,
    0.0002632534618627336,
    0.0002632534618627336,
    0.0005094194693454068,
    0.0005094194693454068,
    0.0021371870844666963,
    0.0021371870844666963,
    0.0025951557658046576,
    0.0025951557658046576,
    0.0035274894725458306,
    0.0035274894725458306,
    0.009669358132423311,
    0.009669358132423311,
    0.06657133566530254,
    0.06657133566530254,
    0.07548058579684985,
    0.07548058579684985,
    0.08707228075831619,
    0.08707228075831619,
    0.10467501962126269,
    0.10467501962126269,
    0.12308727471527697,
    0.12308727471527697,
    0.13544844036180248,
    0.13544844036180248,
    0.2448911068132824,
    0.2448911068132824,
    "inf"
  ],
  "clusters": [
    22,
    22,
    21,
    21,
    20,
    20,
    19,
    19,
    18,
    18,
    17,
    17,
    16,
    16,
    15,
    15,
    14,
    14,
    13,
    13,
    12,
    12,
    11,
    11,
    10,
    10,
    9,
    9,
    8,
    8,
    7,
    7,
    6,
    6,
    5,
    5,
    4,
    4,
    3,
    3,
    2,
    2,
    1,
    1
  ]
}
