{
  "info": {
    "datafile": "dataset/points/points_49000.png",
    "histogram resolution": [
      40,
      40
    ],
    "time_load (ms)": 18.809,
    "time histogram (ms)": 3090.921,
    "time MT (ms)": 22.075
  },
  "threshold": [
    0,
    1.815541138594501e-05,
    1.815541138594501e-05,
    1.815541138594501e-05,
    1.815541138594501e-05,
    1.9223376761634547e-05,
    1.9223376761634547e-05,
    6.354393661711644e-05,
    6.354393661711644e-05,
    0.00016283330541411178,
    0.00016283330541411178,
    0.00042743741447642813,
    0.00042743741447642813,
    0.0009515571188838945,
    0.0009515571188838945,
    0.00720502809527046,
    0.00720502809527046,
    0.02304091253543472,
    0.02304091253543472,
    0.05690119303215074,
    0.05690119303215074,
    0.05757080699118822,
    0.05757080699118822,
    0.0999134962615904,
    0.0999134962615904,
    0.11701268823497801,
    0.11701268823497801,
    0.18333333481546016,
    0.18333333481546016,
    "inf"
  ],
  "clusters": [
    15,
    15,
    14,
    14,
    13,
    13,
    12,
    12,
    11,
    11,
    10,
    10,
    9,
    9,
    8,
    8,
    7,
    7,
    6,
    6,
    5,
    5,
    4,
    4,
    3,
    3,
    2,
    2,
    1,
    1
  ]
}
