{
  "info": {
    "datafile": "dataset/points/points_4000.png",
    "histogram resolution": [
      40,
      40
    ],
    "time_load (ms)": 19.888,
    "time histogram (ms)": 3357.272,
    "time MT (ms)": 21.689
  },
  "threshold": [
    0,
    0.003942488124991539,
    0.003942488124991539,
    0.003972171680372394,
    0.003972171680372394,
    0.00977508619512546,
    0.00977508619512546,
    0.02010284507421939,
    0.02010284507421939,
    0.023603100627460294,
    0.023603100627460294,
    0.025970780879587818,
    0.025970780879587818,
    0.029405545613555517,
    0.029405545613555517,
    0.033709885058398226,
    0.033709885058398226,
    0.0349577089963371,
    0.0349577089963371,
    0.03543669104876407,
    0.03543669104876407,
    0.04219157167980225,
    0.04219157167980225,
    0.053148676453839305,
    0.053148676453839305,
    0.055709876799179825,
    0.055709876799179825,
    0.05776115538092652,
    0.05776115538092652,
    0.05913537545217157,
    0.05913537545217157,
    0.0627513174829637,
    0.0627513174829637,
    0.06489271331953506,
    0.06489271331953506,
    0.06966551436412644,
    0.06966551436412644,
    0.06981025303318145,
    0.06981025303318145,
    0.07009803879933024,
    0.07009803879933024,
    0.0724817378932665,
    0.0724817378932665,
    0.0768494023170726,
    0.0768494023170726,
    0.07749903832982274,
    0.07749903832982274,
    0.07963283432592805,
    0.07963283432592805,
    0.08440770681116583,
    0.08440770681116583,
    0.08719883393191918,
    0.08719883393191918,
    0.10095582980206558,
    0.10095582980206558,
    0.10562170665864773,
    0.10562170665864773,
    0.11846179143050867,
    0.11846179143050867,
    0.11849006049543398,
    0.11849006049543398,
    0.1203506134261737,
    0.1203506134261737,
    0.12070144046853043,
    0.12070144046853043,
    0.13445903198077047,
    0.13445903198077047,
    0.1634083048111814,
    0.1634083048111814,
    0.1639850060090276,
    0.1639850060090276,
    0.16716873675671806,
    0.16716873675671806,
    0.2009163148491187,
    0.2009163148491187,
    0.24272875750385642,
    0.24272875750385642,
    0.26595273341710657,
    0.26595273341710657,
    0.2781601097188232,
    0.2781601097188232,
    0.28100557741371873,
    0.28100557741371873,
    0.28159949191440653,
    0.28159949191440653,
    0.3749818452116516,
    0.3749818452116516,
    0.4276986234389554,
    0.4276986234389554,
    0.46958648350596033,
    0.46958648350596033,
    0.47714962593278165,
    0.47714962593278165,
    0.4972403147529097,
    0.4972403147529097,
    0.5226440056312546,
    0.5226440056312546,
    "inf"
  ],
  "clusters": [
    49,
    49,
    48,
    48,
    47,
    47,
    46,
    46,
    45,
    45,
    44,
    44,
    43,
    43,
    42,
    42,
    41,
    41,
    40,
    40,
    39,
    39,
    38,
    38,
    37,
    37,
    36,
    36,
    35,
    35,
    34,
    34,
    33,
    33,
    32,
    32,
    31,
    31,
    30,
    30,
    29,
    29,
    28,
    28,
    27,
    27,
    26,
    26,
    25,
    25,
    24,
    24,
    23,
    23,
    22,
    22,
    21,
    21,
    20,
    20,
    19,
    19,
    18,
    18,
    17,
    17,
    16,
    16,
    15,
    15,
    14,
    14,
    13,
    13,
    12,
    12,
    11,
    11,
    10,
    10,
    9,
    9,
    8,
    8,
    7,
    7,
    6,
    6,
    5,
    5,
    4,
    4,
    3,
    3,
    2,
    2,
    1,
    1
  ]
}
