{
  "info": {
    "datafile": "dataset/points/points_1500.png",
    "histogram resolution": [
      40,
      40
    ],
    "time_load (ms)": 18.318,
    "time histogram (ms)": 3137.643,
    "time MT (ms)": 21.426
  },
  "threshold": [
    0,
    0.0019607846351230585,
    0.0019607846351230585,
    0.007506728002580232,
    0.007506728002580232,
    0.0075745436450170844,
    0.0075745436450170844,
    0.009073433703651657,
    0.009073433703651657,
    0.012668204603388022,
    0.012668204603388022,
    0.013145961296006758,
    0.013145961296006758,
    0.015684577759415452,
    0.015684577759415452,
    0.018369631415325438,
    0.018369631415325438,
    0.022947056202868965,
    0.022947056202868965,
    0.024569609438318762,
    0.024569609438318762,
    0.025898975471621122,
    0.025898975471621122,
    0.02797962309415236,
    0.02797962309415236,
    0.03503463337634505,
    0.03503463337634505,
    0.0360833435138781,
    0.0360833435138781,
    0.0373812355974783,
    0.0373812355974783,
    0.04218173995313279,
    0.04218173995313279,
    0.044335512030455826,
    0.044335512030455826,
    0.04503609714441181,
    0.04503609714441181,
    0.04572012855048435,
    0.04572012855048435,
    0.052204468798841996,
    0.052204468798841996,
    0.055952964210682854,
    0.055952964210682854,
    0.05978469782527174,
    0.05978469782527174,
    0.06411834414936168,
    0.06411834414936168,
    0.068944636020152,
    0.068944636020152,
    0.06976106503469204,
    0.06976106503469204,
    0.07471538696048508,
    0.07471538696048508,
    0.08467683399376136,
    0.08467683399376136,
    0.08546659410549828,
    0.08546659410549828,
    0.0878764259222311,
    0.0878764259222311,
    0.11256473749497908,
    0.11256473749497908,
    0.11434855313720282,
    0.11434855313720282,
    0.12271241731393856,
    0.12271241731393856,
    0.13000501949879828,
    0.13000501949879828,
    0.13131487800502306,
    0.13131487800502306,
    0.13488134830857346,
    0.13488134830857346,
    0.13772474361138876,
    0.13772474361138876,
    0.14631231562664726,
    0.14631231562664726,
    0.14640522785325005,
    0.14640522785325005,
    0.154834112767968,
    0.154834112767968,
    0.15690006031477544,
    0.15690006031477544,
    0.16980701793098818,
    0.16980701793098818,
    0.19095540131230637,
    0.19095540131230637,
    0.1981589213670636,
    0.1981589213670636,
    0.22794117566709426,
    0.22794117566709426,
    0.26584882434246515,
    0.26584882434246515,
    0.26824939024988725,
    0.26824939024988725,
    0.27964244379351544,
    0.27964244379351544,
    0.2924046930047184,
    0.2924046930047184,
    0.3175461360606951,
    0.3175461360606951,
    0.322948438299552,
    0.322948438299552,
    0.3642498914578598,
    0.3642498914578598,
    0.3710156707383151,
    0.3710156707383151,
    0.4055843893073353,
    0.4055843893073353,
    0.46573885460679587,
    0.46573885460679587,
    "inf"
  ],
  "clusters": [
    55,
    55,
    54,
    54,
    53,
    53,
    52,
    52,
    51,
    51,
    50,
    50,
    49,
    49,
    48,
    48,
    47,
    47,
    46,
    46,
    45,
    45,
    44,
    44,
    43,
    43,
    42,
    42,
    41,
    41,
    40,
    40,
    39,
    39,
    38,
    38,
    37,
    37,
    36,
    36,
    35,
    35,
    34,
    34,
    33,
    33,
    32,
    32,
    31,
    31,
    30,
    30,
    29,
    29,
    28,
    28,
    27,
    27,
    26,
    26,
    25,
    25,
    24,
    24,
    23,
    23,
    22,
    22,
    21,
    21,
    20,
    20,
    19,
    19,
    18,
    18,
    17,
    17,
    16,
    16,
    15,
    15,
    14,
    14,
    13,
    13,
    12,
    12,
    11,
    11,
    10,
    10,
    9,
    9,
    8,
    8,
    7,
    7,
    6,
    6,
    5,
    5,
    4,
    4,
    3,
    3,
    2,
    2,
    1,
    1
  ]
}
