{
  "info": {
    "datafile": "dataset/points/points_11000.png",
    "histogram resolution": [
      40,
      40
    ],
    "time_load (ms)": 19.738,
    "time histogram (ms)": 3195.822,
    "time MT (ms)": 31.283
  },
  "threshold": [
    0,
    0.0005848052450961316,
    0.0005848052450961316,
    0.0018256559567590425,
    0.0018256559567590425,
    0.001874247767611803,
    0.001874247767611803,
    0.0022769020925492156,
    0.0022769020925492156,
    0.002468507309528023,
    0.002468507309528023,
    0.0028015242010299146,
    0.0028015242010299146,
    0.0030180699959496127,
    0.0030180699959496127,
    0.004492050677945003,
    0.004492050677945003,
    0.0055532941751551546,
    0.0055532941751551546,
    0.007121695043098064,
    0.007121695043098064,
    0.007836351889500326,
    0.007836351889500326,
    0.010623177061111988,
    0.010623177061111988,
    0.011534025373311663,
    0.011534025373311663,
    0.01264445789929347,
    0.01264445789929347,
    0.01385204434669518,
    0.01385204434669518,
    0.01679856035085331,
    0.01679856035085331,
    0.019544519431407836,
    0.019544519431407836,
    0.019995263514064054,
    0.019995263514064054,
    0.023844336188530435,
    0.023844336188530435,
    0.025532381331105802,
    0.025532381331105802,
    0.025892756777550152,
    0.025892756777550152,
    0.026256870149689582,
    0.026256870149689582,
    0.0319796564774506,
    0.0319796564774506,
    0.03255139472180035,
    0.03255139472180035,
    0.03463147729157223,
    0.03463147729157223,
    0.03756191104594375,
    0.03756191104594375,
    0.04248931473741391,
    0.04248931473741391,
    0.044636678743872504,
    0.044636678743872504,
    0.051551534219892725,
    0.051551534219892725,
    0.05411006515165423,
    0.05411006515165423,
    0.06821471473592577,
    0.06821471473592577,
    0.06888696756076945,
    0.06888696756076945,
    0.07027896630256558,
    0.07027896630256558,
    0.07410498325289477,
    0.07410498325289477,
    0.08220876701742263,
    0.08220876701742263,
    0.09017911735699741,
    0.09017911735699741,
    0.09878562955605841,
    0.09878562955605841,
    0.10799799343821653,
    0.10799799343821653,
    0.11342379124042545,
    0.11342379124042545,
    0.335406444160733,
    0.335406444160733,
    0.3458845038316078,
    0.3458845038316078,
    0.35625438315747143,
    0.35625438315747143,
    0.3809784708325477,
    0.3809784708325477,
    0.4190145900545536,
    0.4190145900545536,
    0.42557723683859006,
    0.42557723683859006,
    "inf"
  ],
  "clusters": [
    46,
    46,
    45,
    45,
    44,
    44,
    43,
    43,
    42,
    42,
    41,
    41,
    40,
    40,
    39,
    39,
    38,
    38,
    37,
    37,
    36,
    36,
    35,
    35,
    34,
    34,
    33,
    33,
    32,
    32,
    31,
    31,
    30,
    30,
    29,
    29,
    28,
    28,
    27,
    27,
    26,
    26,
    25,
    25,
    24,
    24,
    23,
    23,
    22,
    22,
    21,
    21,
    20,
    20,
    19,
    19,
    18,
    18,
    17,
    17,
    16,
    16,
    15,
    15,
    14,
    14,
    13,
    13,
    12,
    12,
    11,
    11,
    10,
    10,
    9,
    9,
    8,
    8,
    7,
    7,
    6,
    6,
    5,
    5,
    4,
    4,
    3,
    3,
    2,
    2,
    1,
    1
  ]
}
