{
  "info": {
    "datafile": "dataset/points/points_13500.png",
    "histogram resolution": [
      40,
      40
    ],
    "time_load (ms)": 18.288,
    "time histogram (ms)": 3173.647,
    "time MT (ms)": 22.424
  },
  "threshold": [
    0,
    0.0006728181786671006,
    0.0006728181786671006,
    0.000696344908107549,
    0.000696344908107549,
    0.0015907345076136559,
    0.0015907345076136559,
    0.004366784687261871,
    0.004366784687261871,
    0.006262862793104951,
    0.006262862793104951,
    0.007676000870314781,
    0.007676000870314781,
    0.008248775630947502,
    0.008248775630947502,
    0.0082790562290872,
    0.0082790562290872,
    0.00876265539040011,
    0.00876265539040011,
    0.00953649084936109,
    0.00953649084936109,
    0.010854674059566805,
    0.010854674059566805,
    0.012187620485658024,
    0.012187620485658024,
    0.016478390881368432,
    0.016478390881368432,
    0.016583176906724784,
    0.016583176906724784,
    0.016603625591088356,
    0.016603625591088356,
    0.01692448636101218,
    0.01692448636101218,
    0.017207748280121615,
    0.017207748280121615,
    0.01728068439976338,
    0.01728068439976338,
    0.01871395673301507,
    0.01871395673301507,
    0.019598231839812075,
    0.019598231839812075,
    0.02146289921274369,
    0.02146289921274369,
    0.02357878989133666,
    0.02357878989133666,
    0.023918120009045196,
    0.023918120009045196,
    0.024587828814209955,
    0.024587828814209955,
    0.024863363721441323,
    0.024863363721441323,
    0.026460977150218612,
    0.026460977150218612,
    0.02794909220959052,
    0.02794909220959052,
    0.030865391894542293,
    0.030865391894542293,
    0.038804080328961044,
    0.038804080328961044,
    0.04160560426144344,
    0.04160560426144344,
    0.05030927078657693,
    0.05030927078657693,
    0.050766108717569036,
    0.050766108717569036,
    0.052130968312221526,
    0.052130968312221526,
    0.05430038188097541,
    0.05430038188097541,
    0.05511341857787805,
    0.05511341857787805,
    0.06082276153656674,
    0.06082276153656674,
    0.06682632866450983,
    0.06682632866450983,
    0.0871587863817409,
    0.0871587863817409,
    0.3169561502262693,
    0.3169561502262693,
    0.32324307304229033,
    0.32324307304229033,
    0.3582468295445442,
    0.3582468295445442,
    0.36642157093242367,
    0.36642157093242367,
    0.3794560864553046,
    0.3794560864553046,
    0.38123424908550546,
    0.38123424908550546,
    "inf"
  ],
  "clusters": [
    45,
    45,
    44,
    44,
    43,
    43,
    42,
    42,
    41,
    41,
    40,
    40,
    39,
    39,
    38,
    38,
    37,
    37,
    36,
    36,
    35,
    35,
    34,
    34,
    33,
    33,
    32,
    32,
    31,
    31,
    30,
    30,
    29,
    29,
    28,
    28,
    27,
    27,
    26,
    26,
    25,
    25,
    24,
    24,
    23,
    23,
    22,
    22,
    21,
    21,
    20,
    20,
    19,
    19,
    18,
    18,
    17,
    17,
    16,
    16,
    15,
    15,
    14,
    14,
    13,
    13,
    12,
    12,
    11,
    11,
    10,
    10,
    9,
    9,
    8,
    8,
    7,
    7,
    6,
    6,
    5,
    5,
    4,
    4,
    3,
    3,
    2,
    2,
    1,
    1
  ]
}
