{
  "info": {
    "datafile": "dataset/points/points_17500.png",
    "histogram resolution": [
      40,
      40
    ],
    "time_load (ms)": 21.222,
    "time histogram (ms)": 3194.953,
    "time MT (ms)": 22.172
  },
  "threshold": [
    0,
    0.0001970396026124699,
    0.0001970396026124699,
    0.0005877890691048382,
    0.0005877890691048382,
    0.0006620756699838304,
    0.0006620756699838304,
    0.0016362484154584522,
    0.0016362484154584522,
    0.001730103852552789,
    0.001730103852552789,
    0.0018454441246028574,
    0.0018454441246028574,
    0.0021337946405261543,
    0.0021337946405261543,
    0.0028139631819268374,
    0.0028139631819268374,
    0.002892584205921589,
    0.002892584205921589,
    0.0030565168411818,
    0.0030565168411818,
    0.00306725930844165,
    0.00306725930844165,
    0.0039668004264820644,
    0.0039668004264820644,
    0.004651931375522944,
    0.004651931375522944,
    0.0047089732465183665,
    0.0047089732465183665,
    0.005237302042276792,
    0.005237302042276792,
    0.00681864463596904,
    0.00681864463596904,
    0.0076028452683970515,
    0.0076028452683970515,
    0.007923266328150491,
    0.007923266328150491,
    0.009176335126191648,
    0.009176335126191648,
    0.009707804910802087,
    0.009707804910802087,
    0.011398896527709701,
    0.011398896527709701,
    0.011958635955495234,
    0.011958635955495234,
    0.015388312459667652,
    0.015388312459667652,
    0.015801677988901752,
    0.015801677988901752,
    0.018015789833896845,
    0.018015789833896845,
    0.0180233911073433,
    0.0180233911073433,
    0.020425590998388143,
    0.020425590998388143,
    0.02253714682976904,
    0.02253714682976904,
    0.03052832278491996,
    0.03052832278491996,
    0.03304498301756065,
    0.03304498301756065,
    0.0339677049616714,
    0.0339677049616714,
    0.03590248076614705,
    0.03590248076614705,
    0.03609810776083655,
    0.03609810776083655,
    0.051333198364127974,
    0.051333198364127974,
    0.053131714818387965,
    0.053131714818387965,
    0.05864430042136792,
    0.05864430042136792,
    0.19148404658178564,
    0.19148404658178564,
    0.23516916712134273,
    0.23516916712134273,
    0.30406681340644826,
    0.30406681340644826,
    0.32121459893339,
    0.32121459893339,
    0.32899846443358594,
    0.32899846443358594,
    0.3446785180143058,
    0.3446785180143058,
    "inf"
  ],
  "clusters": [
    43,
    43,
    42,
    42,
    41,
    41,
    40,
    40,
    39,
    39,
    38,
    38,
    37,
    37,
    36,
    36,
    35,
    35,
    34,
    34,
    33,
    33,
    32,
    32,
    31,
    31,
    30,
    30,
    29,
    29,
    28,
    28,
    27,
    27,
    26,
    26,
    25,
    25,
    24,
    24,
    23,
    23,
    22,
    22,
    21,
    21,
    20,
    20,
    19,
    19,
    18,
    18,
    17,
    17,
    16,
    16,
    15,
    15,
    14,
    14,
    13,
    13,
    12,
    12,
    11,
    11,
    10,
    10,
    9,
    9,
    8,
    8,
    7,
    7,
    6,
    6,
    5,
    5,
    4,
    4,
    3,
    3,
    2,
    2,
    1,
    1
  ]
}
