{
  "info": {
    "datafile": "dataset/points/points_25000.png",
    "histogram resolution": [
      40,
      40
    ],
    "time_load (ms)": 18.34,
    "time histogram (ms)": 3021.281,
    "time MT (ms)": 21.369
  },
  "threshold": [
    0,
    1.9223376761634547e-05,
    1.9223376761634547e-05,
    1.9223384750910455e-05,
    1.9223384750910455e-05,
    3.8446753523213584e-05,
    3.8446753523213584e-05,
    0.00014417532228810925,
    0.00014417532228810925,
    0.00014417532228810925,
    0.00014417532228810925,
    0.0002114573406858944,
    0.0002114573406858944,
    0.0003561978598985438,
    0.0003561978598985438,
    0.0004476973842807985,
    0.0004476973842807985,
    0.0004720406917234077,
    0.0004720406917234077,
    0.0005478662114553612,
    0.0005478662114553612,
    0.0006468100591445758,
    0.0006468100591445758,
    0.0006632064857209907,
    0.0006632064857209907,
    0.0007534495347903958,
    0.0007534495347903958,
    0.0009077705304931794,
    0.0009077705304931794,
    0.001207491858934484,
    0.001207491858934484,
    0.0015795207668647948,
    0.0015795207668647948,
    0.0017052265509829856,
    0.0017052265509829856,
    0.004584241192787886,
    0.004584241192787886,
    0.0048384169263213095,
    0.0048384169263213095,
    0.006218196871725923,
    0.006218196871725923,
    0.007634915550311316,
    0.007634915550311316,
    0.008172196449686142,
    0.008172196449686142,
    0.008404572966837276,
    0.008404572966837276,
    0.009555714071842136,
    0.009555714071842136,
    0.010182986609504452,
    0.010182986609504452,
    0.010624307487321072,
    0.010624307487321072,
    0.011351403497232515,
    0.011351403497232515,
    0.012850826902899404,
    0.012850826902899404,
    0.012956115722912553,
    0.012956115722912553,
    0.014075814281155064,
    0.014075814281155064,
    0.014095257838807718,
    0.014095257838807718,
    0.02629757837469998,
    0.02629757837469998,
    0.04034760400825832,
    0.04034760400825832,
    0.14395481594403153,
    0.14395481594403153,
    0.16001537948956385,
    0.16001537948956385,
    0.18506717679297757,
    0.18506717679297757,
    0.19838417020488391,
    0.19838417020488391,
    0.22597131577829177,
    0.22597131577829177,
    0.3206696534141814,
    0.3206696534141814,
    "inf"
  ],
  "clusters": [
    40,
    40,
    39,
    39,
    38,
    38,
    37,
    37,
    36,
    36,
    35,
    35,
    34,
    34,
    33,
    33,
    32,
    32,
    31,
    31,
    30,
    30,
    29,
    29,
    28,
    28,
    27,
    27,
    26,
    26,
    25,
    25,
    24,
    24,
    23,
    23,
    22,
    22,
    21,
    21,
    20,
    20,
    19,
    19,
    18,
    18,
    17,
    17,
    16,
    16,
    15,
    15,
    14,
    14,
    13,
    13,
    12,
    12,
    11,
    11,
    10,
    10,
    9,
    9,
    8,
    8,
    7,
    7,
    6,
    6,
    5,
    5,
    4,
    4,
    3,
    3,
    2,
    2,
    1,
    1
  ]
}
