{
  "info": {
    "datafile": "dataset/points/points_22500.png",
    "histogram resolution": [
      40,
      40
    ],
    "time_load (ms)": 19.125,
    "time histogram (ms)": 3056.301,
    "time MT (ms)": 24.601
  },
  "threshold": [
    0,
    1.9223376761634547e-05,
    1.9223376761634547e-05,
    0.00010064002792448123,
    0.00010064002792448123,
    0.00016980649314235485,
    0.00016980649314235485,
    0.0002146610829873996,
    0.0002146610829873996,
    0.0002510346720132617,
    0.0002510346720132617,
    0.0003364090853388846,
    0.0003364090853388846,
    0.0003364090853388846,
    0.0003364090853388846,
    0.00035506700065673913,
    0.00035506700065673913,
    0.0004588795662054945,
    0.0004588795662054945,
    0.0005331660024424645,
    0.0005331660024424645,
    0.000730488287266684,
    0.000730488287266684,
    0.0010188389523868024,
    0.0010188389523868024,
    0.0011891794080535756,
    0.0011891794080535756,
    0.0017701525767161441,
    0.0017701525767161441,
    0.0019579573790623472,
    0.0019579573790623472,
    0.002320374583722362,
    0.002320374583722362,
    0.002387436519644237,
    0.002387436519644237,
    0.0032284592254460676,
    0.0032284592254460676,
    0.004584241192787886,
    0.004584241192787886,
    0.006218196871725923,
    0.006218196871725923,
    0.0076918632304576184,
    0.0076918632304576184,
    0.008210737409914015,
    0.008210737409914015,
    0.008250566218317157,
    0.008250566218317157,
    0.008948481554968968,
    0.008948481554968968,
    0.012373634717843973,
    0.012373634717843973,
    0.012820295657454517,
    0.012820295657454517,
    0.013671055721492131,
    0.013671055721492131,
    0.014023546805578102,
    0.014023546805578102,
    0.020578058835305946,
    0.020578058835305946,
    0.027508651162041153,
    0.027508651162041153,
    0.029373318489924027,
    0.029373318489924027,
    0.03129565598461409,
    0.03129565598461409,
    0.03240948052128356,
    0.03240948052128356,
    0.049246896578765964,
    0.049246896578765964,
    0.15464244655096065,
    0.15464244655096065,
    0.19878892868291587,
    0.19878892868291587,
    0.2572167771264773,
    0.2572167771264773,
    0.26826434419274814,
    0.26826434419274814,
    0.29989106966079104,
    0.29989106966079104,
    0.3369184935867202,
    0.3369184935867202,
    "inf"
  ],
  "clusters": [
    41,
    41,
    40,
    40,
    39,
    39,
    38,
    38,
    37,
    37,
    36,
    36,
    35,
    35,
    34,
    34,
    33,
    33,
    32,
    32,
    31,
    31,
    30,
    30,
    29,
    29,
    28,
    28,
    27,
    27,
    26,
    26,
    25,
    25,
    24,
    24,
    23,
    23,
    22,
    22,
    21,
    21,
    20,
    20,
    19,
    19,
    18,
    18,
    17,
    17,
    16,
    16,
    15,
    15,
    14,
    14,
    13,
    13,
    12,
    12,
    11,
    11,
    10,
    10,
    9,
    9,
    8,
    8,
    7,
    7,
    6,
    6,
    5,
    5,
    4,
    4,
    3,
    3,
    2,
    2,
    1,
    1
  ]
}
