{
  "info": {
    "datafile": "data/teaser_points/000_7_500_20_7_100.png",
    "histogram resolution": [
      20,
      20
    ],
    "time_load (ms)": 6.598,
    "time histogram (ms)": 1709.423,
    "time MT (ms)": 5.683
  },
  "threshold": [
    0,
    0.000672422564078845,
    0.000672422564078845,
    0.004286021687340047,
    0.004286021687340047,
    0.011227728329217923,
    0.011227728329217923,
    0.014031538375155583,
    0.014031538375155583,
    0.01456198374266815,
    0.01456198374266815,
    0.016065939338064106,
    0.016065939338064106,
    0.01991984695809368,
    0.01991984695809368,
    0.02185450282656709,
    0.02185450282656709,
    0.023631619757094935,
    0.023631619757094935,
    0.024313483776762457,
    0.024313483776762457,
    0.02753474455244298,
    0.02753474455244298,
    0.029005621114058355,
    0.029005621114058355,
    0.030559109668892637,
    0.030559109668892637,
    0.03872865983443796,
    0.03872865983443796,
    0.04852739393465799,
    0.04852739393465799,
    0.04899002067918479,
    0.04899002067918479,
    0.053860857940417506,
    0.053860857940417506,
    0.05506045975896301,
    0.05506045975896301,
    0.05548293341784161,
    0.05548293341784161,
    0.11317563932709307,
    0.11317563932709307,
    "inf"
  ],
  "clusters": [
    21,
    21,
    20,
    20,
    19,
    19,
    18,
    18,
    17,
    17,
    16,
    16,
    15,
    15,
    14,
    14,
    13,
    13,
    12,
    12,
    11,
    11,
    10,
    10,
    9,
    9,
    8,
    8,
    7,
    7,
    6,
    6,
    5,
    5,
    4,
    4,
    3,
    3,
    2,
    2,
    1,
    1
  ]
}
