{
  "info": {
    "datafile": "data/teaser_points/000_7_2500_20_7_100.png",
    "histogram resolution": [
      30,
      30
    ],
    "time_load (ms)": 7.678,
    "time histogram (ms)": 1865.515,
    "time MT (ms)": 11.866
  },
  "threshold": [
    0,
    0.002975576242088218,
    0.002975576242088218,
    0.0035100457744304814,
    0.0035100457744304814,
    0.006850641286920478,
    0.006850641286920478,
    0.010808520800905441,
    0.010808520800905441,
    0.014887436955626776,
    0.014887436955626776,
    0.021943839013944477,
    0.021943839013944477,
    0.02688529604563017,
    0.02688529604563017,
    0.0288231473487498,
    0.0288231473487498,
    0.029583763047965617,
    0.029583763047965617,
    0.03220960931928718,
    0.03220960931928718,
    0.03274025620869647,
    0.03274025620869647,
    0.03274025620869647,
    0.03274025620869647,
    0.03274025620869647,
    0.03274025620869647,
    0.03274025620869647,
    0.03274025620869647,
    0.03645415313749456,
    0.03645415313749456,
    0.04428837116790452,
    0.04428837116790452,
    0.052315342680758325,
    0.052315342680758325,
    0.07036909549917636,
    0.07036909549917636,
    0.07503025885815096,
    0.07503025885815096,
    0.0805698884216115,
    0.0805698884216115,
    0.08223190535733726,
    0.08223190535733726,
    0.09772452189196135,
    0.09772452189196135,
    0.10113519088267109,
    0.10113519088267109,
    0.10172189740759707,
    0.10172189740759707,
    0.11814330577277865,
    0.11814330577277865,
    0.12809310824343423,
    0.12809310824343423,
    0.13513576345450184,
    0.13513576345450184,
    0.1484265303911848,
    0.1484265303911848,
    0.1532800759484899,
    0.1532800759484899,
    0.1833333326072467,
    0.1833333326072467,
    0.18459210749273813,
    0.18459210749273813,
    0.1900871445720923,
    0.1900871445720923,
    0.311187217689893,
    0.311187217689893,
    0.4017403685801576,
    0.4017403685801576,
    0.42230248543275906,
    0.42230248543275906,
    0.48301863611422846,
    0.48301863611422846,
    "inf"
  ],
  "clusters": [
    37,
    37,
    36,
    36,
    35,
    35,
    34,
    34,
    33,
    33,
    32,
    32,
    31,
    31,
    30,
    30,
    29,
    29,
    28,
    28,
    27,
    27,
    26,
    26,
    25,
    25,
    24,
    24,
    23,
    23,
    22,
    22,
    21,
    21,
    20,
    20,
    19,
    19,
    18,
    18,
    17,
    17,
    16,
    16,
    15,
    15,
    14,
    14,
    13,
    13,
    12,
    12,
    11,
    11,
    10,
    10,
    9,
    9,
    8,
    8,
    7,
    7,
    6,
    6,
    5,
    5,
    4,
    4,
    3,
    3,
    2,
    2,
    1,
    1
  ]
}
