{
  "info": {
    "datafile": "data/point_count/000_7_12500_20_7_100.png",
    "histogram resolution": [
      30,
      30
    ],
    "time_load (ms)": 10.983,
    "time histogram (ms)": 1764.1,
    "time MT (ms)": 12.641
  },
  "threshold": [
    0,
    0.00152505437533057,
    0.00152505437533057,
    0.0015250543753306811,
    0.0015250543753306811,
    0.008788492613792165,
    0.008788492613792165,
    0.010179133326918999,
    0.010179133326918999,
    0.01112321460688559,
    0.01112321460688559,
    0.011804838460970551,
    0.011804838460970551,
    0.014801436823401293,
    0.014801436823401293,
    0.017773124157323905,
    0.017773124157323905,
    0.018591140779195187,
    0.018591140779195187,
    0.020208564028386,
    0.020208564028386,
    0.020220667634539446,
    0.020220667634539446,
    0.022787269279893274,
    0.022787269279893274,
    0.029504134060114207,
    0.029504134060114207,
    0.030077464184378844,
    0.030077464184378844,
    0.031227305439519237,
    0.031227305439519237,
    0.03274025620869647,
    0.03274025620869647,
    0.03274025620869647,
    0.03274025620869647,
    0.03675037195731762,
    0.03675037195731762,
    0.04387175391467202,
    0.04387175391467202,
    0.04832970260148063,
    0.04832970260148063,
    0.061922052941273564,
    0.061922052941273564,
    0.07087044143794216,
    0.07087044143794216,
    0.09359528259696442,
    0.09359528259696442,
    0.09590039876657723,
    0.09590039876657723,
    0.1039559697590725,
    0.1039559697590725,
    0.10799029345654104,
    0.10799029345654104,
    0.11119583761175797,
    0.11119583761175797,
    0.12714138380061202,
    0.12714138380061202,
    0.16263489364077538,
    0.16263489364077538,
    0.16492374744668697,
    0.16492374744668697,
    0.2219317373330992,
    0.2219317373330992,
    0.25187606127202555,
    0.25187606127202555,
    0.40570398724711754,
    0.40570398724711754,
    0.5067423497233026,
    0.5067423497233026,
    0.5642846387262216,
    0.5642846387262216,
    0.7358731803050975,
    0.7358731803050975,
    "inf"
  ],
  "clusters": [
    37,
    37,
    36,
    36,
    35,
    35,
    34,
    34,
    33,
    33,
    32,
    32,
    31,
    31,
    30,
    30,
    29,
    29,
    28,
    28,
    27,
    27,
    26,
    26,
    25,
    25,
    24,
    24,
    23,
    23,
    22,
    22,
    21,
    21,
    20,
    20,
    19,
    19,
    18,
    18,
    17,
    17,
    16,
    16,
    15,
    15,
    14,
    14,
    13,
    13,
    12,
    12,
    11,
    11,
    10,
    10,
    9,
    9,
    8,
    8,
    7,
    7,
    6,
    6,
    5,
    5,
    4,
    4,
    3,
    3,
    2,
    2,
    1,
    1
  ]
}
