{
  "info": {
    "datafile": "demo/data/points/points_14000.png",
    "histogram resolution": [
      40,
      40
    ],
    "time_load (ms)": 15.948,
    "time histogram (ms)": 2953.178,
    "time MT (ms)": 21.078
  },
  "threshold": [
    0,
    0.001486984597983132,
    0.001486984597983132,
    0.0023930908683247876,
    0.0023930908683247876,
    0.003066128372059551,
    0.003066128372059551,
    0.005218612698965952,
    0.005218612698965952,
    0.005328267534983722,
    0.005328267534983722,
    0.005440215527664327,
    0.005440215527664327,
    0.00634585010261407,
    0.00634585010261407,
    0.009390619152006396,
    0.009390619152006396,
    0.01059208044385096,
    0.01059208044385096,
    0.0110861397968674,
    0.0110861397968674,
    0.011651344698969945,
    0.011651344698969945,
    0.012136892170895364,
    0.012136892170895364,
    0.012153979511079327,
    0.012153979511079327,
    0.015057777113956894,
    0.015057777113956894,
    0.016504964345650963,
    0.016504964345650963,
    0.016540584258086355,
    0.016540584258086355,
    0.0185024992599353,
    0.0185024992599353,
    0.018846572453995014,
    0.018846572453995014,
    0.019763891989200866,
    0.019763891989200866,
    0.022486261254933304,
    0.022486261254933304,
    0.02419714169386633,
    0.02419714169386633,
    0.025139904017765613,
    0.025139904017765613,
    0.025629283247500523,
    0.025629283247500523,
    0.029476785536580508,
    0.029476785536580508,
    0.029729516303699577,
    0.029729516303699577,
    0.05776511337873963,
    0.05776511337873963,
    0.06890619079144128,
    0.06890619079144128,
    0.07773933170235475,
    0.07773933170235475,
    0.07790555774192343,
    0.07790555774192343,
    0.09136870516060758,
    0.09136870516060758,
    0.10375817039497565,
    0.10375817039497565,
    0.11791448994883952,
    0.11791448994883952,
    0.14167006074209487,
    0.14167006074209487,
    0.2969701843547878,
    0.2969701843547878,
    0.30861603178679,
    0.30861603178679,
    0.31580783567151527,
    0.31580783567151527,
    0.32269373068210366,
    0.32269373068210366,
    0.37234717612862406,
    0.37234717612862406,
    0.4523879721205812,
    0.4523879721205812,
    "inf"
  ],
  "clusters": [
    40,
    40,
    39,
    39,
    38,
    38,
    37,
    37,
    36,
    36,
    35,
    35,
    34,
    34,
    33,
    33,
    32,
    32,
    31,
    31,
    30,
    30,
    29,
    29,
    28,
    28,
    27,
    27,
    26,
    26,
    25,
    25,
    24,
    24,
    23,
    23,
    22,
    22,
    21,
    21,
    20,
    20,
    19,
    19,
    18,
    18,
    17,
    17,
    16,
    16,
    15,
    15,
    14,
    14,
    13,
    13,
    12,
    12,
    11,
    11,
    10,
    10,
    9,
    9,
    8,
    8,
    7,
    7,
    6,
    6,
    5,
    5,
    4,
    4,
    3,
    3,
    2,
    2,
    1,
    1
  ]
}
