{
  "info": {
    "datafile": "demo/data/points/points_53500.png",
    "histogram resolution": [
      40,
      40
    ],
    "time_load (ms)": 19.162,
    "time histogram (ms)": 3009.858,
    "time MT (ms)": 21.851
  },
  "threshold": [
    0,
    9.611688380817274e-06,
    9.611688380817274e-06,
    2.7233116001001978e-05,
    2.7233116001001978e-05,
    4.53885273870025e-05,
    4.53885273870025e-05,
    0.0005088540714131007,
    0.0005088540714131007,
    0.005767012800217797,
    0.005767012800217797,
    0.009614891840311335,
    0.009614891840311335,
    0.034567901593012096,
    0.034567901593012096,
    0.03570120184195702,
    0.03570120184195702,
    0.06311995445239338,
    0.06311995445239338,
    0.06437000861451786,
    0.06437000861451786,
    0.06706608656181573,
    0.06706608656181573,
    0.11480200046892552,
    0.11480200046892552,
    "inf"
  ],
  "clusters": [
    13,
    13,
    12,
    12,
    11,
    11,
    10,
    10,
    9,
    9,
    8,
    8,
    7,
    7,
    6,
    6,
    5,
    5,
    4,
    4,
    3,
    3,
    2,
    2,
    1,
    1
  ]
}
