{
  "info": {
    "datafile": "demo/data/points/points_42500.png",
    "histogram resolution": [
      40,
      40
    ],
    "time_load (ms)": 17.593,
    "time histogram (ms)": 3187.567,
    "time MT (ms)": 26.281
  },
  "threshold": [
    0,
    9.077705692972504e-06,
    9.077705692972504e-06,
    4.070832725988627e-05,
    4.070832725988627e-05,
    9.159373270933857e-05,
    9.159373270933857e-05,
    9.611688152538767e-05,
    9.611688152538767e-05,
    0.00011534025600434816,
    0.00011534025600434816,
    0.00022389579388704117,
    0.00022389579388704117,
    0.0003812636283260784,
    0.0003812636283260784,
    0.0016884532351805759,
    0.0016884532351805759,
    0.003800009095325907,
    0.003800009095325907,
    0.008853432657460858,
    0.008853432657460858,
    0.01317762419257279,
    0.01317762419257279,
    0.04929778203497087,
    0.04929778203497087,
    0.06822376086732701,
    0.06822376086732701,
    0.07775290169717686,
    0.07775290169717686,
    0.07791394452322964,
    0.07791394452322964,
    0.079161861750489,
    0.079161861750489,
    0.16929065809566896,
    0.16929065809566896,
    "inf"
  ],
  "clusters": [
    18,
    18,
    17,
    17,
    16,
    16,
    15,
    15,
    14,
    14,
    13,
    13,
    12,
    12,
    11,
    11,
    10,
    10,
    9,
    9,
    8,
    8,
    7,
    7,
    6,
    6,
    5,
    5,
    4,
    4,
    3,
    3,
    2,
    2,
    1,
    1
  ]
}
