{
  "info": {
    "datafile": "demo/data/points/points_16000.png",
    "histogram resolution": [
      40,
      40
    ],
    "time_load (ms)": 15.644,
    "time histogram (ms)": 2906.057,
    "time MT (ms)": 22.555
  },
  "threshold": [
    0,
    0.0001871448957239119,
    0.0001871448957239119,
    0.00025555796611348436,
    0.00025555796611348436,
    0.00041499873220429695,
    0.00041499873220429695,
    0.000509419327820948,
    0.000509419327820948,
    0.001506208050609359,
    0.001506208050609359,
    0.0016841814149559653,
    0.0016841814149559653,
    0.0017063573951861533,
    0.0017063573951861533,
    0.0019144221514328374,
    0.0019144221514328374,
    0.0022512709376100726,
    0.0022512709376100726,
    0.002385300680896596,
    0.002385300680896596,
    0.002676572409783917,
    0.002676572409783917,
    0.004375454059496131,
    0.004375454059496131,
    0.005131510628957725,
    0.005131510628957725,
    0.005422059977939153,
    0.005422059977939153,
    0.0063685914423669,
    0.0063685914423669,
    0.008913427190516798,
    0.008913427190516798,
    0.008935477549554982,
    0.008935477549554982,
    0.009554017921818425,
    0.009554017921818425,
    0.010135524973936771,
    0.010135524973936771,
    0.01297204116579248,
    0.01297204116579248,
    0.014341423834951739,
    0.014341423834951739,
    0.014792387647663885,
    0.014792387647663885,
    0.015273537585281383,
    0.015273537585281383,
    0.01573715959807198,
    0.01573715959807198,
    0.0160610678164691,
    0.0160610678164691,
    0.01710088891253808,
    0.01710088891253808,
    0.01723856244995592,
    0.01723856244995592,
    0.02143462924993006,
    0.02143462924993006,
    0.026919919314507657,
    0.026919919314507657,
    0.029392541565375352,
    0.029392541565375352,
    0.03227604816749913,
    0.03227604816749913,
    0.04928760496403212,
    0.04928760496403212,
    0.0495827401711067,
    0.0495827401711067,
    0.06307585383931902,
    0.06307585383931902,
    0.0642122951351109,
    0.0642122951351109,
    0.07457708595001011,
    0.07457708595001011,
    0.07843724745356179,
    0.07843724745356179,
    0.11934267366545342,
    0.11934267366545342,
    0.26526763359293204,
    0.26526763359293204,
    0.28089196548578055,
    0.28089196548578055,
    0.28733858145905533,
    0.28733858145905533,
    0.32270280838779664,
    0.32270280838779664,
    0.3356492182185106,
    0.3356492182185106,
    0.37306805272751,
    0.37306805272751,
    "inf"
  ],
  "clusters": [
    45,
    45,
    44,
    44,
    43,
    43,
    42,
    42,
    41,
    41,
    40,
    40,
    39,
    39,
    38,
    38,
    37,
    37,
    36,
    36,
    35,
    35,
    34,
    34,
    33,
    33,
    32,
    32,
    31,
    31,
    30,
    30,
    29,
    29,
    28,
    28,
    27,
    27,
    26,
    26,
    25,
    25,
    24,
    24,
    23,
    23,
    22,
    22,
    21,
    21,
    20,
    20,
    19,
    19,
    18,
    18,
    17,
    17,
    16,
    16,
    15,
    15,
    14,
    14,
    13,
    13,
    12,
    12,
    11,
    11,
    10,
    10,
    9,
    9,
    8,
    8,
    7,
    7,
    6,
    6,
    5,
    5,
    4,
    4,
    3,
    3,
    2,
    2,
    1,
    1
  ]
}
