{
  "info": {
    "datafile": "demo/data/points/points_500.png",
    "histogram resolution": [
      40,
      40
    ],
    "time_load (ms)": 18.01,
    "time histogram (ms)": 3057.041,
    "time MT (ms)": 21.31
  },
  "threshold": [
    0,
    0.0008842752260320719,
    0.0008842752260320719,
    0.0029451337373345154,
    0.0029451337373345154,
    0.004538443908797207,
    0.004538443908797207,
    0.0049994596991868034,
    0.0049994596991868034,
    0.005047203873513428,
    0.005047203873513428,
    0.006913473669334036,
    0.006913473669334036,
    0.007708573622592474,
    0.007708573622592474,
    0.008146753326281897,
    0.008146753326281897,
    0.008439909920762934,
    0.008439909920762934,
    0.008847558513803144,
    0.008847558513803144,
    0.010767352201190628,
    0.010767352201190628,
    0.011469853301697919,
    0.011469853301697919,
    0.01413935826363033,
    0.01413935826363033,
    0.014187416841620837,
    0.014187416841620837,
    0.015176855027675629,
    0.015176855027675629,
    0.015340285315559754,
    0.015340285315559754,
    0.015630521003515474,
    0.015630521003515474,
    0.016804968130679443,
    0.016804968130679443,
    0.017734129364240236,
    0.017734129364240236,
    0.017888198807065936,
    0.017888198807065936,
    0.018059827716035093,
    0.018059827716035093,
    0.0185369878852657,
    0.0185369878852657,
    0.02735655931401415,
    0.02735655931401415,
    0.032850612754363295,
    0.032850612754363295,
    0.03465013461662281,
    0.03465013461662281,
    0.03770665141950669,
    0.03770665141950669,
    0.04046306933260124,
    0.04046306933260124,
    0.04333039915422365,
    0.04333039915422365,
    0.044454055820025595,
    0.044454055820025595,
    0.04541522461701841,
    0.04541522461701841,
    0.046630569118884635,
    0.046630569118884635,
    0.048553440638681944,
    0.048553440638681944,
    0.05273933062220315,
    0.05273933062220315,
    0.06678574439341078,
    0.06678574439341078,
    0.0669763756688676,
    0.0669763756688676,
    0.06875240247623604,
    0.06875240247623604,
    0.0737889267358125,
    0.0737889267358125,
    0.07467037501219642,
    0.07467037501219642,
    0.07467320214445683,
    0.07467320214445683,
    0.07571239530129281,
    0.07571239530129281,
    0.08155404001199384,
    0.08155404001199384,
    0.08285048691665431,
    0.08285048691665431,
    0.08850611699261679,
    0.08850611699261679,
    0.09417531672207757,
    0.09417531672207757,
    0.0979094569488127,
    0.0979094569488127,
    0.10402142276382786,
    0.10402142276382786,
    0.10412875326727733,
    0.10412875326727733,
    0.10907795572182921,
    0.10907795572182921,
    0.11172305430592011,
    0.11172305430592011,
    0.12323892430436834,
    0.12323892430436834,
    0.1341148001115231,
    0.1341148001115231,
    0.14455497789973792,
    0.14455497789973792,
    0.14784019601540987,
    0.14784019601540987,
    0.1491819376395792,
    0.1491819376395792,
    0.16754239725155962,
    0.16754239725155962,
    0.18469084168632854,
    0.18469084168632854,
    0.1891020413191673,
    0.1891020413191673,
    0.2147160265797624,
    0.2147160265797624,
    0.2240099947096087,
    0.2240099947096087,
    0.23215109409362666,
    0.23215109409362666,
    0.27044575446153185,
    0.27044575446153185,
    0.35474763786489216,
    0.35474763786489216,
    "inf"
  ],
  "clusters": [
    63,
    63,
    62,
    62,
    61,
    61,
    60,
    60,
    59,
    59,
    58,
    58,
    57,
    57,
    56,
    56,
    55,
    55,
    54,
    54,
    53,
    53,
    52,
    52,
    51,
    51,
    50,
    50,
    49,
    49,
    48,
    48,
    47,
    47,
    46,
    46,
    45,
    45,
    44,
    44,
    43,
    43,
    42,
    42,
    41,
    41,
    40,
    40,
    39,
    39,
    38,
    38,
    37,
    37,
    36,
    36,
    35,
    35,
    34,
    34,
    33,
    33,
    32,
    32,
    31,
    31,
    30,
    30,
    29,
    29,
    28,
    28,
    27,
    27,
    26,
    26,
    25,
    25,
    24,
    24,
    23,
    23,
    22,
    22,
    21,
    21,
    20,
    20,
    19,
    19,
    18,
    18,
    17,
    17,
    16,
    16,
    15,
    15,
    14,
    14,
    13,
    13,
    12,
    12,
    11,
    11,
    10,
    10,
    9,
    9,
    8,
    8,
    7,
    7,
    6,
    6,
    5,
    5,
    4,
    4,
    3,
    3,
    2,
    2,
    1,
    1
  ]
}
