{
  "info": {
    "datafile": "demo/data/points/points_17500.png",
    "histogram resolution": [
      40,
      40
    ],
    "time_load (ms)": 15.914,
    "time histogram (ms)": 2926.7,
    "time MT (ms)": 21.341
  },
  "threshold": [
    0,
    1.3349459784040008e-05,
    1.3349459784040008e-05,
    0.0003652441470572976,
    0.0003652441470572976,
    0.0006535947870682235,
    0.0006535947870682235,
    0.0007497116617456445,
    0.0007497116617456445,
    0.001346170301280314,
    0.001346170301280314,
    0.001984530885036806,
    0.001984530885036806,
    0.0022287809041854345,
    0.0022287809041854345,
    0.002585544152751418,
    0.002585544152751418,
    0.0026669921393555063,
    0.0026669921393555063,
    0.004662736713143656,
    0.004662736713143656,
    0.00502691287478868,
    0.00502691287478868,
    0.005137981270241565,
    0.005137981270241565,
    0.005609613531829205,
    0.005609613531829205,
    0.006315632915081859,
    0.006315632915081859,
    0.006318271447471491,
    0.006318271447471491,
    0.006430219315613328,
    0.006430219315613328,
    0.006997308878721131,
    0.006997308878721131,
    0.007438880813575521,
    0.007438880813575521,
    0.007488635774621832,
    0.007488635774621832,
    0.00980674869484549,
    0.00980674869484549,
    0.010432419456158026,
    0.010432419456158026,
    0.01115938935103733,
    0.01115938935103733,
    0.011384510510491497,
    0.011384510510491497,
    0.012760049718394562,
    0.012760049718394562,
    0.0135044218634493,
    0.0135044218634493,
    0.01442431672524569,
    0.01442431672524569,
    0.016107586922361417,
    0.016107586922361417,
    0.01978085384083289,
    0.01978085384083289,
    0.021200713831530604,
    0.021200713831530604,
    0.02355033148198543,
    0.02355033148198543,
    0.027412533718983056,
    0.027412533718983056,
    0.03720684431712418,
    0.03720684431712418,
    0.0590779575854411,
    0.0590779575854411,
    0.06340830519069268,
    0.06340830519069268,
    0.06676492028549352,
    0.06676492028549352,
    0.07560506622662766,
    0.07560506622662766,
    0.07726835857451364,
    0.07726835857451364,
    0.13510188414764107,
    0.13510188414764107,
    0.2214388711135003,
    0.2214388711135003,
    0.27282775988272734,
    0.27282775988272734,
    0.28308343147749404,
    0.28308343147749404,
    0.2906408882635232,
    0.2906408882635232,
    0.3178489064322967,
    0.3178489064322967,
    0.33754539055128896,
    0.33754539055128896,
    "inf"
  ],
  "clusters": [
    45,
    45,
    44,
    44,
    43,
    43,
    42,
    42,
    41,
    41,
    40,
    40,
    39,
    39,
    38,
    38,
    37,
    37,
    36,
    36,
    35,
    35,
    34,
    34,
    33,
    33,
    32,
    32,
    31,
    31,
    30,
    30,
    29,
    29,
    28,
    28,
    27,
    27,
    26,
    26,
    25,
    25,
    24,
    24,
    23,
    23,
    22,
    22,
    21,
    21,
    20,
    20,
    19,
    19,
    18,
    18,
    17,
    17,
    16,
    16,
    15,
    15,
    14,
    14,
    13,
    13,
    12,
    12,
    11,
    11,
    10,
    10,
    9,
    9,
    8,
    8,
    7,
    7,
    6,
    6,
    5,
    5,
    4,
    4,
    3,
    3,
    2,
    2,
    1,
    1
  ]
}
