{
  "info": {
    "datafile": "demo/data/points/points_7000.png",
    "histogram resolution": [
      40,
      40
    ],
    "time_load (ms)": 15.898,
    "time histogram (ms)": 2936.167,
    "time MT (ms)": 20.974
  },
  "threshold": [
    0,
    0.006988262812845425,
    0.006988262812845425,
    0.0084690286120912,
    0.0084690286120912,
    0.008714408189973488,
    0.008714408189973488,
    0.01373566726335157,
    0.01373566726335157,
    0.015105615581792409,
    0.015105615581792409,
    0.016508921991599756,
    0.016508921991599756,
    0.0185121112941381,
    0.0185121112941381,
    0.020405613632379638,
    0.020405613632379638,
    0.03025702779294631,
    0.03025702779294631,
    0.03128491407056205,
    0.03128491407056205,
    0.032131872692273244,
    0.032131872692273244,
    0.0360116022146863,
    0.0360116022146863,
    0.043944637428092626,
    0.043944637428092626,
    0.04466925200553257,
    0.04466925200553257,
    0.0477610432331782,
    0.0477610432331782,
    0.04842047974105096,
    0.04842047974105096,
    0.052056901234512454,
    0.052056901234512454,
    0.05787649642122367,
    0.05787649642122367,
    0.0584294500584433,
    0.0584294500584433,
    0.06086280990710524,
    0.06086280990710524,
    0.062110727544481326,
    0.062110727544481326,
    0.06514632404316484,
    0.06514632404316484,
    0.06953361957899062,
    0.06953361957899062,
    0.07109765415890906,
    0.07109765415890906,
    0.07350057750990541,
    0.07350057750990541,
    0.08228565970727919,
    0.08228565970727919,
    0.08695693971822038,
    0.08695693971822038,
    0.08750480672289784,
    0.08750480672289784,
    0.08775150629787903,
    0.08775150629787903,
    0.09213949312289094,
    0.09213949312289094,
    0.092914082785228,
    0.092914082785228,
    0.09759707792716865,
    0.09759707792716865,
    0.09968451062413936,
    0.09968451062413936,
    0.10549345690155548,
    0.10549345690155548,
    0.12150668637641382,
    0.12150668637641382,
    0.12292387621595946,
    0.12292387621595946,
    0.1450056601396898,
    0.1450056601396898,
    0.18584785879486138,
    0.18584785879486138,
    0.19091642262942404,
    0.19091642262942404,
    0.19402153155553736,
    0.19402153155553736,
    0.2503812640733167,
    0.2503812640733167,
    0.265530227153909,
    0.265530227153909,
    0.400981460749055,
    0.400981460749055,
    0.42358174300988455,
    0.42358174300988455,
    0.44155453126887695,
    0.44155453126887695,
    0.4602002635758774,
    0.4602002635758774,
    0.5129452484199023,
    0.5129452484199023,
    "inf"
  ],
  "clusters": [
    48,
    48,
    47,
    47,
    46,
    46,
    45,
    45,
    44,
    44,
    43,
    43,
    42,
    42,
    41,
    41,
    40,
    40,
    39,
    39,
    38,
    38,
    37,
    37,
    36,
    36,
    35,
    35,
    34,
    34,
    33,
    33,
    32,
    32,
    31,
    31,
    30,
    30,
    29,
    29,
    28,
    28,
    27,
    27,
    26,
    26,
    25,
    25,
    24,
    24,
    23,
    23,
    22,
    22,
    21,
    21,
    20,
    20,
    19,
    19,
    18,
    18,
    17,
    17,
    16,
    16,
    15,
    15,
    14,
    14,
    13,
    13,
    12,
    12,
    11,
    11,
    10,
    10,
    9,
    9,
    8,
    8,
    7,
    7,
    6,
    6,
    5,
    5,
    4,
    4,
    3,
    3,
    2,
    2,
    1,
    1
  ]
}
