{
  "info": {
    "datafile": "demo/data/points/points_10000.png",
    "histogram resolution": [
      40,
      40
    ],
    "time_load (ms)": 15.673,
    "time histogram (ms)": 2886.614,
    "time MT (ms)": 22.368
  },
  "threshold": [
    0,
    0.007059502177358845,
    0.007059502177358845,
    0.009272451580592367,
    0.009272451580592367,
    0.013515164215972209,
    0.013515164215972209,
    0.014177238998943797,
    0.014177238998943797,
    0.015721328622264608,
    0.015721328622264608,
    0.019061045000996146,
    0.019061045000996146,
    0.021386005868906988,
    0.021386005868906988,
    0.021655132717854686,
    0.021655132717854686,
    0.023415139794193907,
    0.023415139794193907,
    0.023865820998578424,
    0.023865820998578424,
    0.027739331478883023,
    0.027739331478883023,
    0.027828506526561603,
    0.027828506526561603,
    0.03382352988019205,
    0.03382352988019205,
    0.03396660650874844,
    0.03396660650874844,
    0.03566897374363248,
    0.03566897374363248,
    0.036228712560606835,
    0.036228712560606835,
    0.04385813180923315,
    0.04385813180923315,
    0.04715205123681243,
    0.04715205123681243,
    0.05176798603376598,
    0.05176798603376598,
    0.05473802860751176,
    0.05473802860751176,
    0.05548026460103189,
    0.05548026460103189,
    0.057421919611801486,
    0.057421919611801486,
    0.05774702081872224,
    0.05774702081872224,
    0.06044746553614694,
    0.06044746553614694,
    0.0646482127668409,
    0.0646482127668409,
    0.06718463014163512,
    0.06718463014163512,
    0.06860929624828577,
    0.06860929624828577,
    0.07238788278453856,
    0.07238788278453856,
    0.07358821368407814,
    0.07358821368407814,
    0.07509216057424539,
    0.07509216057424539,
    0.07842176207399587,
    0.07842176207399587,
    0.08132336024936682,
    0.08132336024936682,
    0.08559208085039155,
    0.08559208085039155,
    0.08612863905929274,
    0.08612863905929274,
    0.09119739147137329,
    0.09119739147137329,
    0.09738562206792484,
    0.09738562206792484,
    0.11987697098440692,
    0.11987697098440692,
    0.24795158133431716,
    0.24795158133431716,
    0.28399760989535167,
    0.28399760989535167,
    0.37149173484466896,
    0.37149173484466896,
    0.38168973652372024,
    0.38168973652372024,
    0.3851360606698827,
    0.3851360606698827,
    0.3951615855179692,
    0.3951615855179692,
    0.4973849939831181,
    0.4973849939831181,
    "inf"
  ],
  "clusters": [
    45,
    45,
    44,
    44,
    43,
    43,
    42,
    42,
    41,
    41,
    40,
    40,
    39,
    39,
    38,
    38,
    37,
    37,
    36,
    36,
    35,
    35,
    34,
    34,
    33,
    33,
    32,
    32,
    31,
    31,
    30,
    30,
    29,
    29,
    28,
    28,
    27,
    27,
    26,
    26,
    25,
    25,
    24,
    24,
    23,
    23,
    22,
    22,
    21,
    21,
    20,
    20,
    19,
    19,
    18,
    18,
    17,
    17,
    16,
    16,
    15,
    15,
    14,
    14,
    13,
    13,
    12,
    12,
    11,
    11,
    10,
    10,
    9,
    9,
    8,
    8,
    7,
    7,
    6,
    6,
    5,
    5,
    4,
    4,
    3,
    3,
    2,
    2,
    1,
    1
  ]
}
