{
  "info": {
    "datafile": "demo/data/points/points_14500.png",
    "histogram resolution": [
      40,
      40
    ],
    "time_load (ms)": 15.979,
    "time histogram (ms)": 3011.672,
    "time MT (ms)": 22.549
  },
  "threshold": [
    0,
    0.0011149558224989309,
    0.0011149558224989309,
    0.001486984597983132,
    0.001486984597983132,
    0.0031040098339280564,
    0.0031040098339280564,
    0.0031440901936007903,
    0.0031440901936007903,
    0.003623606443094729,
    0.003623606443094729,
    0.003672544312590287,
    0.003672544312590287,
    0.005244243867093712,
    0.005244243867093712,
    0.006574394158544217,
    0.006574394158544217,
    0.006626190995269454,
    0.006626190995269454,
    0.009390619152006396,
    0.009390619152006396,
    0.010073049133186962,
    0.010073049133186962,
    0.010746432625261093,
    0.010746432625261093,
    0.011121256962902504,
    0.011121256962902504,
    0.012153979511079327,
    0.012153979511079327,
    0.014199855555514396,
    0.014199855555514396,
    0.015057777113956894,
    0.015057777113956894,
    0.016579031007044276,
    0.016579031007044276,
    0.0185024992599353,
    0.0185024992599353,
    0.019122735883196296,
    0.019122735883196296,
    0.02417791837114991,
    0.02417791837114991,
    0.02419714169386633,
    0.02419714169386633,
    0.025629283247500523,
    0.025629283247500523,
    0.029325259709045925,
    0.029325259709045925,
    0.029476785536580508,
    0.029476785536580508,
    0.03376190208173613,
    0.03376190208173613,
    0.03997020445611127,
    0.03997020445611127,
    0.058304498706473806,
    0.058304498706473806,
    0.06006343818120358,
    0.06006343818120358,
    0.06933532429592104,
    0.06933532429592104,
    0.08339474237222666,
    0.08339474237222666,
    0.10360438338316541,
    0.10360438338316541,
    0.10723081755274888,
    0.10723081755274888,
    0.1206724789575539,
    0.1206724789575539,
    0.2838812009157503,
    0.2838812009157503,
    0.2938266284074579,
    0.2938266284074579,
    0.31616346812334384,
    0.31616346812334384,
    0.32270280838779664,
    0.32270280838779664,
    0.37234717612862406,
    0.37234717612862406,
    0.4388803467220446,
    0.4388803467220446,
    "inf"
  ],
  "clusters": [
    40,
    40,
    39,
    39,
    38,
    38,
    37,
    37,
    36,
    36,
    35,
    35,
    34,
    34,
    33,
    33,
    32,
    32,
    31,
    31,
    30,
    30,
    29,
    29,
    28,
    28,
    27,
    27,
    26,
    26,
    25,
    25,
    24,
    24,
    23,
    23,
    22,
    22,
    21,
    21,
    20,
    20,
    19,
    19,
    18,
    18,
    17,
    17,
    16,
    16,
    15,
    15,
    14,
    14,
    13,
    13,
    12,
    12,
    11,
    11,
    10,
    10,
    9,
    9,
    8,
    8,
    7,
    7,
    6,
    6,
    5,
    5,
    4,
    4,
    3,
    3,
    2,
    2,
    1,
    1
  ]
}
