{
  "info": {
    "datafile": "demo/data/points/points_7500.png",
    "histogram resolution": [
      40,
      40
    ],
    "time_load (ms)": 16.443,
    "time histogram (ms)": 3037.063,
    "time MT (ms)": 21.25
  },
  "threshold": [
    0,
    0.0068689649409024445,
    0.0068689649409024445,
    0.007199154669395302,
    0.007199154669395302,
    0.00845037058485626,
    0.00845037058485626,
    0.009612253280783523,
    0.009612253280783523,
    0.01290849720552456,
    0.01290849720552456,
    0.016608996821256994,
    0.016608996821256994,
    0.016856639049952604,
    0.016856639049952604,
    0.020552050868788307,
    0.020552050868788307,
    0.021354343129843967,
    0.021354343129843967,
    0.02379197438498476,
    0.02379197438498476,
    0.03227604832842618,
    0.03227604832842618,
    0.032795078764833896,
    0.032795078764833896,
    0.03302575993196416,
    0.03302575993196416,
    0.033117918688922054,
    0.033117918688922054,
    0.035797883483883075,
    0.035797883483883075,
    0.038961511138714544,
    0.038961511138714544,
    0.042063007205002334,
    0.042063007205002334,
    0.0502269429680719,
    0.0502269429680719,
    0.05209669922198912,
    0.05209669922198912,
    0.052729719816067944,
    0.052729719816067944,
    0.05721731038159472,
    0.05721731038159472,
    0.05787649642122367,
    0.05787649642122367,
    0.058018817944304524,
    0.058018817944304524,
    0.058065808879836533,
    0.058065808879836533,
    0.06262975753919564,
    0.06262975753919564,
    0.06348519821354803,
    0.06348519821354803,
    0.07072279958497257,
    0.07072279958497257,
    0.0728051434703399,
    0.0728051434703399,
    0.07440407633525775,
    0.07440407633525775,
    0.081416336757137,
    0.081416336757137,
    0.08286236021656979,
    0.08286236021656979,
    0.08522149648612226,
    0.08522149648612226,
    0.09001345696457314,
    0.09001345696457314,
    0.09760668961440816,
    0.09760668961440816,
    0.10060553676928119,
    0.10060553676928119,
    0.10339744967105557,
    0.10339744967105557,
    0.10813786460973623,
    0.10813786460973623,
    0.11685324660309021,
    0.11685324660309021,
    0.14983179548771525,
    0.14983179548771525,
    0.18361207382643924,
    0.18361207382643924,
    0.18764122394645805,
    0.18764122394645805,
    0.19402153155553736,
    0.19402153155553736,
    0.2324746897343185,
    0.2324746897343185,
    0.2795708935009316,
    0.2795708935009316,
    0.40524851633953574,
    0.40524851633953574,
    0.40848146793846096,
    0.40848146793846096,
    0.4195790098861371,
    0.4195790098861371,
    0.4318456903346361,
    0.4318456903346361,
    0.5425096694090014,
    0.5425096694090014,
    "inf"
  ],
  "clusters": [
    50,
    50,
    49,
    49,
    48,
    48,
    47,
    47,
    46,
    46,
    45,
    45,
    44,
    44,
    43,
    43,
    42,
    42,
    41,
    41,
    40,
    40,
    39,
    39,
    38,
    38,
    37,
    37,
    36,
    36,
    35,
    35,
    34,
    34,
    33,
    33,
    32,
    32,
    31,
    31,
    30,
    30,
    29,
    29,
    28,
    28,
    27,
    27,
    26,
    26,
    25,
    25,
    24,
    24,
    23,
    23,
    22,
    22,
    21,
    21,
    20,
    20,
    19,
    19,
    18,
    18,
    17,
    17,
    16,
    16,
    15,
    15,
    14,
    14,
    13,
    13,
    12,
    12,
    11,
    11,
    10,
    10,
    9,
    9,
    8,
    8,
    7,
    7,
    6,
    6,
    5,
    5,
    4,
    4,
    3,
    3,
    2,
    2,
    1,
    1
  ]
}
