{
  "info": {
    "datafile": "demo/data/points/points_20500.png",
    "histogram resolution": [
      40,
      40
    ],
    "time_load (ms)": 16.486,
    "time histogram (ms)": 3147.843,
    "time MT (ms)": 22.57
  },
  "threshold": [
    0,
    7.689350704642717e-05,
    7.689350704642717e-05,
    9.102834216206945e-05,
    9.102834216206945e-05,
    0.00013415539416039568,
    0.00013415539416039568,
    0.00021145707703945638,
    0.00021145707703945638,
    0.00040548130983608655,
    0.00040548130983608655,
    0.0007734581804753615,
    0.0007734581804753615,
    0.0007853314238616682,
    0.0007853314238616682,
    0.0009210258029452856,
    0.0009210258029452856,
    0.0009617027968005232,
    0.0009617027968005232,
    0.0013676866841467183,
    0.0013676866841467183,
    0.0025878056445811093,
    0.0025878056445811093,
    0.0030057884216707076,
    0.0030057884216707076,
    0.003123798592509164,
    0.003123798592509164,
    0.003239138838241562,
    0.003239138838241562,
    0.003787005118176534,
    0.003787005118176534,
    0.0042579778305747995,
    0.0042579778305747995,
    0.0044026871824084934,
    0.0044026871824084934,
    0.005017301227495663,
    0.005017301227495663,
    0.0057381778298055686,
    0.0057381778298055686,
    0.005786236165566172,
    0.005786236165566172,
    0.007461873770268912,
    0.007461873770268912,
    0.010603388134151681,
    0.010603388134151681,
    0.012091503574458096,
    0.012091503574458096,
    0.013573964886196,
    0.013573964886196,
    0.015579415249388717,
    0.015579415249388717,
    0.01578239148811378,
    0.01578239148811378,
    0.01612841244000729,
    0.01612841244000729,
    0.017941817554517403,
    0.017941817554517403,
    0.01818477971685245,
    0.01818477971685245,
    0.022104212341623186,
    0.022104212341623186,
    0.027035416409909308,
    0.027035416409909308,
    0.0280613229683071,
    0.0280613229683071,
    0.05289311867376206,
    0.05289311867376206,
    0.0633031418749116,
    0.0633031418749116,
    0.1331405344138818,
    0.1331405344138818,
    0.17569204312338327,
    0.17569204312338327,
    0.1841746400816166,
    0.1841746400816166,
    0.1869281059286247,
    0.1869281059286247,
    0.2670799705597079,
    0.2670799705597079,
    0.2771241845632041,
    0.2771241845632041,
    0.313619763791269,
    0.313619763791269,
    "inf"
  ],
  "clusters": [
    42,
    42,
    41,
    41,
    40,
    40,
    39,
    39,
    38,
    38,
    37,
    37,
    36,
    36,
    35,
    35,
    34,
    34,
    33,
    33,
    32,
    32,
    31,
    31,
    30,
    30,
    29,
    29,
    28,
    28,
    27,
    27,
    26,
    26,
    25,
    25,
    24,
    24,
    23,
    23,
    22,
    22,
    21,
    21,
    20,
    20,
    19,
    19,
    18,
    18,
    17,
    17,
    16,
    16,
    15,
    15,
    14,
    14,
    13,
    13,
    12,
    12,
    11,
    11,
    10,
    10,
    9,
    9,
    8,
    8,
    7,
    7,
    6,
    6,
    5,
    5,
    4,
    4,
    3,
    3,
    2,
    2,
    1,
    1
  ]
}
