{
  "info": {
    "datafile": "demo/data/points/points_18500.png",
    "histogram resolution": [
      40,
      40
    ],
    "time_load (ms)": 15.817,
    "time histogram (ms)": 2989.959,
    "time MT (ms)": 21.476
  },
  "threshold": [
    0,
    0.0007497116617456445,
    0.0007497116617456445,
    0.0008972793564548387,
    0.0008972793564548387,
    0.001155350017257084,
    0.001155350017257084,
    0.0017669486515487498,
    0.0017669486515487498,
    0.0021168329401721753,
    0.0021168329401721753,
    0.002531831739849,
    0.002531831739849,
    0.002595155732706189,
    0.002595155732706189,
    0.0026567835069928325,
    0.0026567835069928325,
    0.002683796901050417,
    0.002683796901050417,
    0.0030531244296870264,
    0.0030531244296870264,
    0.0030677618739081147,
    0.0030677618739081147,
    0.003142456572412633,
    0.003142456572412633,
    0.004661668735720659,
    0.004661668735720659,
    0.004741232034845111,
    0.004741232034845111,
    0.004775407100030438,
    0.004775407100030438,
    0.005113418104455758,
    0.005113418104455758,
    0.005776624485174631,
    0.005776624485174631,
    0.006183707745151756,
    0.006183707745151756,
    0.007199154456839996,
    0.007199154456839996,
    0.00744905830794651,
    0.00744905830794651,
    0.008093606732125613,
    0.008093606732125613,
    0.008907773209582137,
    0.008907773209582137,
    0.009250181865085083,
    0.009250181865085083,
    0.009360716172150618,
    0.009360716172150618,
    0.010551371627029127,
    0.010551371627029127,
    0.013081507376102974,
    0.013081507376102974,
    0.01448182957646138,
    0.01448182957646138,
    0.01680924038099396,
    0.01680924038099396,
    0.020971540891874862,
    0.020971540891874862,
    0.022266543220626156,
    0.022266543220626156,
    0.0310457522350856,
    0.0310457522350856,
    0.04335775892526844,
    0.04335775892526844,
    0.05683391045564423,
    0.05683391045564423,
    0.058599634912947784,
    0.058599634912947784,
    0.06163070836983142,
    0.06163070836983142,
    0.07732068886257576,
    0.07732068886257576,
    0.13905398397370228,
    0.13905398397370228,
    0.1923683211846533,
    0.1923683211846533,
    0.21204627388411534,
    0.21204627388411534,
    0.2596309128258487,
    0.2596309128258487,
    0.2765955414837592,
    0.2765955414837592,
    0.31085693715485163,
    0.31085693715485163,
    0.313619763791269,
    0.313619763791269,
    "inf"
  ],
  "clusters": [
    44,
    44,
    43,
    43,
    42,
    42,
    41,
    41,
    40,
    40,
    39,
    39,
    38,
    38,
    37,
    37,
    36,
    36,
    35,
    35,
    34,
    34,
    33,
    33,
    32,
    32,
    31,
    31,
    30,
    30,
    29,
    29,
    28,
    28,
    27,
    27,
    26,
    26,
    25,
    25,
    24,
    24,
    23,
    23,
    22,
    22,
    21,
    21,
    20,
    20,
    19,
    19,
    18,
    18,
    17,
    17,
    16,
    16,
    15,
    15,
    14,
    14,
    13,
    13,
    12,
    12,
    11,
    11,
    10,
    10,
    9,
    9,
    8,
    8,
    7,
    7,
    6,
    6,
    5,
    5,
    4,
    4,
    3,
    3,
    2,
    2,
    1,
    1
  ]
}
