{
  "info": {
    "datafile": "demo/data/points/points_3500.png",
    "histogram resolution": [
      40,
      40
    ],
    "time_load (ms)": 15.928,
    "time histogram (ms)": 2946.67,
    "time MT (ms)": 21.764
  },
  "threshold": [
    0,
    0.001863064970526962,
    0.001863064970526962,
    0.007432661478481817,
    0.007432661478481817,
    0.009741445442355778,
    0.009741445442355778,
    0.011943370038310475,
    0.011943370038310475,
    0.012399076685017274,
    0.012399076685017274,
    0.014921988898447092,
    0.014921988898447092,
    0.025297962238683414,
    0.025297962238683414,
    0.02649599905463118,
    0.02649599905463118,
    0.029306035854068546,
    0.029306035854068546,
    0.033448673933105244,
    0.033448673933105244,
    0.03605344082575801,
    0.03605344082575801,
    0.03661487628775617,
    0.03661487628775617,
    0.04862439866495166,
    0.04862439866495166,
    0.059467512988668036,
    0.059467512988668036,
    0.05965974647551775,
    0.05965974647551775,
    0.0603156030272598,
    0.0603156030272598,
    0.0639940844605269,
    0.0639940844605269,
    0.06431180275246207,
    0.06431180275246207,
    0.06448374582177602,
    0.06448374582177602,
    0.07340018857120334,
    0.07340018857120334,
    0.07851291413891714,
    0.07851291413891714,
    0.08256191675655433,
    0.08256191675655433,
    0.09297781474372713,
    0.09297781474372713,
    0.09644367562734762,
    0.09644367562734762,
    0.09927968913957802,
    0.09927968913957802,
    0.1099865429797301,
    0.1099865429797301,
    0.1133506349021618,
    0.1133506349021618,
    0.12423841450406364,
    0.12423841450406364,
    0.12838384782142676,
    0.12838384782142676,
    0.13573678965454067,
    0.13573678965454067,
    0.14717585998901517,
    0.14717585998901517,
    0.1504094710238884,
    0.1504094710238884,
    0.1555181774594831,
    0.1555181774594831,
    0.1577752905424079,
    0.1577752905424079,
    0.16768208156983005,
    0.16768208156983005,
    0.183699709316823,
    0.183699709316823,
    0.18409265681882114,
    0.18409265681882114,
    0.19389092446760853,
    0.19389092446760853,
    0.236168781359333,
    0.236168781359333,
    0.24104416815912072,
    0.24104416815912072,
    0.25604122800638657,
    0.25604122800638657,
    0.26198147176821,
    0.26198147176821,
    0.3074106110679899,
    0.3074106110679899,
    0.3270868982062887,
    0.3270868982062887,
    0.37646097590115063,
    0.37646097590115063,
    0.4284535800225059,
    0.4284535800225059,
    0.46926876408360446,
    0.46926876408360446,
    0.5054594387857281,
    0.5054594387857281,
    0.5095801828468415,
    0.5095801828468415,
    "inf"
  ],
  "clusters": [
    50,
    50,
    49,
    49,
    48,
    48,
    47,
    47,
    46,
    46,
    45,
    45,
    44,
    44,
    43,
    43,
    42,
    42,
    41,
    41,
    40,
    40,
    39,
    39,
    38,
    38,
    37,
    37,
    36,
    36,
    35,
    35,
    34,
    34,
    33,
    33,
    32,
    32,
    31,
    31,
    30,
    30,
    29,
    29,
    28,
    28,
    27,
    27,
    26,
    26,
    25,
    25,
    24,
    24,
    23,
    23,
    22,
    22,
    21,
    21,
    20,
    20,
    19,
    19,
    18,
    18,
    17,
    17,
    16,
    16,
    15,
    15,
    14,
    14,
    13,
    13,
    12,
    12,
    11,
    11,
    10,
    10,
    9,
    9,
    8,
    8,
    7,
    7,
    6,
    6,
    5,
    5,
    4,
    4,
    3,
    3,
    2,
    2,
    1,
    1
  ]
}
