{
  "info": {
    "datafile": "demo/data/points/points_50000.png",
    "histogram resolution": [
      40,
      40
    ],
    "time_load (ms)": 17.978,
    "time histogram (ms)": 3096.764,
    "time MT (ms)": 22.938
  },
  "threshold": [
    0,
    9.611688380817274e-06,
    9.611688380817274e-06,
    2.7233116001001978e-05,
    2.7233116001001978e-05,
    5.446623200205947e-05,
    5.446623200205947e-05,
    0.0016884532351805759,
    0.0016884532351805759,
    0.005767012800217797,
    0.005767012800217797,
    0.008489256446485127,
    0.008489256446485127,
    0.008583237381594,
    0.008583237381594,
    0.037736618137277134,
    0.037736618137277134,
    0.048819459198126525,
    0.048819459198126525,
    0.06409073495488687,
    0.06409073495488687,
    0.06728395148982397,
    0.06728395148982397,
    0.07629757873741361,
    0.07629757873741361,
    0.11506151604265269,
    0.11506151604265269,
    "inf"
  ],
  "clusters": [
    14,
    14,
    13,
    13,
    12,
    12,
    11,
    11,
    10,
    10,
    9,
    9,
    8,
    8,
    7,
    7,
    6,
    6,
    5,
    5,
    4,
    4,
    3,
    3,
    2,
    2,
    1,
    1
  ]
}
