{
  "info": {
    "datafile": "demo/data/points/points_20000.png",
    "histogram resolution": [
      40,
      40
    ],
    "time_load (ms)": 16.664,
    "time histogram (ms)": 3033.599,
    "time MT (ms)": 22.02
  },
  "threshold": [
    0,
    7.689350704642717e-05,
    7.689350704642717e-05,
    9.102834216206945e-05,
    9.102834216206945e-05,
    0.00011380123053050806,
    0.00011380123053050806,
    0.00021145707703945638,
    0.00021145707703945638,
    0.000344418822168846,
    0.000344418822168846,
    0.0007734581804753615,
    0.0007734581804753615,
    0.0007853314238616682,
    0.0007853314238616682,
    0.0009210258029452856,
    0.0009210258029452856,
    0.0009435473864924937,
    0.0009435473864924937,
    0.001445145554885674,
    0.001445145554885674,
    0.0018669290399885852,
    0.0018669290399885852,
    0.002531831739849,
    0.002531831739849,
    0.0029769533576696205,
    0.0029769533576696205,
    0.003123798592509164,
    0.003123798592509164,
    0.003239138838241562,
    0.003239138838241562,
    0.003787005118176534,
    0.003787005118176534,
    0.0042579778305747995,
    0.0042579778305747995,
    0.0044026871824084934,
    0.0044026871824084934,
    0.005670895911844498,
    0.005670895911844498,
    0.0057381778298055686,
    0.0057381778298055686,
    0.006515028315900839,
    0.006515028315900839,
    0.008315178070915863,
    0.008315178070915863,
    0.008669742629589416,
    0.008669742629589416,
    0.008975055080010341,
    0.008975055080010341,
    0.012091503574458096,
    0.012091503574458096,
    0.013573964886196,
    0.013573964886196,
    0.014682921339009003,
    0.014682921339009003,
    0.015148020263970274,
    0.015148020263970274,
    0.015671008984514956,
    0.015671008984514956,
    0.018575121054105248,
    0.018575121054105248,
    0.019319492702682795,
    0.019319492702682795,
    0.021992264445283904,
    0.021992264445283904,
    0.028037293563433652,
    0.028037293563433652,
    0.029089773575976197,
    0.029089773575976197,
    0.05289311867376206,
    0.05289311867376206,
    0.06323190231066605,
    0.06323190231066605,
    0.1331405344138818,
    0.1331405344138818,
    0.17569204312338327,
    0.17569204312338327,
    0.1841746400816166,
    0.1841746400816166,
    0.1869281059286247,
    0.1869281059286247,
    0.2765955414837592,
    0.2765955414837592,
    0.30458424275706486,
    0.30458424275706486,
    0.313619763791269,
    0.313619763791269,
    "inf"
  ],
  "clusters": [
    44,
    44,
    43,
    43,
    42,
    42,
    41,
    41,
    40,
    40,
    39,
    39,
    38,
    38,
    37,
    37,
    36,
    36,
    35,
    35,
    34,
    34,
    33,
    33,
    32,
    32,
    31,
    31,
    30,
    30,
    29,
    29,
    28,
    28,
    27,
    27,
    26,
    26,
    25,
    25,
    24,
    24,
    23,
    23,
    22,
    22,
    21,
    21,
    20,
    20,
    19,
    19,
    18,
    18,
    17,
    17,
    16,
    16,
    15,
    15,
    14,
    14,
    13,
    13,
    12,
    12,
    11,
    11,
    10,
    10,
    9,
    9,
    8,
    8,
    7,
    7,
    6,
    6,
    5,
    5,
    4,
    4,
    3,
    3,
    2,
    2,
    1,
    1
  ]
}
