{
  "info": {
    "datafile": "demo/data/points/points_62000.png",
    "histogram resolution": [
      40,
      40
    ],
    "time_load (ms)": 18.672,
    "time histogram (ms)": 3422.521,
    "time MT (ms)": 26.699
  },
  "threshold": [
    0,
    6.106248847287388e-05,
    6.106248847287388e-05,
    0.0064035201703162015,
    0.0064035201703162015,
    0.006545559521399291,
    0.006545559521399291,
    0.028988851042573927,
    0.028988851042573927,
    0.032281702521311906,
    0.032281702521311906,
    0.058333334656371916,
    0.058333334656371916,
    0.06256354469331671,
    0.06256354469331671,
    0.06311995445239338,
    0.06311995445239338,
    0.10544021660005493,
    0.10544021660005493,
    "inf"
  ],
  "clusters": [
    10,
    10,
    9,
    9,
    8,
    8,
    7,
    7,
    6,
    6,
    5,
    5,
    4,
    4,
    3,
    3,
    2,
    2,
    1,
    1
  ]
}
