{
  "info": {
    "datafile": "demo/data/points/points_29000.png",
    "histogram resolution": [
      40,
      40
    ],
    "time_load (ms)": 19.263,
    "time histogram (ms)": 3138.597,
    "time MT (ms)": 23.593
  },
  "threshold": [
    0,
    9.611688380817274e-06,
    9.611688380817274e-06,
    1.9223376761634547e-05,
    1.9223376761634547e-05,
    2.883506400108704e-05,
    2.883506400108704e-05,
    3.84467523818488e-05,
    3.84467523818488e-05,
    8.141665451977254e-05,
    8.141665451977254e-05,
    0.00014247914071002787,
    0.00014247914071002787,
    0.000193364552067532,
    0.000193364552067532,
    0.0003358436890178451,
    0.0003358436890178451,
    0.0003663749429220209,
    0.0003663749429220209,
    0.0004410696630482991,
    0.0004410696630482991,
    0.00047204068525591447,
    0.00047204068525591447,
    0.0008169934712806692,
    0.0008169934712806692,
    0.0012345679397522402,
    0.0012345679397522402,
    0.0013287373630981314,
    0.0013287373630981314,
    0.0013483062095854814,
    0.0013483062095854814,
    0.001547481772243342,
    0.001547481772243342,
    0.0025871460416561076,
    0.0025871460416561076,
    0.0027608160024042983,
    0.0027608160024042983,
    0.002852975179773176,
    0.002852975179773176,
    0.00321030381418691,
    0.00321030381418691,
    0.0032363118890634257,
    0.0032363118890634257,
    0.003384916200977195,
    0.003384916200977195,
    0.005786236165566172,
    0.005786236165566172,
    0.006635457156048796,
    0.006635457156048796,
    0.007615126877128342,
    0.007615126877128342,
    0.009554017855621433,
    0.009554017855621433,
    0.015849673341019277,
    0.015849673341019277,
    0.016414564142961385,
    0.016414564142961385,
    0.032103037831428316,
    0.032103037831428316,
    0.05209647886735158,
    0.05209647886735158,
    0.0927816236462426,
    0.0927816236462426,
    0.11845104926133648,
    0.11845104926133648,
    0.12323145010490338,
    0.12323145010490338,
    0.132410613034724,
    0.132410613034724,
    0.1353939740069176,
    0.1353939740069176,
    0.25604518805227683,
    0.25604518805227683,
    "inf"
  ],
  "clusters": [
    37,
    37,
    36,
    36,
    35,
    35,
    34,
    34,
    33,
    33,
    32,
    32,
    31,
    31,
    30,
    30,
    29,
    29,
    28,
    28,
    27,
    27,
    26,
    26,
    25,
    25,
    24,
    24,
    23,
    23,
    22,
    22,
    21,
    21,
    20,
    20,
    19,
    19,
    18,
    18,
    17,
    17,
    16,
    16,
    15,
    15,
    14,
    14,
    13,
    13,
    12,
    12,
    11,
    11,
    10,
    10,
    9,
    9,
    8,
    8,
    7,
    7,
    6,
    6,
    5,
    5,
    4,
    4,
    3,
    3,
    2,
    2,
    1,
    1
  ]
}
