{
  "info": {
    "datafile": "demo/data/points/points_32000.png",
    "histogram resolution": [
      40,
      40
    ],
    "time_load (ms)": 18.74,
    "time histogram (ms)": 3125.61,
    "time MT (ms)": 22.136
  },
  "threshold": [
    0,
    1.9223376761634547e-05,
    1.9223376761634547e-05,
    2.883506400108704e-05,
    2.883506400108704e-05,
    4.859242459187563e-05,
    4.859242459187563e-05,
    8.141665451977254e-05,
    8.141665451977254e-05,
    9.611688266675245e-05,
    9.611688266675245e-05,
    0.0001906318184747291,
    0.0001906318184747291,
    0.00035619786110702156,
    0.00035619786110702156,
    0.0007734581841007393,
    0.0007734581841007393,
    0.0009803921669064297,
    0.0009803921669064297,
    0.0013942601397685106,
    0.0013942601397685106,
    0.0016339869546721508,
    0.0016339869546721508,
    0.0017338417119053262,
    0.0017338417119053262,
    0.0017877739726328556,
    0.0017877739726328556,
    0.0018742791646361168,
    0.0018742791646361168,
    0.0021337947520591594,
    0.0021337947520591594,
    0.002277970067499302,
    0.002277970067499302,
    0.003188253426548382,
    0.003188253426548382,
    0.003394527889358012,
    0.003394527889358012,
    0.005228758378721332,
    0.005228758378721332,
    0.01643271955650316,
    0.01643271955650316,
    0.02840423447186302,
    0.02840423447186302,
    0.051558224336287706,
    0.051558224336287706,
    0.0809784708031015,
    0.0809784708031015,
    0.09455526294831224,
    0.09455526294831224,
    0.09945213531746583,
    0.09945213531746583,
    0.12215494103364499,
    0.12215494103364499,
    0.13483115624856307,
    0.13483115624856307,
    0.2344087133680351,
    0.2344087133680351,
    "inf"
  ],
  "clusters": [
    29,
    29,
    28,
    28,
    27,
    27,
    26,
    26,
    25,
    25,
    24,
    24,
    23,
    23,
    22,
    22,
    21,
    21,
    20,
    20,
    19,
    19,
    18,
    18,
    17,
    17,
    16,
    16,
    15,
    15,
    14,
    14,
    13,
    13,
    12,
    12,
    11,
    11,
    10,
    10,
    9,
    9,
    8,
    8,
    7,
    7,
    6,
    6,
    5,
    5,
    4,
    4,
    3,
    3,
    2,
    2,
    1,
    1
  ]
}
