{
  "info": {
    "datafile": "demo/data/points/points_9000.png",
    "histogram resolution": [
      40,
      40
    ],
    "time_load (ms)": 17.402,
    "time histogram (ms)": 3188.641,
    "time MT (ms)": 22.747
  },
  "threshold": [
    0,
    0.0009227218882491006,
    0.0009227218882491006,
    0.0041122001729330115,
    0.0041122001729330115,
    0.010957323571703537,
    0.010957323571703537,
    0.011378636580578916,
    0.011378636580578916,
    0.016993463564408506,
    0.016993463564408506,
    0.01711841573793177,
    0.01711841573793177,
    0.020753235950323412,
    0.020753235950323412,
    0.02293066047317316,
    0.02293066047317316,
    0.0230686163626162,
    0.0230686163626162,
    0.026623245230376402,
    0.026623245230376402,
    0.027342424730997517,
    0.027342424730997517,
    0.027758554514387912,
    0.027758554514387912,
    0.029442861516564667,
    0.029442861516564667,
    0.03267860886013996,
    0.03267860886013996,
    0.03526245607890305,
    0.03526245607890305,
    0.03622645128804619,
    0.03622645128804619,
    0.03649162149863511,
    0.03649162149863511,
    0.04520697205318319,
    0.04520697205318319,
    0.05084582883978772,
    0.05084582883978772,
    0.05103862771006823,
    0.05103862771006823,
    0.05109403678967972,
    0.05109403678967972,
    0.052674876160907824,
    0.052674876160907824,
    0.05866302104696253,
    0.05866302104696253,
    0.06007688154728835,
    0.06007688154728835,
    0.06118857096225416,
    0.06118857096225416,
    0.061212034546262895,
    0.061212034546262895,
    0.06480256426674469,
    0.06480256426674469,
    0.06509035047801104,
    0.06509035047801104,
    0.06575355753896067,
    0.06575355753896067,
    0.06632064631341172,
    0.06632064631341172,
    0.07377931643300234,
    0.07377931643300234,
    0.07669900818308978,
    0.07669900818308978,
    0.07807743737142159,
    0.07807743737142159,
    0.07958584371523036,
    0.07958584371523036,
    0.0810706296377367,
    0.0810706296377367,
    0.08281260755784797,
    0.08281260755784797,
    0.0829008073778823,
    0.0829008073778823,
    0.09021530240915682,
    0.09021530240915682,
    0.09726761223942099,
    0.09726761223942099,
    0.1076605156515999,
    0.1076605156515999,
    0.1213260745001804,
    0.1213260745001804,
    0.1838212686846239,
    0.1838212686846239,
    0.24544993438364837,
    0.24544993438364837,
    0.2917649215441106,
    0.2917649215441106,
    0.3706362945981798,
    0.3706362945981798,
    0.41014994396805293,
    0.41014994396805293,
    0.41488850625304907,
    0.41488850625304907,
    0.41555918807689857,
    0.41555918807689857,
    0.4973849939831181,
    0.4973849939831181,
    "inf"
  ],
  "clusters": [
    50,
    50,
    49,
    49,
    48,
    48,
    47,
    47,
    46,
    46,
    45,
    45,
    44,
    44,
    43,
    43,
    42,
    42,
    41,
    41,
    40,
    40,
    39,
    39,
    38,
    38,
    37,
    37,
    36,
    36,
    35,
    35,
    34,
    34,
    33,
    33,
    32,
    32,
    31,
    31,
    30,
    30,
    29,
    29,
    28,
    28,
    27,
    27,
    26,
    26,
    25,
    25,
    24,
    24,
    23,
    23,
    22,
    22,
    21,
    21,
    20,
    20,
    19,
    19,
    18,
    18,
    17,
    17,
    16,
    16,
    15,
    15,
    14,
    14,
    13,
    13,
    12,
    12,
    11,
    11,
    10,
    10,
    9,
    9,
    8,
    8,
    7,
    7,
    6,
    6,
    5,
    5,
    4,
    4,
    3,
    3,
    2,
    2,
    1,
    1
  ]
}
