{
  "info": {
    "datafile": "demo/data/points/points_28500.png",
    "histogram resolution": [
      40,
      40
    ],
    "time_load (ms)": 18.593,
    "time histogram (ms)": 3062.976,
    "time MT (ms)": 21.554
  },
  "threshold": [
    0,
    9.611688380817274e-06,
    9.611688380817274e-06,
    3.0531244236464694e-05,
    3.0531244236464694e-05,
    4.805844076272159e-05,
    4.805844076272159e-05,
    4.805844076272159e-05,
    4.805844076272159e-05,
    0.00014247913815879087,
    0.00014247913815879087,
    0.00014247914071002787,
    0.00014247914071002787,
    0.000193364552067532,
    0.000193364552067532,
    0.00040708326776495163,
    0.00040708326776495163,
    0.0004579686599213151,
    0.0004579686599213151,
    0.0008266051756400938,
    0.0008266051756400938,
    0.0008554402236625736,
    0.0008554402236625736,
    0.0012345679397522402,
    0.0012345679397522402,
    0.001547481772243342,
    0.001547481772243342,
    0.0024034874118308847,
    0.0024034874118308847,
    0.0025871460416561076,
    0.0025871460416561076,
    0.0027608160024042983,
    0.0027608160024042983,
    0.002852975179773176,
    0.002852975179773176,
    0.0032363118890634257,
    0.0032363118890634257,
    0.0034575378400535373,
    0.0034575378400535373,
    0.0038887759626438645,
    0.0038887759626438645,
    0.004959631024165911,
    0.004959631024165911,
    0.005786236165566172,
    0.005786236165566172,
    0.006635457156048796,
    0.006635457156048796,
    0.00765143769558857,
    0.00765143769558857,
    0.009718484602095512,
    0.009718484602095512,
    0.015849673341019277,
    0.015849673341019277,
    0.016414564142961385,
    0.016414564142961385,
    0.032103037831428316,
    0.032103037831428316,
    0.04898229194073239,
    0.04898229194073239,
    0.0927816236462426,
    0.0927816236462426,
    0.11845104926133648,
    0.11845104926133648,
    0.12323145010490338,
    0.12323145010490338,
    0.132410613034724,
    0.132410613034724,
    0.1353939740069176,
    0.1353939740069176,
    0.25604518805227683,
    0.25604518805227683,
    "inf"
  ],
  "clusters": [
    36,
    36,
    35,
    35,
    34,
    34,
    33,
    33,
    32,
    32,
    31,
    31,
    30,
    30,
    29,
    29,
    28,
    28,
    27,
    27,
    26,
    26,
    25,
    25,
    24,
    24,
    23,
    23,
    22,
    22,
    21,
    21,
    20,
    20,
    19,
    19,
    18,
    18,
    17,
    17,
    16,
    16,
    15,
    15,
    14,
    14,
    13,
    13,
    12,
    12,
    11,
    11,
    10,
    10,
    9,
    9,
    8,
    8,
    7,
    7,
    6,
    6,
    5,
    5,
    4,
    4,
    3,
    3,
    2,
    2,
    1,
    1
  ]
}
