{
  "info": {
    "datafile": "demo/data/points/points_25500.png",
    "histogram resolution": [
      40,
      40
    ],
    "time_load (ms)": 16.382,
    "time histogram (ms)": 3086.153,
    "time MT (ms)": 22.866
  },
  "threshold": [
    0,
    5.4466233079975e-05,
    5.4466233079975e-05,
    0.00010572856876489567,
    0.00010572856876489567,
    0.0001424791405757464,
    0.0001424791405757464,
    0.00015265621876531243,
    0.00015265621876531243,
    0.00019506072209807268,
    0.00019506072209807268,
    0.00021786492800823787,
    0.00021786492800823787,
    0.0002951353714256699,
    0.0002951353714256699,
    0.000468145756237881,
    0.000468145756237881,
    0.000545196343605947,
    0.000545196343605947,
    0.0009611687958514525,
    0.0009611687958514525,
    0.0009686445645137876,
    0.0009686445645137876,
    0.0010188389386908692,
    0.0010188389386908692,
    0.0011534025802069636,
    0.0011534025802069636,
    0.0019353418263221567,
    0.0019353418263221567,
    0.003112490735239115,
    0.003112490735239115,
    0.0032363118890634257,
    0.0032363118890634257,
    0.004575163486016942,
    0.004575163486016942,
    0.004793405366874559,
    0.004793405366874559,
    0.0049692427034161435,
    0.0049692427034161435,
    0.005786236165566172,
    0.005786236165566172,
    0.006710026332802155,
    0.006710026332802155,
    0.01020060817885432,
    0.01020060817885432,
    0.010257807085980453,
    0.010257807085980453,
    0.010492571016489982,
    0.010492571016489982,
    0.01382160740311017,
    0.01382160740311017,
    0.0153594772381635,
    0.0153594772381635,
    0.016414564142961385,
    0.016414564142961385,
    0.02049745865493874,
    0.02049745865493874,
    0.04225524194106767,
    0.04225524194106767,
    0.10300393579817768,
    0.10300393579817768,
    0.1252114577504222,
    0.1252114577504222,
    0.13682068151560417,
    0.13682068151560417,
    0.13834102410142873,
    0.13834102410142873,
    0.1889985776957524,
    0.1889985776957524,
    0.19093137434295687,
    0.19093137434295687,
    0.25606554221348987,
    0.25606554221348987,
    "inf"
  ],
  "clusters": [
    37,
    37,
    36,
    36,
    35,
    35,
    34,
    34,
    33,
    33,
    32,
    32,
    31,
    31,
    30,
    30,
    29,
    29,
    28,
    28,
    27,
    27,
    26,
    26,
    25,
    25,
    24,
    24,
    23,
    23,
    22,
    22,
    21,
    21,
    20,
    20,
    19,
    19,
    18,
    18,
    17,
    17,
    16,
    16,
    15,
    15,
    14,
    14,
    13,
    13,
    12,
    12,
    11,
    11,
    10,
    10,
    9,
    9,
    8,
    8,
    7,
    7,
    6,
    6,
    5,
    5,
    4,
    4,
    3,
    3,
    2,
    2,
    1,
    1
  ]
}
