{
  "info": {
    "datafile": "demo/data/points/points_25000.png",
    "histogram resolution": [
      40,
      40
    ],
    "time_load (ms)": 17.866,
    "time histogram (ms)": 2925.844,
    "time MT (ms)": 21.271
  },
  "threshold": [
    0,
    3.731596652062352e-05,
    3.731596652062352e-05,
    5.4466233079975e-05,
    5.4466233079975e-05,
    9.555148694995186e-05,
    9.555148694995186e-05,
    0.00015265621876531243,
    0.00015265621876531243,
    0.00015265622359916797,
    0.00015265622359916797,
    0.00019506072209807268,
    0.00019506072209807268,
    0.00021786492800823787,
    0.00021786492800823787,
    0.0002951353714256699,
    0.0002951353714256699,
    0.000468145756237881,
    0.000468145756237881,
    0.00054893418824431,
    0.00054893418824431,
    0.0009686445645137876,
    0.0009686445645137876,
    0.0010572856922140828,
    0.0010572856922140828,
    0.0019251647457156351,
    0.0019251647457156351,
    0.0021914649006052334,
    0.0021914649006052334,
    0.003287197298138256,
    0.003287197298138256,
    0.004484386431242993,
    0.004484386431242993,
    0.004793405366874559,
    0.004793405366874559,
    0.0048906530571549145,
    0.0048906530571549145,
    0.0049980777674172305,
    0.0049980777674172305,
    0.005786236165566172,
    0.005786236165566172,
    0.00927741494443679,
    0.00927741494443679,
    0.0104955864512421,
    0.0104955864512421,
    0.01382160740311017,
    0.01382160740311017,
    0.015395788357299933,
    0.015395788357299933,
    0.0156286045025541,
    0.0156286045025541,
    0.016414564142961385,
    0.016414564142961385,
    0.01786699738260039,
    0.01786699738260039,
    0.02228576661932663,
    0.02228576661932663,
    0.04225524194106767,
    0.04225524194106767,
    0.10300393579817768,
    0.10300393579817768,
    0.13310265382203984,
    0.13310265382203984,
    0.14509804072383536,
    0.14509804072383536,
    0.15661510484692703,
    0.15661510484692703,
    0.19124375435286295,
    0.19124375435286295,
    0.2333514903374534,
    0.2333514903374534,
    0.26599384989023356,
    0.26599384989023356,
    "inf"
  ],
  "clusters": [
    37,
    37,
    36,
    36,
    35,
    35,
    34,
    34,
    33,
    33,
    32,
    32,
    31,
    31,
    30,
    30,
    29,
    29,
    28,
    28,
    27,
    27,
    26,
    26,
    25,
    25,
    24,
    24,
    23,
    23,
    22,
    22,
    21,
    21,
    20,
    20,
    19,
    19,
    18,
    18,
    17,
    17,
    16,
    16,
    15,
    15,
    14,
    14,
    13,
    13,
    12,
    12,
    11,
    11,
    10,
    10,
    9,
    9,
    8,
    8,
    7,
    7,
    6,
    6,
    5,
    5,
    4,
    4,
    3,
    3,
    2,
    2,
    1,
    1
  ]
}
