{
  "info": {
    "datafile": "demo/data/points/points_28000.png",
    "histogram resolution": [
      40,
      40
    ],
    "time_load (ms)": 18.432,
    "time histogram (ms)": 3238.589,
    "time MT (ms)": 22.997
  },
  "threshold": [
    0,
    9.077705692972504e-06,
    9.077705692972504e-06,
    2.883506400108704e-05,
    2.883506400108704e-05,
    3.0531244236464694e-05,
    3.0531244236464694e-05,
    3.8446751240595045e-05,
    3.8446751240595045e-05,
    4.1273719485590554e-05,
    4.1273719485590554e-05,
    9.611687924276913e-05,
    9.611687924276913e-05,
    0.00014247913815879087,
    0.00014247913815879087,
    0.00014247914071002787,
    0.00014247914071002787,
    0.000193364552067532,
    0.000193364552067532,
    0.00040708326776495163,
    0.00040708326776495163,
    0.0005282973270282487,
    0.0005282973270282487,
    0.0005292082471276549,
    0.0005292082471276549,
    0.0008554402236625736,
    0.0008554402236625736,
    0.000903498682686521,
    0.000903498682686521,
    0.0012345679397522402,
    0.0012345679397522402,
    0.001547481772243342,
    0.001547481772243342,
    0.0024034874118308847,
    0.0024034874118308847,
    0.0027608160024042983,
    0.0027608160024042983,
    0.002852975179773176,
    0.002852975179773176,
    0.0032363118890634257,
    0.0032363118890634257,
    0.0034666155446685942,
    0.0034666155446685942,
    0.003912491027558973,
    0.003912491027558973,
    0.003994504525702158,
    0.003994504525702158,
    0.005084582959420492,
    0.005084582959420492,
    0.005786236165566172,
    0.005786236165566172,
    0.006645634236655318,
    0.006645634236655318,
    0.00765143769558857,
    0.00765143769558857,
    0.012405485469971722,
    0.012405485469971722,
    0.015897731781781943,
    0.015897731781781943,
    0.016414564142961385,
    0.016414564142961385,
    0.032103037831428316,
    0.032103037831428316,
    0.07937840719394718,
    0.07937840719394718,
    0.0960880443168457,
    0.0960880443168457,
    0.11845104926133648,
    0.11845104926133648,
    0.12323145010490338,
    0.12323145010490338,
    0.132410613034724,
    0.132410613034724,
    0.154829340872648,
    0.154829340872648,
    0.25606554221348987,
    0.25606554221348987,
    "inf"
  ],
  "clusters": [
    39,
    39,
    38,
    38,
    37,
    37,
    36,
    36,
    35,
    35,
    34,
    34,
    33,
    33,
    32,
    32,
    31,
    31,
    30,
    30,
    29,
    29,
    28,
    28,
    27,
    27,
    26,
    26,
    25,
    25,
    24,
    24,
    23,
    23,
    22,
    22,
    21,
    21,
    20,
    20,
    19,
    19,
    18,
    18,
    17,
    17,
    16,
    16,
    15,
    15,
    14,
    14,
    13,
    13,
    12,
    12,
    11,
    11,
    10,
    10,
    9,
    9,
    8,
    8,
    7,
    7,
    6,
    6,
    5,
    5,
    4,
    4,
    3,
    3,
    2,
    2,
    1,
    1
  ]
}
