{
  "info": {
    "datafile": "demo/data/points/points_61000.png",
    "histogram resolution": [
      40,
      40
    ],
    "time_load (ms)": 17.397,
    "time histogram (ms)": 2989.327,
    "time MT (ms)": 25.931
  },
  "threshold": [
    0,
    1.815541138594501e-05,
    1.815541138594501e-05,
    6.106248847287388e-05,
    6.106248847287388e-05,
    0.006499637051841589,
    0.006499637051841589,
    0.00654555951340996,
    0.00654555951340996,
    0.032281702521311906,
    0.032281702521311906,
    0.03455882388624121,
    0.03455882388624121,
    0.06256354469331671,
    0.06256354469331671,
    0.06311995445239338,
    0.06311995445239338,
    0.06377088007004067,
    0.06377088007004067,
    0.1147539420281628,
    0.1147539420281628,
    "inf"
  ],
  "clusters": [
    11,
    11,
    10,
    10,
    9,
    9,
    8,
    8,
    7,
    7,
    6,
    6,
    5,
    5,
    4,
    4,
    3,
    3,
    2,
    2,
    1,
    1
  ]
}
