{
  "info": {
    "datafile": "demo/data/points/points_22000.png",
    "histogram resolution": [
      40,
      40
    ],
    "time_load (ms)": 15.747,
    "time histogram (ms)": 2904.055,
    "time MT (ms)": 21.565
  },
  "threshold": [
    0,
    1.3004049187193001e-05,
    1.3004049187193001e-05,
    7.689350704642717e-05,
    7.689350704642717e-05,
    0.00021786492800823787,
    0.00021786492800823787,
    0.0002614630214557434,
    0.0002614630214557434,
    0.00035569527580531224,
    0.00035569527580531224,
    0.0005286428392590747,
    0.0005286428392590747,
    0.0006957794360188396,
    0.0006957794360188396,
    0.0007853314238616682,
    0.0007853314238616682,
    0.0010652011138201356,
    0.0010652011138201356,
    0.0018935025596589217,
    0.0018935025596589217,
    0.0021270100376971635,
    0.0021270100376971635,
    0.0024860348288482936,
    0.0024860348288482936,
    0.0026439680360806905,
    0.0026439680360806905,
    0.0029134722586319217,
    0.0029134722586319217,
    0.0037966168065573513,
    0.0037966168065573513,
    0.0040176855948041434,
    0.0040176855948041434,
    0.0044026871824084934,
    0.0044026871824084934,
    0.004421376545603095,
    0.004421376545603095,
    0.005786236165566172,
    0.005786236165566172,
    0.0058369645148222404,
    0.0058369645148222404,
    0.006065540578035822,
    0.006065540578035822,
    0.009928873781224368,
    0.009928873781224368,
    0.013118257898165397,
    0.013118257898165397,
    0.015974625557040156,
    0.015974625557040156,
    0.016378253324501102,
    0.016378253324501102,
    0.016868512263731594,
    0.016868512263731594,
    0.02042483714305693,
    0.02042483714305693,
    0.020559400590167087,
    0.020559400590167087,
    0.027058597548900776,
    0.027058597548900776,
    0.027465398316089018,
    0.027465398316089018,
    0.03700823415570331,
    0.03700823415570331,
    0.05289311867376206,
    0.05289311867376206,
    0.11306511160284882,
    0.11306511160284882,
    0.15405613365674425,
    0.15405613365674425,
    0.16771829993847537,
    0.16771829993847537,
    0.17563437299994644,
    0.17563437299994644,
    0.26599384989023356,
    0.26599384989023356,
    0.2662149192765355,
    0.2662149192765355,
    0.2747912143068215,
    0.2747912143068215,
    "inf"
  ],
  "clusters": [
    40,
    40,
    39,
    39,
    38,
    38,
    37,
    37,
    36,
    36,
    35,
    35,
    34,
    34,
    33,
    33,
    32,
    32,
    31,
    31,
    30,
    30,
    29,
    29,
    28,
    28,
    27,
    27,
    26,
    26,
    25,
    25,
    24,
    24,
    23,
    23,
    22,
    22,
    21,
    21,
    20,
    20,
    19,
    19,
    18,
    18,
    17,
    17,
    16,
    16,
    15,
    15,
    14,
    14,
    13,
    13,
    12,
    12,
    11,
    11,
    10,
    10,
    9,
    9,
    8,
    8,
    7,
    7,
    6,
    6,
    5,
    5,
    4,
    4,
    3,
    3,
    2,
    2,
    1,
    1
  ]
}
