{
  "info": {
    "datafile": "demo/data/points/points_17000.png",
    "histogram resolution": [
      40,
      40
    ],
    "time_load (ms)": 15.935,
    "time histogram (ms)": 3028.754,
    "time MT (ms)": 21.402
  },
  "threshold": [
    0,
    0.0005905848120243418,
    0.0005905848120243418,
    0.0011398331294397157,
    0.0011398331294397157,
    0.0011811382402914239,
    0.0011811382402914239,
    0.0012121404791788915,
    0.0012121404791788915,
    0.001346170301280314,
    0.001346170301280314,
    0.0020048850655852157,
    0.0020048850655852157,
    0.0022287809041854345,
    0.0022287809041854345,
    0.0024798155314855186,
    0.0024798155314855186,
    0.004555940147553228,
    0.004555940147553228,
    0.004681960087622616,
    0.004681960087622616,
    0.004945747510614773,
    0.004945747510614773,
    0.005636846647830207,
    0.005636846647830207,
    0.005738177763608632,
    0.005738177763608632,
    0.005786236192958039,
    0.005786236192958039,
    0.006318271447471491,
    0.006318271447471491,
    0.006430219315613328,
    0.006430219315613328,
    0.006518106570914728,
    0.006518106570914728,
    0.007151095894693815,
    0.007151095894693815,
    0.009352925955860958,
    0.009352925955860958,
    0.00980674869484549,
    0.00980674869484549,
    0.011182131095077208,
    0.011182131095077208,
    0.011384510510491497,
    0.011384510510491497,
    0.014674220611733346,
    0.014674220611733346,
    0.015056709205901131,
    0.015056709205901131,
    0.016208698234554175,
    0.016208698234554175,
    0.018087594566738918,
    0.018087594566738918,
    0.0206074590073424,
    0.0206074590073424,
    0.023694506803132176,
    0.023694506803132176,
    0.027758554756349196,
    0.027758554756349196,
    0.027873894711043345,
    0.027873894711043345,
    0.05203767866809289,
    0.05203767866809289,
    0.05873193680614902,
    0.05873193680614902,
    0.06086403478770558,
    0.06086403478770558,
    0.06683380400320904,
    0.06683380400320904,
    0.07488465995080401,
    0.07488465995080401,
    0.07560506622662766,
    0.07560506622662766,
    0.13027794747610683,
    0.13027794747610683,
    0.22141163799749924,
    0.22141163799749924,
    0.2728373715699669,
    0.2728373715699669,
    0.2880549353258437,
    0.2880549353258437,
    0.3091311053482487,
    0.3091311053482487,
    0.3178489064322967,
    0.3178489064322967,
    0.33754539055128896,
    0.33754539055128896,
    "inf"
  ],
  "clusters": [
    44,
    44,
    43,
    43,
    42,
    42,
    41,
    41,
    40,
    40,
    39,
    39,
    38,
    38,
    37,
    37,
    36,
    36,
    35,
    35,
    34,
    34,
    33,
    33,
    32,
    32,
    31,
    31,
    30,
    30,
    29,
    29,
    28,
    28,
    27,
    27,
    26,
    26,
    25,
    25,
    24,
    24,
    23,
    23,
    22,
    22,
    21,
    21,
    20,
    20,
    19,
    19,
    18,
    18,
    17,
    17,
    16,
    16,
    15,
    15,
    14,
    14,
    13,
    13,
    12,
    12,
    11,
    11,
    10,
    10,
    9,
    9,
    8,
    8,
    7,
    7,
    6,
    6,
    5,
    5,
    4,
    4,
    3,
    3,
    2,
    2,
    1,
    1
  ]
}
