{
  "info": {
    "datafile": "demo/data/points/points_56500.png",
    "histogram resolution": [
      40,
      40
    ],
    "time_load (ms)": 20.206,
    "time histogram (ms)": 3098.804,
    "time MT (ms)": 23.42
  },
  "threshold": [
    0,
    4.53885273870025e-05,
    4.53885273870025e-05,
    6.728181524168209e-05,
    6.728181524168209e-05,
    0.005863129682884549,
    0.005863129682884549,
    0.006490559347226532,
    0.006490559347226532,
    0.034567901593012096,
    0.034567901593012096,
    0.03570120184195702,
    0.03570120184195702,
    0.06311995445239338,
    0.06311995445239338,
    0.06382534630204273,
    0.06382534630204273,
    0.06456063986816268,
    0.06456063986816268,
    0.11480200046892552,
    0.11480200046892552,
    "inf"
  ],
  "clusters": [
    11,
    11,
    10,
    10,
    9,
    9,
    8,
    8,
    7,
    7,
    6,
    6,
    5,
    5,
    4,
    4,
    3,
    3,
    2,
    2,
    1,
    1
  ]
}
