{
  "info": {
    "datafile": "demo/data/points/points_11500.png",
    "histogram resolution": [
      40,
      40
    ],
    "time_load (ms)": 16.376,
    "time histogram (ms)": 2947.428,
    "time MT (ms)": 20.72
  },
  "threshold": [
    0,
    0.0013819471063002964,
    0.0013819471063002964,
    0.0018454436943227126,
    0.0018454436943227126,
    0.0028852028355986215,
    0.0028852028355986215,
    0.006747404902068654,
    0.006747404902068654,
    0.00832372191293601,
    0.00832372191293601,
    0.009233628272729222,
    0.009233628272729222,
    0.015357749942349008,
    0.015357749942349008,
    0.01736565050992389,
    0.01736565050992389,
    0.017659497766614796,
    0.017659497766614796,
    0.026120358778496167,
    0.026120358778496167,
    0.027122581771786003,
    0.027122581771786003,
    0.027446583520562173,
    0.027446583520562173,
    0.02776533967131617,
    0.02776533967131617,
    0.029526571519109812,
    0.029526571519109812,
    0.032801297582168154,
    0.032801297582168154,
    0.033281569168453984,
    0.033281569168453984,
    0.03604382961787578,
    0.03604382961787578,
    0.03887249253563485,
    0.03887249253563485,
    0.03888888901742765,
    0.03888888901742765,
    0.03949762953910474,
    0.03949762953910474,
    0.0419261829674189,
    0.0419261829674189,
    0.04437433581073119,
    0.04437433581073119,
    0.04705712802140444,
    0.04705712802140444,
    0.05130451978912198,
    0.05130451978912198,
    0.052548228634946736,
    0.052548228634946736,
    0.052854671839204614,
    0.052854671839204614,
    0.05308874430073934,
    0.05308874430073934,
    0.05519031194225871,
    0.05519031194225871,
    0.061204967027768564,
    0.061204967027768564,
    0.06893954837411176,
    0.06893954837411176,
    0.0865553860203363,
    0.0865553860203363,
    0.0870547535817967,
    0.0870547535817967,
    0.0946094458087039,
    0.0946094458087039,
    0.098596694911191,
    0.098596694911191,
    0.11479238851803958,
    0.11479238851803958,
    0.14532476375062092,
    0.14532476375062092,
    0.32404951292152506,
    0.32404951292152506,
    0.3484961809247762,
    0.3484961809247762,
    0.37465398010167783,
    0.37465398010167783,
    0.3811637641047128,
    0.3811637641047128,
    0.4023543315037196,
    0.4023543315037196,
    0.5056805090063397,
    0.5056805090063397,
    "inf"
  ],
  "clusters": [
    43,
    43,
    42,
    42,
    41,
    41,
    40,
    40,
    39,
    39,
    38,
    38,
    37,
    37,
    36,
    36,
    35,
    35,
    34,
    34,
    33,
    33,
    32,
    32,
    31,
    31,
    30,
    30,
    29,
    29,
    28,
    28,
    27,
    27,
    26,
    26,
    25,
    25,
    24,
    24,
    23,
    23,
    22,
    22,
    21,
    21,
    20,
    20,
    19,
    19,
    18,
    18,
    17,
    17,
    16,
    16,
    15,
    15,
    14,
    14,
    13,
    13,
    12,
    12,
    11,
    11,
    10,
    10,
    9,
    9,
    8,
    8,
    7,
    7,
    6,
    6,
    5,
    5,
    4,
    4,
    3,
    3,
    2,
    2,
    1,
    1
  ]
}
