{
  "info": {
    "datafile": "demo/data/points/points_19500.png",
    "histogram resolution": [
      40,
      40
    ],
    "time_load (ms)": 16.878,
    "time histogram (ms)": 2845.992,
    "time MT (ms)": 22.764
  },
  "threshold": [
    0,
    7.689350704642717e-05,
    7.689350704642717e-05,
    0.00011380123053050806,
    0.00011380123053050806,
    0.0007734581804753615,
    0.0007734581804753615,
    0.0009221565873966941,
    0.0009221565873966941,
    0.0009707805378745826,
    0.0009707805378745826,
    0.0010075310730958686,
    0.0010075310730958686,
    0.0012523463548289038,
    0.0012523463548289038,
    0.0016783075311402884,
    0.0016783075311402884,
    0.0018669290399885852,
    0.0018669290399885852,
    0.00192346838206231,
    0.00192346838206231,
    0.002531831739849,
    0.002531831739849,
    0.0028039429690978057,
    0.0028039429690978057,
    0.003123798592509164,
    0.003123798592509164,
    0.003239138838241562,
    0.003239138838241562,
    0.004393075494027676,
    0.004393075494027676,
    0.004733756287550961,
    0.004733756287550961,
    0.005113418104455758,
    0.005113418104455758,
    0.00566128422460499,
    0.00566128422460499,
    0.005661284322759086,
    0.005661284322759086,
    0.006495804939139205,
    0.006495804939139205,
    0.007160707580053494,
    0.007160707580053494,
    0.008698577693590503,
    0.008698577693590503,
    0.00919571550481052,
    0.00919571550481052,
    0.013573964886196,
    0.013573964886196,
    0.015148020263970274,
    0.015148020263970274,
    0.015671008984514956,
    0.015671008984514956,
    0.019877504737573937,
    0.019877504737573937,
    0.02188581349236851,
    0.02188581349236851,
    0.021992264445283904,
    0.021992264445283904,
    0.023468349721511517,
    0.023468349721511517,
    0.03632313404216153,
    0.03632313404216153,
    0.04520857423616975,
    0.04520857423616975,
    0.05289311867376206,
    0.05289311867376206,
    0.05793925457720772,
    0.05793925457720772,
    0.06816609070723345,
    0.06816609070723345,
    0.13124985883475387,
    0.13124985883475387,
    0.17569204312338327,
    0.17569204312338327,
    0.1841746400816166,
    0.1841746400816166,
    0.1869281059286247,
    0.1869281059286247,
    0.2765955414837592,
    0.2765955414837592,
    0.3104575181172954,
    0.3104575181172954,
    0.313619763791269,
    0.313619763791269,
    "inf"
  ],
  "clusters": [
    43,
    43,
    42,
    42,
    41,
    41,
    40,
    40,
    39,
    39,
    38,
    38,
    37,
    37,
    36,
    36,
    35,
    35,
    34,
    34,
    33,
    33,
    32,
    32,
    31,
    31,
    30,
    30,
    29,
    29,
    28,
    28,
    27,
    27,
    26,
    26,
    25,
    25,
    24,
    24,
    23,
    23,
    22,
    22,
    21,
    21,
    20,
    20,
    19,
    19,
    18,
    18,
    17,
    17,
    16,
    16,
    15,
    15,
    14,
    14,
    13,
    13,
    12,
    12,
    11,
    11,
    10,
    10,
    9,
    9,
    8,
    8,
    7,
    7,
    6,
    6,
    5,
    5,
    4,
    4,
    3,
    3,
    2,
    2,
    1,
    1
  ]
}
