{
  "info": {
    "datafile": "demo/data/points/points_31000.png",
    "histogram resolution": [
      40,
      40
    ],
    "time_load (ms)": 19.15,
    "time histogram (ms)": 3174.502,
    "time MT (ms)": 24.992
  },
  "threshold": [
    0,
    9.611688380817274e-06,
    9.611688380817274e-06,
    2.883506400108704e-05,
    2.883506400108704e-05,
    3.8446753523213584e-05,
    3.8446753523213584e-05,
    6.354393661711644e-05,
    6.354393661711644e-05,
    8.141665451977254e-05,
    8.141665451977254e-05,
    0.00016339870133236234,
    0.00016339870133236234,
    0.000193364552067532,
    0.000193364552067532,
    0.0003663749429220209,
    0.0003663749429220209,
    0.0007734581841007393,
    0.0007734581841007393,
    0.0008458285142941002,
    0.0008458285142941002,
    0.0008896151121324247,
    0.0008896151121324247,
    0.0013942601397685106,
    0.0013942601397685106,
    0.0016544039763433105,
    0.0016544039763433105,
    0.0017877739726328556,
    0.0017877739726328556,
    0.002214960107165931,
    0.002214960107165931,
    0.002220299939497128,
    0.002220299939497128,
    0.0022875817558801192,
    0.0022875817558801192,
    0.003188253426548382,
    0.003188253426548382,
    0.0032487505665688143,
    0.0032487505665688143,
    0.003384916200977195,
    0.003384916200977195,
    0.0091118803156503,
    0.0091118803156503,
    0.01643271955650316,
    0.01643271955650316,
    0.02840423447186302,
    0.02840423447186302,
    0.05209647886735158,
    0.05209647886735158,
    0.0809784708031015,
    0.0809784708031015,
    0.11393694887759492,
    0.11393694887759492,
    0.11513332082893196,
    0.11513332082893196,
    0.12323145010490338,
    0.12323145010490338,
    0.13483115624856307,
    0.13483115624856307,
    0.2396001551966822,
    0.2396001551966822,
    "inf"
  ],
  "clusters": [
    31,
    31,
    30,
    30,
    29,
    29,
    28,
    28,
    27,
    27,
    26,
    26,
    25,
    25,
    24,
    24,
    23,
    23,
    22,
    22,
    21,
    21,
    20,
    20,
    19,
    19,
    18,
    18,
    17,
    17,
    16,
    16,
    15,
    15,
    14,
    14,
    13,
    13,
    12,
    12,
    11,
    11,
    10,
    10,
    9,
    9,
    8,
    8,
    7,
    7,
    6,
    6,
    5,
    5,
    4,
    4,
    3,
    3,
    2,
    2,
    1,
    1
  ]
}
