{
  "info": {
    "datafile": "demo/data/points/points_44000.png",
    "histogram resolution": [
      40,
      40
    ],
    "time_load (ms)": 18.182,
    "time histogram (ms)": 3073.735,
    "time MT (ms)": 23.501
  },
  "threshold": [
    0,
    4.070832725988627e-05,
    4.070832725988627e-05,
    6.10624908898294e-05,
    6.10624908898294e-05,
    9.611688152538767e-05,
    9.611688152538767e-05,
    0.00011534025600434816,
    0.00011534025600434816,
    0.00022389579388704117,
    0.00022389579388704117,
    0.0003449528055541329,
    0.0003449528055541329,
    0.0016884532351805759,
    0.0016884532351805759,
    0.003993373646184961,
    0.003993373646184961,
    0.008229740878337832,
    0.008229740878337832,
    0.01317762419257279,
    0.01317762419257279,
    0.04905353208349622,
    0.04905353208349622,
    0.06673394918998737,
    0.06673394918998737,
    0.07775290169717686,
    0.07775290169717686,
    0.07788671139213776,
    0.07788671139213776,
    0.07913302668534655,
    0.07913302668534655,
    0.16929065809566896,
    0.16929065809566896,
    "inf"
  ],
  "clusters": [
    17,
    17,
    16,
    16,
    15,
    15,
    14,
    14,
    13,
    13,
    12,
    12,
    11,
    11,
    10,
    10,
    9,
    9,
    8,
    8,
    7,
    7,
    6,
    6,
    5,
    5,
    4,
    4,
    3,
    3,
    2,
    2,
    1,
    1
  ]
}
