{
  "info": {
    "datafile": "demo/data/points/points_6000.png",
    "histogram resolution": [
      40,
      40
    ],
    "time_load (ms)": 15.771,
    "time histogram (ms)": 2931.651,
    "time MT (ms)": 22.364
  },
  "threshold": [
    0,
    0.0029156717894472384,
    0.0029156717894472384,
    0.004904787568268065,
    0.004904787568268065,
    0.01065669198112651,
    0.01065669198112651,
    0.01085159553593823,
    0.01085159553593823,
    0.017185697621518725,
    0.017185697621518725,
    0.01959201237574837,
    0.01959201237574837,
    0.020731844885581996,
    0.020731844885581996,
    0.023987381196190927,
    0.023987381196190927,
    0.025076328297688133,
    0.025076328297688133,
    0.02587296785663218,
    0.02587296785663218,
    0.026953434304821944,
    0.026953434304821944,
    0.029242712386422953,
    0.029242712386422953,
    0.029350890520572548,
    0.029350890520572548,
    0.03175808450771184,
    0.03175808450771184,
    0.03371780131048724,
    0.03371780131048724,
    0.03688698794925077,
    0.03688698794925077,
    0.046539793115414285,
    0.046539793115414285,
    0.05198000801850439,
    0.05198000801850439,
    0.05869857732927897,
    0.05869857732927897,
    0.06106465532290212,
    0.06106465532290212,
    0.06529671780339674,
    0.06529671780339674,
    0.06814686720620144,
    0.06814686720620144,
    0.07044833214141422,
    0.07044833214141422,
    0.07181853217565842,
    0.07181853217565842,
    0.07517300982612607,
    0.07517300982612607,
    0.07887351057653863,
    0.07887351057653863,
    0.09968655256804054,
    0.09968655256804054,
    0.09973674681020417,
    0.09973674681020417,
    0.10024029220335695,
    0.10024029220335695,
    0.10397697741599726,
    0.10397697741599726,
    0.11891693371865125,
    0.11891693371865125,
    0.12126896884926136,
    0.12126896884926136,
    0.13226216470745084,
    0.13226216470745084,
    0.13780437075037894,
    0.13780437075037894,
    0.15151864726680747,
    0.15151864726680747,
    0.1737697049016681,
    0.1737697049016681,
    0.18461168829726016,
    0.18461168829726016,
    0.20519031218662342,
    0.20519031218662342,
    0.24003079563960872,
    0.24003079563960872,
    0.25054786696473097,
    0.25054786696473097,
    0.30521971315202956,
    0.30521971315202956,
    0.41677352677893237,
    0.41677352677893237,
    0.4396058084847241,
    0.4396058084847241,
    0.44285851701346385,
    0.44285851701346385,
    0.5303277028547311,
    0.5303277028547311,
    0.5563736176186734,
    0.5563736176186734,
    "inf"
  ],
  "clusters": [
    47,
    47,
    46,
    46,
    45,
    45,
    44,
    44,
    43,
    43,
    42,
    42,
    41,
    41,
    40,
    40,
    39,
    39,
    38,
    38,
    37,
    37,
    36,
    36,
    35,
    35,
    34,
    34,
    33,
    33,
    32,
    32,
    31,
    31,
    30,
    30,
    29,
    29,
    28,
    28,
    27,
    27,
    26,
    26,
    25,
    25,
    24,
    24,
    23,
    23,
    22,
    22,
    21,
    21,
    20,
    20,
    19,
    19,
    18,
    18,
    17,
    17,
    16,
    16,
    15,
    15,
    14,
    14,
    13,
    13,
    12,
    12,
    11,
    11,
    10,
    10,
    9,
    9,
    8,
    8,
    7,
    7,
    6,
    6,
    5,
    5,
    4,
    4,
    3,
    3,
    2,
    2,
    1,
    1
  ]
}
