{
  "info": {
    "datafile": "demo/data/points/points_1000.png",
    "histogram resolution": [
      40,
      40
    ],
    "time_load (ms)": 16.513,
    "time histogram (ms)": 3043.585,
    "time MT (ms)": 22.753
  },
  "threshold": [
    0,
    0.0012370808763836338,
    0.0012370808763836338,
    0.0024221450747812234,
    0.0024221450747812234,
    0.005199923015692609,
    0.005199923015692609,
    0.006330898246668992,
    0.006330898246668992,
    0.006533277815528482,
    0.006533277815528482,
    0.008550130317803384,
    0.008550130317803384,
    0.008608679277199438,
    0.008608679277199438,
    0.01091718100566108,
    0.01091718100566108,
    0.012437524127901778,
    0.012437524127901778,
    0.013769276758700544,
    0.013769276758700544,
    0.016282199516746365,
    0.016282199516746365,
    0.01783929236561943,
    0.01783929236561943,
    0.022925006249337354,
    0.022925006249337354,
    0.02671992645578536,
    0.02671992645578536,
    0.031343714105805276,
    0.031343714105805276,
    0.035332564191491,
    0.035332564191491,
    0.03808603036908098,
    0.03808603036908098,
    0.04403594770054853,
    0.04403594770054853,
    0.04604906170813605,
    0.04604906170813605,
    0.05370050006156146,
    0.05370050006156146,
    0.05535370922263927,
    0.05535370922263927,
    0.061936648148629314,
    0.061936648148629314,
    0.06668535577973311,
    0.06668535577973311,
    0.06769137913949608,
    0.06769137913949608,
    0.06844109106273244,
    0.06844109106273244,
    0.06899291477709779,
    0.06899291477709779,
    0.06936811642010188,
    0.06936811642010188,
    0.0818146863477488,
    0.0818146863477488,
    0.08560169143054419,
    0.08560169143054419,
    0.08585819114533355,
    0.08585819114533355,
    0.08983083418113924,
    0.08983083418113924,
    0.09101420243924885,
    0.09101420243924885,
    0.09727989177347407,
    0.09727989177347407,
    0.10272971854782575,
    0.10272971854782575,
    0.10546317557583129,
    0.10546317557583129,
    0.10831637130867611,
    0.10831637130867611,
    0.10841179668527867,
    0.10841179668527867,
    0.11137062579612522,
    0.11137062579612522,
    0.11476810639083213,
    0.11476810639083213,
    0.11486617050225667,
    0.11486617050225667,
    0.12540048603496,
    0.12540048603496,
    0.12624364491138196,
    0.12624364491138196,
    0.13482484079128287,
    0.13482484079128287,
    0.13882160615906414,
    0.13882160615906414,
    0.14068797034788294,
    0.14068797034788294,
    0.147871544345207,
    0.147871544345207,
    0.1488296348137529,
    0.1488296348137529,
    0.15031451472610813,
    0.15031451472610813,
    0.15293593039639708,
    0.15293593039639708,
    0.15714035223365996,
    0.15714035223365996,
    0.17528087473606335,
    0.17528087473606335,
    0.19098291646077603,
    0.19098291646077603,
    0.2005478654595494,
    0.2005478654595494,
    0.29858142700241797,
    0.29858142700241797,
    0.3233932439686248,
    0.3233932439686248,
    0.33522118064451367,
    0.33522118064451367,
    0.33572745873309573,
    0.33572745873309573,
    0.34408202672091504,
    0.34408202672091504,
    0.3852893107252151,
    0.3852893107252151,
    "inf"
  ],
  "clusters": [
    60,
    60,
    59,
    59,
    58,
    58,
    57,
    57,
    56,
    56,
    55,
    55,
    54,
    54,
    53,
    53,
    52,
    52,
    51,
    51,
    50,
    50,
    49,
    49,
    48,
    48,
    47,
    47,
    46,
    46,
    45,
    45,
    44,
    44,
    43,
    43,
    42,
    42,
    41,
    41,
    40,
    40,
    39,
    39,
    38,
    38,
    37,
    37,
    36,
    36,
    35,
    35,
    34,
    34,
    33,
    33,
    32,
    32,
    31,
    31,
    30,
    30,
    29,
    29,
    28,
    28,
    27,
    27,
    26,
    26,
    25,
    25,
    24,
    24,
    23,
    23,
    22,
    22,
    21,
    21,
    20,
    20,
    19,
    19,
    18,
    18,
    17,
    17,
    16,
    16,
    15,
    15,
    14,
    14,
    13,
    13,
    12,
    12,
    11,
    11,
    10,
    10,
    9,
    9,
    8,
    8,
    7,
    7,
    6,
    6,
    5,
    5,
    4,
    4,
    3,
    3,
    2,
    2,
    1,
    1
  ]
}
