{
  "info": {
    "datafile": "demo/data/points/points_33000.png",
    "histogram resolution": [
      40,
      40
    ],
    "time_load (ms)": 18.885,
    "time histogram (ms)": 3591.039,
    "time MT (ms)": 22.221
  },
  "threshold": [
    0,
    1.9223376761634547e-05,
    1.9223376761634547e-05,
    2.0354163629943134e-05,
    2.0354163629943134e-05,
    2.883506400108704e-05,
    2.883506400108704e-05,
    4.859242459187563e-05,
    4.859242459187563e-05,
    8.141665451977254e-05,
    8.141665451977254e-05,
    0.00035619786110702156,
    0.00035619786110702156,
    0.0005265069064787631,
    0.0005265069064787631,
    0.0005959246681966346,
    0.0005959246681966346,
    0.0007734581841007393,
    0.0007734581841007393,
    0.001363728895532046,
    0.001363728895532046,
    0.0014342774294264782,
    0.0014342774294264782,
    0.0015522876034352873,
    0.0015522876034352873,
    0.0017877739726328556,
    0.0017877739726328556,
    0.0018742791646361168,
    0.0018742791646361168,
    0.0018790850364085454,
    0.0018790850364085454,
    0.002277970067499302,
    0.002277970067499302,
    0.003188253426548382,
    0.003188253426548382,
    0.00367166479483394,
    0.00367166479483394,
    0.010362530360334021,
    0.010362530360334021,
    0.012056574523498453,
    0.012056574523498453,
    0.01884795500893649,
    0.01884795500893649,
    0.07349888172812735,
    0.07349888172812735,
    0.0809784708031015,
    0.0809784708031015,
    0.09455526294831224,
    0.09455526294831224,
    0.11996347613760505,
    0.11996347613760505,
    0.13483115624856307,
    0.13483115624856307,
    0.2344087133680351,
    0.2344087133680351,
    "inf"
  ],
  "clusters": [
    28,
    28,
    27,
    27,
    26,
    26,
    25,
    25,
    24,
    24,
    23,
    23,
    22,
    22,
    21,
    21,
    20,
    20,
    19,
    19,
    18,
    18,
    17,
    17,
    16,
    16,
    15,
    15,
    14,
    14,
    13,
    13,
    12,
    12,
    11,
    11,
    10,
    10,
    9,
    9,
    8,
    8,
    7,
    7,
    6,
    6,
    5,
    5,
    4,
    4,
    3,
    3,
    2,
    2,
    1,
    1
  ]
}
