{
  "info": {
    "datafile": "demo/data/points/points_2500.png",
    "histogram resolution": [
      40,
      40
    ],
    "time_load (ms)": 15.989,
    "time histogram (ms)": 2882.197,
    "time MT (ms)": 22.562
  },
  "threshold": [
    0,
    0.0004467862790626942,
    0.0004467862790626942,
    0.0030949635467693026,
    0.0030949635467693026,
    0.006584006197312364,
    0.006584006197312364,
    0.01479012542699637,
    0.01479012542699637,
    0.015349865520108197,
    0.015349865520108197,
    0.0196270661647705,
    0.0196270661647705,
    0.021114616626884408,
    0.021114616626884408,
    0.02148212200286348,
    0.02148212200286348,
    0.024475880115988002,
    0.024475880115988002,
    0.02564398331295248,
    0.02564398331295248,
    0.026662821917995516,
    0.026662821917995516,
    0.033717800424817645,
    0.033717800424817645,
    0.036564996066132394,
    0.036564996066132394,
    0.03762602035568974,
    0.03762602035568974,
    0.039885300755006736,
    0.039885300755006736,
    0.04088811983490337,
    0.04088811983490337,
    0.044454055820025706,
    0.044454055820025706,
    0.04499061494762757,
    0.04499061494762757,
    0.049797023878558555,
    0.049797023878558555,
    0.0502114570790938,
    0.0502114570790938,
    0.06182218707442111,
    0.06182218707442111,
    0.0620601551261899,
    0.0620601551261899,
    0.06860822728634175,
    0.06860822728634175,
    0.07242010975811919,
    0.07242010975811919,
    0.08036671442569432,
    0.08036671442569432,
    0.08428467098864256,
    0.08428467098864256,
    0.08558246884916043,
    0.08558246884916043,
    0.09332562604621353,
    0.09332562604621353,
    0.09651095659344222,
    0.09651095659344222,
    0.10485390284299556,
    0.10485390284299556,
    0.10606016946876429,
    0.10606016946876429,
    0.11294694348950596,
    0.11294694348950596,
    0.11538435365454713,
    0.11538435365454713,
    0.12501130788399056,
    0.12501130788399056,
    0.1462978033742071,
    0.1462978033742071,
    0.1532775856481463,
    0.1532775856481463,
    0.15353427350417959,
    0.15353427350417959,
    0.1616408212839835,
    0.1616408212839835,
    0.1725034739608326,
    0.1725034739608326,
    0.18261697983762387,
    0.18261697983762387,
    0.18563448518878245,
    0.18563448518878245,
    0.1866155680097938,
    0.1866155680097938,
    0.2170206028684778,
    0.2170206028684778,
    0.2180507488767891,
    0.2180507488767891,
    0.2205548771057383,
    0.2205548771057383,
    0.22969785335687476,
    0.22969785335687476,
    0.25288350607140686,
    0.25288350607140686,
    0.2672011835048126,
    0.2672011835048126,
    0.283856636327174,
    0.283856636327174,
    0.31707996850280895,
    0.31707996850280895,
    0.3665983162760483,
    0.3665983162760483,
    0.38368789704586526,
    0.38368789704586526,
    0.440258271420469,
    0.440258271420469,
    0.44777008816691155,
    0.44777008816691155,
    0.4549596299207313,
    0.4549596299207313,
    "inf"
  ],
  "clusters": [
    56,
    56,
    55,
    55,
    54,
    54,
    53,
    53,
    52,
    52,
    51,
    51,
    50,
    50,
    49,
    49,
    48,
    48,
    47,
    47,
    46,
    46,
    45,
    45,
    44,
    44,
    43,
    43,
    42,
    42,
    41,
    41,
    40,
    40,
    39,
    39,
    38,
    38,
    37,
    37,
    36,
    36,
    35,
    35,
    34,
    34,
    33,
    33,
    32,
    32,
    31,
    31,
    30,
    30,
    29,
    29,
    28,
    28,
    27,
    27,
    26,
    26,
    25,
    25,
    24,
    24,
    23,
    23,
    22,
    22,
    21,
    21,
    20,
    20,
    19,
    19,
    18,
    18,
    17,
    17,
    16,
    16,
    15,
    15,
    14,
    14,
    13,
    13,
    12,
    12,
    11,
    11,
    10,
    10,
    9,
    9,
    8,
    8,
    7,
    7,
    6,
    6,
    5,
    5,
    4,
    4,
    3,
    3,
    2,
    2,
    1,
    1
  ]
}
