{
  "info": {
    "datafile": "demo/data/points/points_54500.png",
    "histogram resolution": [
      40,
      40
    ],
    "time_load (ms)": 18.256,
    "time histogram (ms)": 2965.887,
    "time MT (ms)": 21.111
  },
  "threshold": [
    0,
    9.611688380817274e-06,
    9.611688380817274e-06,
    2.7233116001001978e-05,
    2.7233116001001978e-05,
    4.53885273870025e-05,
    4.53885273870025e-05,
    0.00010572856876489567,
    0.00010572856876489567,
    0.005863129682884549,
    0.005863129682884549,
    0.006490559347226532,
    0.006490559347226532,
    0.034567901593012096,
    0.034567901593012096,
    0.03570120184195702,
    0.03570120184195702,
    0.06311995445239338,
    0.06311995445239338,
    0.0642610761580592,
    0.0642610761580592,
    0.06706608656181573,
    0.06706608656181573,
    0.11480200046892552,
    0.11480200046892552,
    "inf"
  ],
  "clusters": [
    13,
    13,
    12,
    12,
    11,
    11,
    10,
    10,
    9,
    9,
    8,
    8,
    7,
    7,
    6,
    6,
    5,
    5,
    4,
    4,
    3,
    3,
    2,
    2,
    1,
    1
  ]
}
