{
  "info": {
    "datafile": "demo/data/points/points_3000.png",
    "histogram resolution": [
      40,
      40
    ],
    "time_load (ms)": 16.368,
    "time histogram (ms)": 2994.953,
    "time MT (ms)": 21.281
  },
  "threshold": [
    0,
    7.689309616881745e-05,
    7.689309616881745e-05,
    0.0005863133271147847,
    0.0005863133271147847,
    0.0006010138645613505,
    0.0006010138645613505,
    0.002190333643913134,
    0.002190333643913134,
    0.012812379825239306,
    0.012812379825239306,
    0.01856978076930138,
    0.01856978076930138,
    0.018709496322412256,
    0.018709496322412256,
    0.021443676158977576,
    0.021443676158977576,
    0.02185245524208901,
    0.02185245524208901,
    0.025297962238683414,
    0.025297962238683414,
    0.02891289880754666,
    0.02891289880754666,
    0.029306035854068546,
    0.029306035854068546,
    0.033446003723491935,
    0.033446003723491935,
    0.041883212087231225,
    0.041883212087231225,
    0.042793904901137214,
    0.042793904901137214,
    0.04344429547161943,
    0.04344429547161943,
    0.04508842721981421,
    0.04508842721981421,
    0.05388764536917012,
    0.05388764536917012,
    0.06410653364330088,
    0.06410653364330088,
    0.0739317523659827,
    0.0739317523659827,
    0.07567281772693002,
    0.07567281772693002,
    0.07851291413891714,
    0.07851291413891714,
    0.08980039741097257,
    0.08980039741097257,
    0.09333269385096449,
    0.09333269385096449,
    0.09777970022262195,
    0.09777970022262195,
    0.0982827115022783,
    0.0982827115022783,
    0.10356603094058053,
    0.10356603094058053,
    0.10645905368979658,
    0.10645905368979658,
    0.1088738490482567,
    0.1088738490482567,
    0.11192810470147019,
    0.11192810470147019,
    0.12137799518165626,
    0.12137799518165626,
    0.13329092964340394,
    0.13329092964340394,
    0.1339233839001267,
    0.1339233839001267,
    0.1387656335418156,
    0.1387656335418156,
    0.16121457770387315,
    0.16121457770387315,
    0.16417667450492873,
    0.16417667450492873,
    0.16856481800495327,
    0.16856481800495327,
    0.17546773676095806,
    0.17546773676095806,
    0.18320216193704975,
    0.18320216193704975,
    0.2044813081775464,
    0.2044813081775464,
    0.21015955431058125,
    0.21015955431058125,
    0.22783739567311428,
    0.22783739567311428,
    0.23121144349678324,
    0.23121144349678324,
    0.23482795086819147,
    0.23482795086819147,
    0.2705813568700346,
    0.2705813568700346,
    0.3061803148228529,
    0.3061803148228529,
    0.31607074146706826,
    0.31607074146706826,
    0.37929588990285484,
    0.37929588990285484,
    0.4200511110419914,
    0.4200511110419914,
    0.4573710960146316,
    0.4573710960146316,
    0.4669528813846384,
    0.4669528813846384,
    0.47183775460329275,
    0.47183775460329275,
    "inf"
  ],
  "clusters": [
    53,
    53,
    52,
    52,
    51,
    51,
    50,
    50,
    49,
    49,
    48,
    48,
    47,
    47,
    46,
    46,
    45,
    45,
    44,
    44,
    43,
    43,
    42,
    42,
    41,
    41,
    40,
    40,
    39,
    39,
    38,
    38,
    37,
    37,
    36,
    36,
    35,
    35,
    34,
    34,
    33,
    33,
    32,
    32,
    31,
    31,
    30,
    30,
    29,
    29,
    28,
    28,
    27,
    27,
    26,
    26,
    25,
    25,
    24,
    24,
    23,
    23,
    22,
    22,
    21,
    21,
    20,
    20,
    19,
    19,
    18,
    18,
    17,
    17,
    16,
    16,
    15,
    15,
    14,
    14,
    13,
    13,
    12,
    12,
    11,
    11,
    10,
    10,
    9,
    9,
    8,
    8,
    7,
    7,
    6,
    6,
    5,
    5,
    4,
    4,
    3,
    3,
    2,
    2,
    1,
    1
  ]
}
