{
  "info": {
    "datafile": "demo/data/points/points_8500.png",
    "histogram resolution": [
      40,
      40
    ],
    "time_load (ms)": 17.696,
    "time histogram (ms)": 2945.846,
    "time MT (ms)": 21.708
  },
  "threshold": [
    0,
    0.005317995908780571,
    0.005317995908780571,
    0.01081936790193233,
    0.01081936790193233,
    0.01261505762245635,
    0.01261505762245635,
    0.013081507227461986,
    0.013081507227461986,
    0.016185516612915785,
    0.016185516612915785,
    0.017849972223166033,
    0.017849972223166033,
    0.01805128394331873,
    0.01805128394331873,
    0.01912669348073942,
    0.01912669348073942,
    0.023536196624916017,
    0.023536196624916017,
    0.026724513037718445,
    0.026724513037718445,
    0.03271818547007427,
    0.03271818547007427,
    0.0341935794988078,
    0.0341935794988078,
    0.03455401756161569,
    0.03455401756161569,
    0.03862202316608532,
    0.03862202316608532,
    0.04899768410050925,
    0.04899768410050925,
    0.049052181151621466,
    0.049052181151621466,
    0.04935714837811955,
    0.04935714837811955,
    0.049836602166988986,
    0.049836602166988986,
    0.050468146309552986,
    0.050468146309552986,
    0.050470973347888914,
    0.050470973347888914,
    0.05169486174966598,
    0.05169486174966598,
    0.05181221196151159,
    0.05181221196151159,
    0.05324027022656219,
    0.05324027022656219,
    0.0534986547381599,
    0.0534986547381599,
    0.05633297112674773,
    0.05633297112674773,
    0.057375368841240004,
    0.057375368841240004,
    0.06033821828298658,
    0.06033821828298658,
    0.06077526835617292,
    0.06077526835617292,
    0.0665705497970111,
    0.0665705497970111,
    0.06866589761065206,
    0.06866589761065206,
    0.07262591402247259,
    0.07262591402247259,
    0.07362779127065983,
    0.07362779127065983,
    0.07820069310757533,
    0.07820069310757533,
    0.07931677883644261,
    0.07931677883644261,
    0.11105174580406324,
    0.11105174580406324,
    0.12109124705840657,
    0.12109124705840657,
    0.12346213119099941,
    0.12346213119099941,
    0.12411968349484509,
    0.12411968349484509,
    0.12990026583308578,
    0.12990026583308578,
    0.1372474274799823,
    0.1372474274799823,
    0.18968100580596287,
    0.18968100580596287,
    0.21924740526178949,
    0.21924740526178949,
    0.2953308576632753,
    0.2953308576632753,
    0.37064590628541927,
    0.37064590628541927,
    0.41562273181410053,
    0.41562273181410053,
    0.4178649253436503,
    0.4178649253436503,
    0.4208861993644021,
    0.4208861993644021,
    0.5049985814159133,
    0.5049985814159133,
    "inf"
  ],
  "clusters": [
    49,
    49,
    48,
    48,
    47,
    47,
    46,
    46,
    45,
    45,
    44,
    44,
    43,
    43,
    42,
    42,
    41,
    41,
    40,
    40,
    39,
    39,
    38,
    38,
    37,
    37,
    36,
    36,
    35,
    35,
    34,
    34,
    33,
    33,
    32,
    32,
    31,
    31,
    30,
    30,
    29,
    29,
    28,
    28,
    27,
    27,
    26,
    26,
    25,
    25,
    24,
    24,
    23,
    23,
    22,
    22,
    21,
    21,
    20,
    20,
    19,
    19,
    18,
    18,
    17,
    17,
    16,
    16,
    15,
    15,
    14,
    14,
    13,
    13,
    12,
    12,
    11,
    11,
    10,
    10,
    9,
    9,
    8,
    8,
    7,
    7,
    6,
    6,
    5,
    5,
    4,
    4,
    3,
    3,
    2,
    2,
    1,
    1
  ]
}
