{
  "info": {
    "datafile": "demo/data/points/points_1500.png",
    "histogram resolution": [
      40,
      40
    ],
    "time_load (ms)": 16.081,
    "time histogram (ms)": 2978.69,
    "time MT (ms)": 21.044
  },
  "threshold": [
    0,
    0.003448082249662754,
    0.003448082249662754,
    0.006632064286546391,
    0.006632064286546391,
    0.01050557481015435,
    0.01050557481015435,
    0.011641449448339891,
    0.011641449448339891,
    0.012197232332683217,
    0.012197232332683217,
    0.014625596189753232,
    0.014625596189753232,
    0.021114616626884408,
    0.021114616626884408,
    0.022904651997355363,
    0.022904651997355363,
    0.02693194892787032,
    0.02693194892787032,
    0.035428680789967415,
    0.035428680789967415,
    0.041391194040867885,
    0.041391194040867885,
    0.04343628528891108,
    0.04343628528891108,
    0.04577484668589249,
    0.04577484668589249,
    0.047059891892194394,
    0.047059891892194394,
    0.050048058560373754,
    0.050048058560373754,
    0.05854479097487286,
    0.05854479097487286,
    0.0593046796381379,
    0.0593046796381379,
    0.06185868676814754,
    0.06185868676814754,
    0.07467320192532212,
    0.07467320192532212,
    0.07531718617104277,
    0.07531718617104277,
    0.07894079132900367,
    0.07894079132900367,
    0.09009996074817928,
    0.09009996074817928,
    0.10101720488093258,
    0.10101720488093258,
    0.1094990170451986,
    0.1094990170451986,
    0.11107266376561975,
    0.11107266376561975,
    0.11158959085438513,
    0.11158959085438513,
    0.11339303816001622,
    0.11339303816001622,
    0.1149750091455074,
    0.1149750091455074,
    0.11620263550136334,
    0.11620263550136334,
    0.11788622006793292,
    0.11788622006793292,
    0.13418663670826292,
    0.13418663670826292,
    0.14860630448104117,
    0.14860630448104117,
    0.14967772553351544,
    0.14967772553351544,
    0.15135524723240557,
    0.15135524723240557,
    0.15168204418767028,
    0.15168204418767028,
    0.15988081455071734,
    0.15988081455071734,
    0.16051518592033898,
    0.16051518592033898,
    0.19086971282018472,
    0.19086971282018472,
    0.19096768254207241,
    0.19096768254207241,
    0.19766734467989,
    0.19766734467989,
    0.20192120590213913,
    0.20192120590213913,
    0.21437908483066537,
    0.21437908483066537,
    0.21470588139787894,
    0.21470588139787894,
    0.21516724330756598,
    0.21516724330756598,
    0.21773469451527006,
    0.21773469451527006,
    0.25226832643473485,
    0.25226832643473485,
    0.28414976138018955,
    0.28414976138018955,
    0.29422016991814703,
    0.29422016991814703,
    0.2968980936102228,
    0.2968980936102228,
    0.3145713177235687,
    0.3145713177235687,
    0.3534833879656918,
    0.3534833879656918,
    0.40478928871696285,
    0.40478928871696285,
    "inf"
  ],
  "clusters": [
    53,
    53,
    52,
    52,
    51,
    51,
    50,
    50,
    49,
    49,
    48,
    48,
    47,
    47,
    46,
    46,
    45,
    45,
    44,
    44,
    43,
    43,
    42,
    42,
    41,
    41,
    40,
    40,
    39,
    39,
    38,
    38,
    37,
    37,
    36,
    36,
    35,
    35,
    34,
    34,
    33,
    33,
    32,
    32,
    31,
    31,
    30,
    30,
    29,
    29,
    28,
    28,
    27,
    27,
    26,
    26,
    25,
    25,
    24,
    24,
    23,
    23,
    22,
    22,
    21,
    21,
    20,
    20,
    19,
    19,
    18,
    18,
    17,
    17,
    16,
    16,
    15,
    15,
    14,
    14,
    13,
    13,
    12,
    12,
    11,
    11,
    10,
    10,
    9,
    9,
    8,
    8,
    7,
    7,
    6,
    6,
    5,
    5,
    4,
    4,
    3,
    3,
    2,
    2,
    1,
    1
  ]
}
