{
  "info": {
    "datafile": "demo/data/points/points_12500.png",
    "histogram resolution": [
      40,
      40
    ],
    "time_load (ms)": 16.636,
    "time histogram (ms)": 2985.749,
    "time MT (ms)": 21.002
  },
  "threshold": [
    0,
    0.0022736981980074344,
    0.0022736981980074344,
    0.004796232331964134,
    0.004796232331964134,
    0.005203127200575253,
    0.005203127200575253,
    0.005237239327363918,
    0.005237239327363918,
    0.006494548558556523,
    0.006494548558556523,
    0.006676730679427645,
    0.006676730679427645,
    0.008871588327547586,
    0.008871588327547586,
    0.01023644783223665,
    0.01023644783223665,
    0.01080444823444704,
    0.01080444823444704,
    0.011591695703328686,
    0.011591695703328686,
    0.012448831949119332,
    0.012448831949119332,
    0.015739138956280097,
    0.015739138956280097,
    0.016008455407213185,
    0.016008455407213185,
    0.01721132949805232,
    0.01721132949805232,
    0.01814887698824852,
    0.01814887698824852,
    0.018369632035535766,
    0.018369632035535766,
    0.018817423461778504,
    0.018817423461778504,
    0.019310572056719155,
    0.019310572056719155,
    0.020364716804253502,
    0.020364716804253502,
    0.020866409111837847,
    0.020866409111837847,
    0.021707714546977785,
    0.021707714546977785,
    0.02673858429268733,
    0.02673858429268733,
    0.02704248409847626,
    0.02704248409847626,
    0.030209534925947357,
    0.030209534925947357,
    0.03117657778328098,
    0.03117657778328098,
    0.03426566714188084,
    0.03426566714188084,
    0.03917497856074659,
    0.03917497856074659,
    0.04801038121713286,
    0.04801038121713286,
    0.04878892764935727,
    0.04878892764935727,
    0.05087805664915518,
    0.05087805664915518,
    0.053795486533527725,
    0.053795486533527725,
    0.06906280352442923,
    0.06906280352442923,
    0.07626393799325615,
    0.07626393799325615,
    0.08312300759536295,
    0.08312300759536295,
    0.09708935565195953,
    0.09708935565195953,
    0.1038638988404772,
    0.1038638988404772,
    0.11135140416102812,
    0.11135140416102812,
    0.16430841278060015,
    0.16430841278060015,
    0.3129549539388788,
    0.3129549539388788,
    0.31333537023661406,
    0.31333537023661406,
    0.3227535367317266,
    0.3227535367317266,
    0.3480296050947086,
    0.3480296050947086,
    0.37167916381792504,
    0.37167916381792504,
    0.4880307805667376,
    0.4880307805667376,
    "inf"
  ],
  "clusters": [
    45,
    45,
    44,
    44,
    43,
    43,
    42,
    42,
    41,
    41,
    40,
    40,
    39,
    39,
    38,
    38,
    37,
    37,
    36,
    36,
    35,
    35,
    34,
    34,
    33,
    33,
    32,
    32,
    31,
    31,
    30,
    30,
    29,
    29,
    28,
    28,
    27,
    27,
    26,
    26,
    25,
    25,
    24,
    24,
    23,
    23,
    22,
    22,
    21,
    21,
    20,
    20,
    19,
    19,
    18,
    18,
    17,
    17,
    16,
    16,
    15,
    15,
    14,
    14,
    13,
    13,
    12,
    12,
    11,
    11,
    10,
    10,
    9,
    9,
    8,
    8,
    7,
    7,
    6,
    6,
    5,
    5,
    4,
    4,
    3,
    3,
    2,
    2,
    1,
    1
  ]
}
