{
  "info": {
    "datafile": "demo/data/points/points_9500.png",
    "histogram resolution": [
      40,
      40
    ],
    "time_load (ms)": 16.564,
    "time histogram (ms)": 2941.467,
    "time MT (ms)": 21.134
  },
  "threshold": [
    0,
    0.0038590923752275796,
    0.0038590923752275796,
    0.003888147188504276,
    0.003888147188504276,
    0.004864645096679665,
    0.004864645096679665,
    0.00856401368190407,
    0.00856401368190407,
    0.016993463564408506,
    0.016993463564408506,
    0.01702930392298524,
    0.01702930392298524,
    0.018262206898935707,
    0.018262206898935707,
    0.018562995860779585,
    0.018562995860779585,
    0.01934154268951427,
    0.01934154268951427,
    0.020232602880865924,
    0.020232602880865924,
    0.022327951023209003,
    0.022327951023209003,
    0.022625913636932393,
    0.022625913636932393,
    0.023926883487051298,
    0.023926883487051298,
    0.02500226205475886,
    0.02500226205475886,
    0.02975439294833515,
    0.02975439294833515,
    0.03279168693414025,
    0.03279168693414025,
    0.033006536769772,
    0.033006536769772,
    0.03417014812087854,
    0.03417014812087854,
    0.03606531385927447,
    0.03606531385927447,
    0.04643406451764631,
    0.04643406451764631,
    0.04889252056428056,
    0.04889252056428056,
    0.05084582883978772,
    0.05084582883978772,
    0.052674876160907824,
    0.052674876160907824,
    0.052777778262664055,
    0.052777778262664055,
    0.057304883182879685,
    0.057304883182879685,
    0.05825973851048866,
    0.05825973851048866,
    0.05826978989755577,
    0.05826978989755577,
    0.06019008576879631,
    0.06019008576879631,
    0.06272854500329467,
    0.06272854500329467,
    0.06453230675446048,
    0.06453230675446048,
    0.06602161589092809,
    0.06602161589092809,
    0.06612841338238806,
    0.06612841338238806,
    0.06664744388156885,
    0.06664744388156885,
    0.07263722225503766,
    0.07263722225503766,
    0.07353732827862869,
    0.07353732827862869,
    0.08331241457774913,
    0.08331241457774913,
    0.08404629561279908,
    0.08404629561279908,
    0.08603591478315337,
    0.08603591478315337,
    0.08732953463611759,
    0.08732953463611759,
    0.09845251840762975,
    0.09845251840762975,
    0.1073241068652886,
    0.1073241068652886,
    0.18283748420558527,
    0.18283748420558527,
    0.24795158133431716,
    0.24795158133431716,
    0.29766543010010815,
    0.29766543010010815,
    0.37149173484466896,
    0.37149173484466896,
    0.4124279140686507,
    0.4124279140686507,
    0.41488850625304907,
    0.41488850625304907,
    0.41583151923259715,
    0.41583151923259715,
    0.4973849939831181,
    0.4973849939831181,
    "inf"
  ],
  "clusters": [
    50,
    50,
    49,
    49,
    48,
    48,
    47,
    47,
    46,
    46,
    45,
    45,
    44,
    44,
    43,
    43,
    42,
    42,
    41,
    41,
    40,
    40,
    39,
    39,
    38,
    38,
    37,
    37,
    36,
    36,
    35,
    35,
    34,
    34,
    33,
    33,
    32,
    32,
    31,
    31,
    30,
    30,
    29,
    29,
    28,
    28,
    27,
    27,
    26,
    26,
    25,
    25,
    24,
    24,
    23,
    23,
    22,
    22,
    21,
    21,
    20,
    20,
    19,
    19,
    18,
    18,
    17,
    17,
    16,
    16,
    15,
    15,
    14,
    14,
    13,
    13,
    12,
    12,
    11,
    11,
    10,
    10,
    9,
    9,
    8,
    8,
    7,
    7,
    6,
    6,
    5,
    5,
    4,
    4,
    3,
    3,
    2,
    2,
    1,
    1
  ]
}
