{
  "info": {
    "datafile": "demo/data/points/points_2000.png",
    "histogram resolution": [
      40,
      40
    ],
    "time_load (ms)": 15.758,
    "time histogram (ms)": 2933.23,
    "time MT (ms)": 21.122
  },
  "threshold": [
    0,
    0.0017595049438271504,
    0.0017595049438271504,
    0.0020990860496276076,
    0.0020990860496276076,
    0.0029151689867040753,
    0.0029151689867040753,
    0.0035082667029699977,
    0.0035082667029699977,
    0.006382160445711715,
    0.006382160445711715,
    0.006424345574209789,
    0.006424345574209789,
    0.011014459670350418,
    0.011014459670350418,
    0.011408099431983065,
    0.011408099431983065,
    0.01363898505109784,
    0.01363898505109784,
    0.014625596189753232,
    0.014625596189753232,
    0.015050835171937615,
    0.015050835171937615,
    0.019780853744961524,
    0.019780853744961524,
    0.021114616626884408,
    0.021114616626884408,
    0.021126489264561843,
    0.021126489264561843,
    0.025255621057736488,
    0.025255621057736488,
    0.02856593612837144,
    0.02856593612837144,
    0.033717800424817645,
    0.033717800424817645,
    0.04627518796129948,
    0.04627518796129948,
    0.05082820718884784,
    0.05082820718884784,
    0.0669561469176303,
    0.0669561469176303,
    0.07297984896992538,
    0.07297984896992538,
    0.07759301953904396,
    0.07759301953904396,
    0.08298731294880607,
    0.08298731294880607,
    0.10656534825401176,
    0.10656534825401176,
    0.10730136423285652,
    0.10730136423285652,
    0.1108725151855976,
    0.1108725151855976,
    0.11719719501557535,
    0.11719719501557535,
    0.11922444396272847,
    0.11922444396272847,
    0.12126585914125343,
    0.12126585914125343,
    0.13335255604060914,
    0.13335255604060914,
    0.13525513623849228,
    0.13525513623849228,
    0.13902505455297176,
    0.13902505455297176,
    0.14209466904666035,
    0.14209466904666035,
    0.14289130857230448,
    0.14289130857230448,
    0.15806759819345417,
    0.15806759819345417,
    0.1623702421053952,
    0.1623702421053952,
    0.16702229904887433,
    0.16702229904887433,
    0.17296973503446944,
    0.17296973503446944,
    0.1794677383125134,
    0.1794677383125134,
    0.18072322553618703,
    0.18072322553618703,
    0.1840922161823373,
    0.1840922161823373,
    0.18613768374840622,
    0.18613768374840622,
    0.19090451654949098,
    0.19090451654949098,
    0.20095796400350407,
    0.20095796400350407,
    0.21607809200036454,
    0.21607809200036454,
    0.27127173260028814,
    0.27127173260028814,
    0.3295271044537681,
    0.3295271044537681,
    0.3500459212622116,
    0.3500459212622116,
    0.3690695878661548,
    0.3690695878661548,
    0.3758490317222644,
    0.3758490317222644,
    0.40651832510563,
    0.40651832510563,
    0.407433572427668,
    0.407433572427668,
    0.4658331184197534,
    0.4658331184197534,
    "inf"
  ],
  "clusters": [
    54,
    54,
    53,
    53,
    52,
    52,
    51,
    51,
    50,
    50,
    49,
    49,
    48,
    48,
    47,
    47,
    46,
    46,
    45,
    45,
    44,
    44,
    43,
    43,
    42,
    42,
    41,
    41,
    40,
    40,
    39,
    39,
    38,
    38,
    37,
    37,
    36,
    36,
    35,
    35,
    34,
    34,
    33,
    33,
    32,
    32,
    31,
    31,
    30,
    30,
    29,
    29,
    28,
    28,
    27,
    27,
    26,
    26,
    25,
    25,
    24,
    24,
    23,
    23,
    22,
    22,
    21,
    21,
    20,
    20,
    19,
    19,
    18,
    18,
    17,
    17,
    16,
    16,
    15,
    15,
    14,
    14,
    13,
    13,
    12,
    12,
    11,
    11,
    10,
    10,
    9,
    9,
    8,
    8,
    7,
    7,
    6,
    6,
    5,
    5,
    4,
    4,
    3,
    3,
    2,
    2,
    1,
    1
  ]
}
