{
  "info": {
    "datafile": "demo/data/points/points_10500.png",
    "histogram resolution": [
      40,
      40
    ],
    "time_load (ms)": 16.912,
    "time histogram (ms)": 2883.182,
    "time MT (ms)": 23.231
  },
  "threshold": [
    0,
    0.005726461315309239,
    0.005726461315309239,
    0.010159554110620861,
    0.010159554110620861,
    0.012285433694247061,
    0.012285433694247061,
    0.013236424852591744,
    0.013236424852591744,
    0.013376517367772012,
    0.013376517367772012,
    0.017243368347978905,
    0.017243368347978905,
    0.01753721556116139,
    0.01753721556116139,
    0.019626501146429998,
    0.019626501146429998,
    0.02152056947085712,
    0.02152056947085712,
    0.02332926236315669,
    0.02332926236315669,
    0.02535004151951953,
    0.02535004151951953,
    0.027715583758739115,
    0.027715583758739115,
    0.02964753414960225,
    0.02964753414960225,
    0.031306398799105795,
    0.031306398799105795,
    0.031479879940833566,
    0.031479879940833566,
    0.033100957197949255,
    0.033100957197949255,
    0.033669020928692284,
    0.033669020928692284,
    0.038831218890186314,
    0.038831218890186314,
    0.04345500649080847,
    0.04345500649080847,
    0.043681383671927976,
    0.043681383671927976,
    0.04535755513044182,
    0.04535755513044182,
    0.04703620864252156,
    0.04703620864252156,
    0.04865650038873015,
    0.04865650038873015,
    0.05254992460450658,
    0.05254992460450658,
    0.053873510785884815,
    0.053873510785884815,
    0.05496019667161911,
    0.05496019667161911,
    0.05619953921881926,
    0.05619953921881926,
    0.05802349841333343,
    0.05802349841333343,
    0.058353624696826034,
    0.058353624696826034,
    0.06798007591458888,
    0.06798007591458888,
    0.06878689220731043,
    0.06878689220731043,
    0.06987109676793257,
    0.06987109676793257,
    0.07568695330686198,
    0.07568695330686198,
    0.08951873818990874,
    0.08951873818990874,
    0.09019127399594701,
    0.09019127399594701,
    0.09981737923625783,
    0.09981737923625783,
    0.11796424559011653,
    0.11796424559011653,
    0.1982497008948612,
    0.1982497008948612,
    0.32391334734798743,
    0.32391334734798743,
    0.3741872792634002,
    0.3741872792634002,
    0.37968196218030853,
    0.37968196218030853,
    0.39602076303095135,
    0.39602076303095135,
    0.39860523912473833,
    0.39860523912473833,
    0.502740463350965,
    0.502740463350965,
    "inf"
  ],
  "clusters": [
    45,
    45,
    44,
    44,
    43,
    43,
    42,
    42,
    41,
    41,
    40,
    40,
    39,
    39,
    38,
    38,
    37,
    37,
    36,
    36,
    35,
    35,
    34,
    34,
    33,
    33,
    32,
    32,
    31,
    31,
    30,
    30,
    29,
    29,
    28,
    28,
    27,
    27,
    26,
    26,
    25,
    25,
    24,
    24,
    23,
    23,
    22,
    22,
    21,
    21,
    20,
    20,
    19,
    19,
    18,
    18,
    17,
    17,
    16,
    16,
    15,
    15,
    14,
    14,
    13,
    13,
    12,
    12,
    11,
    11,
    10,
    10,
    9,
    9,
    8,
    8,
    7,
    7,
    6,
    6,
    5,
    5,
    4,
    4,
    3,
    3,
    2,
    2,
    1,
    1
  ]
}
