{
  "info": {
    "datafile": "demo/data/points/points_61500.png",
    "histogram resolution": [
      40,
      40
    ],
    "time_load (ms)": 27.845,
    "time histogram (ms)": 3317.759,
    "time MT (ms)": 23.09
  },
  "threshold": [
    0,
    1.815541138594501e-05,
    1.815541138594501e-05,
    6.106248847287388e-05,
    6.106248847287388e-05,
    0.0064035201703162015,
    0.0064035201703162015,
    0.006545559521399291,
    0.006545559521399291,
    0.028998462729813435,
    0.028998462729813435,
    0.032281702521311906,
    0.032281702521311906,
    0.05837872318375892,
    0.05837872318375892,
    0.06256354469331671,
    0.06256354469331671,
    0.06311995445239338,
    0.06311995445239338,
    0.1147539420281628,
    0.1147539420281628,
    "inf"
  ],
  "clusters": [
    11,
    11,
    10,
    10,
    9,
    9,
    8,
    8,
    7,
    7,
    6,
    6,
    5,
    5,
    4,
    4,
    3,
    3,
    2,
    2,
    1,
    1
  ]
}
