{
  "info": {
    "datafile": "demo/data/points/points_29500.png",
    "histogram resolution": [
      40,
      40
    ],
    "time_load (ms)": 19.222,
    "time histogram (ms)": 2988.065,
    "time MT (ms)": 21.661
  },
  "threshold": [
    0,
    9.611688380817274e-06,
    9.611688380817274e-06,
    2.883506400108704e-05,
    2.883506400108704e-05,
    2.883506400108704e-05,
    2.883506400108704e-05,
    3.8446753523213584e-05,
    3.8446753523213584e-05,
    5.767012914348335e-05,
    5.767012914348335e-05,
    7.689350362244385e-05,
    7.689350362244385e-05,
    8.141665451977254e-05,
    8.141665451977254e-05,
    0.00014247914071002787,
    0.00014247914071002787,
    0.000193364552067532,
    0.000193364552067532,
    0.00022106882819322715,
    0.00022106882819322715,
    0.00026460411510459414,
    0.00026460411510459414,
    0.0003358436890178451,
    0.0003358436890178451,
    0.0003663749429220209,
    0.0003663749429220209,
    0.0007734581841007393,
    0.0007734581841007393,
    0.0013287373630981314,
    0.0013287373630981314,
    0.0013483062095854814,
    0.0013483062095854814,
    0.0017877739726328556,
    0.0017877739726328556,
    0.0024509804605730157,
    0.0024509804605730157,
    0.002852975179773176,
    0.002852975179773176,
    0.003188253426548382,
    0.003188253426548382,
    0.003239672860875842,
    0.003239672860875842,
    0.003384916200977195,
    0.003384916200977195,
    0.006635457156048796,
    0.006635457156048796,
    0.0075708063129611425,
    0.0075708063129611425,
    0.009554017855621433,
    0.009554017855621433,
    0.01580161489797388,
    0.01580161489797388,
    0.016414564142961385,
    0.016414564142961385,
    0.03143700462794996,
    0.03143700462794996,
    0.05209647886735158,
    0.05209647886735158,
    0.0927816236462426,
    0.0927816236462426,
    0.11513332082893196,
    0.11513332082893196,
    0.12323145010490338,
    0.12323145010490338,
    0.132410613034724,
    0.132410613034724,
    0.1353939740069176,
    0.1353939740069176,
    0.25604518805227683,
    0.25604518805227683,
    "inf"
  ],
  "clusters": [
    36,
    36,
    35,
    35,
    34,
    34,
    33,
    33,
    32,
    32,
    31,
    31,
    30,
    30,
    29,
    29,
    28,
    28,
    27,
    27,
    26,
    26,
    25,
    25,
    24,
    24,
    23,
    23,
    22,
    22,
    21,
    21,
    20,
    20,
    19,
    19,
    18,
    18,
    17,
    17,
    16,
    16,
    15,
    15,
    14,
    14,
    13,
    13,
    12,
    12,
    11,
    11,
    10,
    10,
    9,
    9,
    8,
    8,
    7,
    7,
    6,
    6,
    5,
    5,
    4,
    4,
    3,
    3,
    2,
    2,
    1,
    1
  ]
}
