{
  "info": {
    "datafile": "demo/data/points/points_12000.png",
    "histogram resolution": [
      40,
      40
    ],
    "time_load (ms)": 16.278,
    "time histogram (ms)": 2904.095,
    "time MT (ms)": 21.547
  },
  "threshold": [
    0,
    0.00037272006795996404,
    0.00037272006795996404,
    0.0012953475182850838,
    0.0012953475182850838,
    0.0042231118409430946,
    0.0042231118409430946,
    0.009525182921731545,
    0.009525182921731545,
    0.010109893758887822,
    0.010109893758887822,
    0.011601307391709503,
    0.011601307391709503,
    0.012448831949119332,
    0.012448831949119332,
    0.013091119231117498,
    0.013091119231117498,
    0.016008455407213185,
    0.016008455407213185,
    0.01673021111896056,
    0.01673021111896056,
    0.0185121111688607,
    0.0185121111688607,
    0.0213272673649052,
    0.0213272673649052,
    0.022519368216056768,
    0.022519368216056768,
    0.022552443840690994,
    0.022552443840690994,
    0.02568082838789215,
    0.02568082838789215,
    0.026709749230968916,
    0.026709749230968916,
    0.029401587958006126,
    0.029401587958006126,
    0.03019992323756654,
    0.03019992323756654,
    0.03690888204808146,
    0.03690888204808146,
    0.03761788480163197,
    0.03761788480163197,
    0.039920103866665,
    0.039920103866665,
    0.04144559815804488,
    0.04144559815804488,
    0.04287095527761353,
    0.04287095527761353,
    0.04566795646141564,
    0.04566795646141564,
    0.0510205357909394,
    0.0510205357909394,
    0.055363322473496346,
    0.055363322473496346,
    0.05599543197834306,
    0.05599543197834306,
    0.06055306845262426,
    0.06055306845262426,
    0.06587398479528289,
    0.06587398479528289,
    0.07625486028756318,
    0.07625486028756318,
    0.07911663001036379,
    0.07911663001036379,
    0.09518963310665063,
    0.09518963310665063,
    0.101749328028995,
    0.101749328028995,
    0.11241490959599099,
    0.11241490959599099,
    0.16428918940497989,
    0.16428918940497989,
    0.3129549539388788,
    0.3129549539388788,
    0.3154143217972946,
    0.3154143217972946,
    0.34275545914623684,
    0.34275545914623684,
    0.37626874365606433,
    0.37626874365606433,
    0.3976018859097868,
    0.3976018859097868,
    0.5054209934828311,
    0.5054209934828311,
    "inf"
  ],
  "clusters": [
    42,
    42,
    41,
    41,
    40,
    40,
    39,
    39,
    38,
    38,
    37,
    37,
    36,
    36,
    35,
    35,
    34,
    34,
    33,
    33,
    32,
    32,
    31,
    31,
    30,
    30,
    29,
    29,
    28,
    28,
    27,
    27,
    26,
    26,
    25,
    25,
    24,
    24,
    23,
    23,
    22,
    22,
    21,
    21,
    20,
    20,
    19,
    19,
    18,
    18,
    17,
    17,
    16,
    16,
    15,
    15,
    14,
    14,
    13,
    13,
    12,
    12,
    11,
    11,
    10,
    10,
    9,
    9,
    8,
    8,
    7,
    7,
    6,
    6,
    5,
    5,
    4,
    4,
    3,
    3,
    2,
    2,
    1,
    1
  ]
}
