{
  "info": {
    "datafile": "demo/data/points/points_13500.png",
    "histogram resolution": [
      40,
      40
    ],
    "time_load (ms)": 15.562,
    "time histogram (ms)": 2916.836,
    "time MT (ms)": 20.944
  },
  "threshold": [
    0,
    0.0017418514573101507,
    0.0017418514573101507,
    0.001877671452464702,
    0.001877671452464702,
    0.002748942656634279,
    0.002748942656634279,
    0.005103806435477476,
    0.005103806435477476,
    0.005756867220899187,
    0.005756867220899187,
    0.006387500742816632,
    0.006387500742816632,
    0.006737134152930313,
    0.006737134152930313,
    0.008483225593209465,
    0.008483225593209465,
    0.009448289283432554,
    0.009448289283432554,
    0.0101114957075219,
    0.0101114957075219,
    0.0110861397968674,
    0.0110861397968674,
    0.011726259372617065,
    0.011726259372617065,
    0.012788067985717633,
    0.012788067985717633,
    0.013326071553078855,
    0.013326071553078855,
    0.013931010969933988,
    0.013931010969933988,
    0.015307681005009843,
    0.015307681005009843,
    0.01679161880448654,
    0.01679161880448654,
    0.018344534531035295,
    0.018344534531035295,
    0.0185024992599353,
    0.0185024992599353,
    0.019763891989200866,
    0.019763891989200866,
    0.021482122801792125,
    0.021482122801792125,
    0.024183007089757458,
    0.024183007089757458,
    0.029476785536580508,
    0.029476785536580508,
    0.03131114141376434,
    0.03131114141376434,
    0.031545559803763557,
    0.031545559803763557,
    0.05101092376855265,
    0.05101092376855265,
    0.0518522293602558,
    0.0518522293602558,
    0.06523226423623019,
    0.06523226423623019,
    0.07744023892405466,
    0.07744023892405466,
    0.09908575978226242,
    0.09908575978226242,
    0.09968338037503727,
    0.09968338037503727,
    0.10375817039497565,
    0.10375817039497565,
    0.1179433250128406,
    0.1179433250128406,
    0.1626359789971033,
    0.1626359789971033,
    0.3086262088686049,
    0.3086262088686049,
    0.3130184978765739,
    0.3130184978765739,
    0.31598339033854134,
    0.31598339033854134,
    0.32269373068210366,
    0.32269373068210366,
    0.37172241639642634,
    0.37172241639642634,
    0.48178158123360665,
    0.48178158123360665,
    "inf"
  ],
  "clusters": [
    41,
    41,
    40,
    40,
    39,
    39,
    38,
    38,
    37,
    37,
    36,
    36,
    35,
    35,
    34,
    34,
    33,
    33,
    32,
    32,
    31,
    31,
    30,
    30,
    29,
    29,
    28,
    28,
    27,
    27,
    26,
    26,
    25,
    25,
    24,
    24,
    23,
    23,
    22,
    22,
    21,
    21,
    20,
    20,
    19,
    19,
    18,
    18,
    17,
    17,
    16,
    16,
    15,
    15,
    14,
    14,
    13,
    13,
    12,
    12,
    11,
    11,
    10,
    10,
    9,
    9,
    8,
    8,
    7,
    7,
    6,
    6,
    5,
    5,
    4,
    4,
    3,
    3,
    2,
    2,
    1,
    1
  ]
}
