{
  "info": {
    "datafile": "demo/data/points/points_4500.png",
    "histogram resolution": [
      40,
      40
    ],
    "time_load (ms)": 16.251,
    "time histogram (ms)": 2874.014,
    "time MT (ms)": 21.319
  },
  "threshold": [
    0,
    0.0017018031182065574,
    0.0017018031182065574,
    0.008216296752185381,
    0.008216296752185381,
    0.014298798854762484,
    0.014298798854762484,
    0.01431073608728578,
    0.01431073608728578,
    0.01555057997882986,
    0.01555057997882986,
    0.021585588319272153,
    0.021585588319272153,
    0.025297962238683414,
    0.025297962238683414,
    0.026329083291713296,
    0.026329083291713296,
    0.027191464474205562,
    0.027191464474205562,
    0.03156852098749974,
    0.03156852098749974,
    0.03726621018037857,
    0.03726621018037857,
    0.037899450261753787,
    0.037899450261753787,
    0.04088811885323557,
    0.04088811885323557,
    0.045905420862540014,
    0.045905420862540014,
    0.04636452051597689,
    0.04636452051597689,
    0.049048443528422914,
    0.049048443528422914,
    0.05062475986778736,
    0.05062475986778736,
    0.057016532028130396,
    0.057016532028130396,
    0.05710303729774391,
    0.05710303729774391,
    0.05965974623812176,
    0.05965974623812176,
    0.06026207913278375,
    0.06026207913278375,
    0.06452432808807129,
    0.06452432808807129,
    0.06538831210676949,
    0.06538831210676949,
    0.06664348557868577,
    0.06664348557868577,
    0.07178913159650396,
    0.07178913159650396,
    0.07782074777385806,
    0.07782074777385806,
    0.08744826666823335,
    0.08744826666823335,
    0.09172380345907521,
    0.09172380345907521,
    0.10136938238953647,
    0.10136938238953647,
    0.10514677694924557,
    0.10514677694924557,
    0.11287400822129395,
    0.11287400822129395,
    0.11473839267311098,
    0.11473839267311098,
    0.12748094651546765,
    0.12748094651546765,
    0.13182216317013457,
    0.13182216317013457,
    0.14958509577545775,
    0.14958509577545775,
    0.15704536813713027,
    0.15704536813713027,
    0.1669806499253047,
    0.1669806499253047,
    0.18259910759815345,
    0.18259910759815345,
    0.19939446438323044,
    0.19939446438323044,
    0.2044079959608937,
    0.2044079959608937,
    0.22922914298068653,
    0.22922914298068653,
    0.23261566085067287,
    0.23261566085067287,
    0.2405613229482197,
    0.2405613229482197,
    0.2596907178288228,
    0.2596907178288228,
    0.3668658115958224,
    0.3668658115958224,
    0.3849690166697327,
    0.3849690166697327,
    0.456944978739133,
    0.456944978739133,
    0.47203564316466945,
    0.47203564316466945,
    0.49614571289601683,
    0.49614571289601683,
    0.5360048485924651,
    0.5360048485924651,
    "inf"
  ],
  "clusters": [
    51,
    51,
    50,
    50,
    49,
    49,
    48,
    48,
    47,
    47,
    46,
    46,
    45,
    45,
    44,
    44,
    43,
    43,
    42,
    42,
    41,
    41,
    40,
    40,
    39,
    39,
    38,
    38,
    37,
    37,
    36,
    36,
    35,
    35,
    34,
    34,
    33,
    33,
    32,
    32,
    31,
    31,
    30,
    30,
    29,
    29,
    28,
    28,
    27,
    27,
    26,
    26,
    25,
    25,
    24,
    24,
    23,
    23,
    22,
    22,
    21,
    21,
    20,
    20,
    19,
    19,
    18,
    18,
    17,
    17,
    16,
    16,
    15,
    15,
    14,
    14,
    13,
    13,
    12,
    12,
    11,
    11,
    10,
    10,
    9,
    9,
    8,
    8,
    7,
    7,
    6,
    6,
    5,
    5,
    4,
    4,
    3,
    3,
    2,
    2,
    1,
    1
  ]
}
