{
  "info": {
    "datafile": "demo/data/points/points_21500.png",
    "histogram resolution": [
      40,
      40
    ],
    "time_load (ms)": 17.097,
    "time histogram (ms)": 2997.082,
    "time MT (ms)": 20.563
  },
  "threshold": [
    0,
    2.2615670229875207e-06,
    2.2615670229875207e-06,
    1.3004049187193001e-05,
    1.3004049187193001e-05,
    7.689350704642717e-05,
    7.689350704642717e-05,
    0.00018884138453523214,
    0.00018884138453523214,
    0.00021786492800823787,
    0.00021786492800823787,
    0.0002595155794337667,
    0.0002595155794337667,
    0.00040548130983608655,
    0.00040548130983608655,
    0.0007853314238616682,
    0.0007853314238616682,
    0.0009034986667079137,
    0.0009034986667079137,
    0.0009210258029452856,
    0.0009210258029452856,
    0.0009707805024934957,
    0.0009707805024934957,
    0.0015127729289847736,
    0.0015127729289847736,
    0.0021270100376971635,
    0.0021270100376971635,
    0.0024860348288482936,
    0.0024860348288482936,
    0.0028931180873483786,
    0.0028931180873483786,
    0.0029134722586319217,
    0.0029134722586319217,
    0.003787005118176534,
    0.003787005118176534,
    0.0044026871824084934,
    0.0044026871824084934,
    0.004421376545603095,
    0.004421376545603095,
    0.005786236165566172,
    0.005786236165566172,
    0.006065540578035822,
    0.006065540578035822,
    0.006690268913559894,
    0.006690268913559894,
    0.00933423687634205,
    0.00933423687634205,
    0.009678969876475485,
    0.009678969876475485,
    0.012754175889616193,
    0.012754175889616193,
    0.015974625557040156,
    0.015974625557040156,
    0.01611880057801801,
    0.01611880057801801,
    0.016378253324501102,
    0.016378253324501102,
    0.01800099527147775,
    0.01800099527147775,
    0.019362745545718263,
    0.019362745545718263,
    0.020559400590167087,
    0.020559400590167087,
    0.027039374173280506,
    0.027039374173280506,
    0.027465398316089018,
    0.027465398316089018,
    0.03700823415570331,
    0.03700823415570331,
    0.05289311867376206,
    0.05289311867376206,
    0.11321550624599763,
    0.11321550624599763,
    0.15529604144303094,
    0.15529604144303094,
    0.16771829993847537,
    0.16771829993847537,
    0.17569204312338327,
    0.17569204312338327,
    0.26599384989023356,
    0.26599384989023356,
    0.27494553530036847,
    0.27494553530036847,
    0.29578047136173524,
    0.29578047136173524,
    "inf"
  ],
  "clusters": [
    43,
    43,
    42,
    42,
    41,
    41,
    40,
    40,
    39,
    39,
    38,
    38,
    37,
    37,
    36,
    36,
    35,
    35,
    34,
    34,
    33,
    33,
    32,
    32,
    31,
    31,
    30,
    30,
    29,
    29,
    28,
    28,
    27,
    27,
    26,
    26,
    25,
    25,
    24,
    24,
    23,
    23,
    22,
    22,
    21,
    21,
    20,
    20,
    19,
    19,
    18,
    18,
    17,
    17,
    16,
    16,
    15,
    15,
    14,
    14,
    13,
    13,
    12,
    12,
    11,
    11,
    10,
    10,
    9,
    9,
    8,
    8,
    7,
    7,
    6,
    6,
    5,
    5,
    4,
    4,
    3,
    3,
    2,
    2,
    1,
    1
  ]
}
