{
  "info": {
    "datafile": "demo/data/points/points_8000.png",
    "histogram resolution": [
      40,
      40
    ],
    "time_load (ms)": 15.991,
    "time histogram (ms)": 2978.412,
    "time MT (ms)": 23.15
  },
  "threshold": [
    0,
    0.001778162456592347,
    0.001778162456592347,
    0.0018454438312819343,
    0.0018454438312819343,
    0.003236468951496818,
    0.003236468951496818,
    0.005272858920630674,
    0.005272858920630674,
    0.009457901227470533,
    0.009457901227470533,
    0.01081936790193233,
    0.01081936790193233,
    0.013081507227461986,
    0.013081507227461986,
    0.01528396599631443,
    0.01528396599631443,
    0.015838993535402912,
    0.015838993535402912,
    0.017302639966943256,
    0.017302639966943256,
    0.01785229643978148,
    0.01785229643978148,
    0.019961339874169703,
    0.019961339874169703,
    0.02593980998032641,
    0.02593980998032641,
    0.028805097688586745,
    0.028805097688586745,
    0.035450166562757957,
    0.035450166562757957,
    0.03604436371158931,
    0.03604436371158931,
    0.03761279591919925,
    0.03761279591919925,
    0.03816801307873585,
    0.03816801307873585,
    0.0481262243884763,
    0.0481262243884763,
    0.04946004947746274,
    0.04946004947746274,
    0.052124183469762386,
    0.052124183469762386,
    0.05223726165615722,
    0.05223726165615722,
    0.0534986547381599,
    0.0534986547381599,
    0.05371972309955053,
    0.05371972309955053,
    0.054382930181043954,
    0.054382930181043954,
    0.05938100781885719,
    0.05938100781885719,
    0.059391185255923185,
    0.059391185255923185,
    0.061208359514188015,
    0.061208359514188015,
    0.06359940725502222,
    0.06359940725502222,
    0.06457358123863499,
    0.06457358123863499,
    0.06539792444913045,
    0.06539792444913045,
    0.06560938092240803,
    0.06560938092240803,
    0.07160707496051844,
    0.07160707496051844,
    0.07390053050504025,
    0.07390053050504025,
    0.07753268069770769,
    0.07753268069770769,
    0.10359477190478872,
    0.10359477190478872,
    0.10941210468654167,
    0.10941210468654167,
    0.11967512524193702,
    0.11967512524193702,
    0.13051597907926538,
    0.13051597907926538,
    0.13770269404738528,
    0.13770269404738528,
    0.14331186731134932,
    0.14331186731134932,
    0.14616550322857846,
    0.14616550322857846,
    0.19051835343704665,
    0.19051835343704665,
    0.2178595843033136,
    0.2178595843033136,
    0.28604436507889863,
    0.28604436507889863,
    0.3677143414516493,
    0.3677143414516493,
    0.4125998562562263,
    0.4125998562562263,
    0.41452326148637814,
    0.41452326148637814,
    0.41832949034869665,
    0.41832949034869665,
    0.5046423835535977,
    0.5046423835535977,
    "inf"
  ],
  "clusters": [
    51,
    51,
    50,
    50,
    49,
    49,
    48,
    48,
    47,
    47,
    46,
    46,
    45,
    45,
    44,
    44,
    43,
    43,
    42,
    42,
    41,
    41,
    40,
    40,
    39,
    39,
    38,
    38,
    37,
    37,
    36,
    36,
    35,
    35,
    34,
    34,
    33,
    33,
    32,
    32,
    31,
    31,
    30,
    30,
    29,
    29,
    28,
    28,
    27,
    27,
    26,
    26,
    25,
    25,
    24,
    24,
    23,
    23,
    22,
    22,
    21,
    21,
    20,
    20,
    19,
    19,
    18,
    18,
    17,
    17,
    16,
    16,
    15,
    15,
    14,
    14,
    13,
    13,
    12,
    12,
    11,
    11,
    10,
    10,
    9,
    9,
    8,
    8,
    7,
    7,
    6,
    6,
    5,
    5,
    4,
    4,
    3,
    3,
    2,
    2,
    1,
    1
  ]
}
