{
  "info": {
    "datafile": "demo/data/points/points_18000.png",
    "histogram resolution": [
      40,
      40
    ],
    "time_load (ms)": 16.738,
    "time histogram (ms)": 3004.101,
    "time MT (ms)": 22.213
  },
  "threshold": [
    0,
    7.849541857252174e-05,
    7.849541857252174e-05,
    0.0003641133675740815,
    0.0003641133675740815,
    0.000643983099828771,
    0.000643983099828771,
    0.0007497116617456445,
    0.0007497116617456445,
    0.0012302961949186009,
    0.0012302961949186009,
    0.0021168329401721753,
    0.0021168329401721753,
    0.002531831739849,
    0.002531831739849,
    0.0026567835069928325,
    0.0026567835069928325,
    0.002683796901050417,
    0.002683796901050417,
    0.0030677618739081147,
    0.0030677618739081147,
    0.003142456572412633,
    0.003142456572412633,
    0.003594205996334199,
    0.003594205996334199,
    0.004584775232098215,
    0.004584775232098215,
    0.004741232034845111,
    0.004741232034845111,
    0.00495963109835218,
    0.00495963109835218,
    0.005210602979382695,
    0.005210602979382695,
    0.0060457518694045365,
    0.0060457518694045365,
    0.0062696475448622,
    0.0062696475448622,
    0.006540942181349874,
    0.006540942181349874,
    0.006686342521618982,
    0.006686342521618982,
    0.006997308878721131,
    0.006997308878721131,
    0.009279236435203286,
    0.009279236435203286,
    0.009304648097087143,
    0.009304648097087143,
    0.01036673949932232,
    0.01036673949932232,
    0.012493812041555252,
    0.012493812041555252,
    0.012552864543691866,
    0.012552864543691866,
    0.013081507376102974,
    0.013081507376102974,
    0.013810393672379628,
    0.013810393672379628,
    0.021153094997111155,
    0.021153094997111155,
    0.023404459996313243,
    0.023404459996313243,
    0.024106113498633286,
    0.024106113498633286,
    0.03345828593763356,
    0.03345828593763356,
    0.05528473283186763,
    0.05528473283186763,
    0.06326073816426381,
    0.06326073816426381,
    0.06593190742583543,
    0.06593190742583543,
    0.07587830823492336,
    0.07587830823492336,
    0.07746486418486387,
    0.07746486418486387,
    0.13905341858147663,
    0.13905341858147663,
    0.20752595311633365,
    0.20752595311633365,
    0.27767148535621305,
    0.27767148535621305,
    0.2799211855311239,
    0.2799211855311239,
    0.2906408882635232,
    0.2906408882635232,
    0.31085693715485163,
    0.31085693715485163,
    0.313619763791269,
    0.313619763791269,
    "inf"
  ],
  "clusters": [
    45,
    45,
    44,
    44,
    43,
    43,
    42,
    42,
    41,
    41,
    40,
    40,
    39,
    39,
    38,
    38,
    37,
    37,
    36,
    36,
    35,
    35,
    34,
    34,
    33,
    33,
    32,
    32,
    31,
    31,
    30,
    30,
    29,
    29,
    28,
    28,
    27,
    27,
    26,
    26,
    25,
    25,
    24,
    24,
    23,
    23,
    22,
    22,
    21,
    21,
    20,
    20,
    19,
    19,
    18,
    18,
    17,
    17,
    16,
    16,
    15,
    15,
    14,
    14,
    13,
    13,
    12,
    12,
    11,
    11,
    10,
    10,
    9,
    9,
    8,
    8,
    7,
    7,
    6,
    6,
    5,
    5,
    4,
    4,
    3,
    3,
    2,
    2,
    1,
    1
  ]
}
