{
  "info": {
    "datafile": "demo/data/points/points_34500.png",
    "histogram resolution": [
      40,
      40
    ],
    "time_load (ms)": 17.645,
    "time histogram (ms)": 3184.762,
    "time MT (ms)": 21.154
  },
  "threshold": [
    0,
    2.0354163629943134e-05,
    2.0354163629943134e-05,
    5.767013028484813e-05,
    5.767013028484813e-05,
    8.141665451977254e-05,
    8.141665451977254e-05,
    0.00035619786110702156,
    0.00035619786110702156,
    0.0005265069064787631,
    0.0005265069064787631,
    0.0005959246681966346,
    0.0005959246681966346,
    0.00061728397418781,
    0.00061728397418781,
    0.0007429269422812301,
    0.0007429269422812301,
    0.0011500102124631373,
    0.0011500102124631373,
    0.0013433747319021028,
    0.0013433747319021028,
    0.0013914331497711374,
    0.0013914331497711374,
    0.0015522876034352873,
    0.0015522876034352873,
    0.0016690413354796263,
    0.0016690413354796263,
    0.0018742791646361168,
    0.0018742791646361168,
    0.002277970067499302,
    0.002277970067499302,
    0.0036620531053118133,
    0.0036620531053118133,
    0.006507112843203655,
    0.006507112843203655,
    0.010247190105471038,
    0.010247190105471038,
    0.011934449546552706,
    0.011934449546552706,
    0.06990637195499605,
    0.06990637195499605,
    0.0809784708031015,
    0.0809784708031015,
    0.09455526294831224,
    0.09455526294831224,
    0.11996347613760505,
    0.11996347613760505,
    0.12532679879115205,
    0.12532679879115205,
    0.2344087133680351,
    0.2344087133680351,
    "inf"
  ],
  "clusters": [
    26,
    26,
    25,
    25,
    24,
    24,
    23,
    23,
    22,
    22,
    21,
    21,
    20,
    20,
    19,
    19,
    18,
    18,
    17,
    17,
    16,
    16,
    15,
    15,
    14,
    14,
    13,
    13,
    12,
    12,
    11,
    11,
    10,
    10,
    9,
    9,
    8,
    8,
    7,
    7,
    6,
    6,
    5,
    5,
    4,
    4,
    3,
    3,
    2,
    2,
    1,
    1
  ]
}
