{
  "info": {
    "datafile": "demo/data/points/points_21000.png",
    "histogram resolution": [
      40,
      40
    ],
    "time_load (ms)": 15.832,
    "time histogram (ms)": 2938.975,
    "time MT (ms)": 22.557
  },
  "threshold": [
    0,
    7.689350704642717e-05,
    7.689350704642717e-05,
    0.00013682520663688136,
    0.00013682520663688136,
    0.00021786492800823787,
    0.00021786492800823787,
    0.0002595155794337667,
    0.0002595155794337667,
    0.00040548130983608655,
    0.00040548130983608655,
    0.0007853314238616682,
    0.0007853314238616682,
    0.0009210258029452856,
    0.0009210258029452856,
    0.0009707805024934957,
    0.0009707805024934957,
    0.0013013157891723637,
    0.0013013157891723637,
    0.0021270100376971635,
    0.0021270100376971635,
    0.002496211909454815,
    0.002496211909454815,
    0.0029385066028782547,
    0.0029385066028782547,
    0.003123798592509164,
    0.003123798592509164,
    0.003787005118176534,
    0.003787005118176534,
    0.0044026871824084934,
    0.0044026871824084934,
    0.004421376545603095,
    0.004421376545603095,
    0.005401768739901336,
    0.005401768739901336,
    0.00542438442973503,
    0.00542438442973503,
    0.005786236165566172,
    0.005786236165566172,
    0.007461873770268912,
    0.007461873770268912,
    0.007990862144439892,
    0.007990862144439892,
    0.009678969876475485,
    0.009678969876475485,
    0.012754175889616193,
    0.012754175889616193,
    0.016128412265257464,
    0.016128412265257464,
    0.01612841244000729,
    0.01612841244000729,
    0.016378253324501102,
    0.016378253324501102,
    0.01800099527147775,
    0.01800099527147775,
    0.018068905427751636,
    0.018068905427751636,
    0.02011619504601525,
    0.02011619504601525,
    0.02714114498780479,
    0.02714114498780479,
    0.027465398316089018,
    0.027465398316089018,
    0.045141858180668404,
    0.045141858180668404,
    0.05289311867376206,
    0.05289311867376206,
    0.11321550624599763,
    0.11321550624599763,
    0.170415226292486,
    0.170415226292486,
    0.17569204312338327,
    0.17569204312338327,
    0.18393039013739276,
    0.18393039013739276,
    0.26599384989023356,
    0.26599384989023356,
    0.27521786645606716,
    0.27521786645606716,
    0.313619763791269,
    0.313619763791269,
    "inf"
  ],
  "clusters": [
    41,
    41,
    40,
    40,
    39,
    39,
    38,
    38,
    37,
    37,
    36,
    36,
    35,
    35,
    34,
    34,
    33,
    33,
    32,
    32,
    31,
    31,
    30,
    30,
    29,
    29,
    28,
    28,
    27,
    27,
    26,
    26,
    25,
    25,
    24,
    24,
    23,
    23,
    22,
    22,
    21,
    21,
    20,
    20,
    19,
    19,
    18,
    18,
    17,
    17,
    16,
    16,
    15,
    15,
    14,
    14,
    13,
    13,
    12,
    12,
    11,
    11,
    10,
    10,
    9,
    9,
    8,
    8,
    7,
    7,
    6,
    6,
    5,
    5,
    4,
    4,
    3,
    3,
    2,
    2,
    1,
    1
  ]
}
