{
  "info": {
    "datafile": "demo/data/points/points_19000.png",
    "histogram resolution": [
      40,
      40
    ],
    "time_load (ms)": 16.039,
    "time histogram (ms)": 2924.502,
    "time MT (ms)": 22.191
  },
  "threshold": [
    0,
    0.00015378700952756175,
    0.00015378700952756175,
    0.0009057602561546307,
    0.0009057602561546307,
    0.0009221565873966941,
    0.0009221565873966941,
    0.0009362914858895288,
    0.0009362914858895288,
    0.001089324620067944,
    0.001089324620067944,
    0.0011081710371060871,
    0.0011081710371060871,
    0.0011757041796785495,
    0.0011757041796785495,
    0.00192346838206231,
    0.00192346838206231,
    0.002531831739849,
    0.002531831739849,
    0.002683796901050417,
    0.002683796901050417,
    0.00311362151069422,
    0.00311362151069422,
    0.003239138838241562,
    0.003239138838241562,
    0.004661668735720659,
    0.004661668735720659,
    0.004865116186829055,
    0.004865116186829055,
    0.005113418104455758,
    0.005113418104455758,
    0.005382545368846359,
    0.005382545368846359,
    0.005550749803343413,
    0.005550749803343413,
    0.005728566044411965,
    0.005728566044411965,
    0.006495804939139205,
    0.006495804939139205,
    0.007160707580053494,
    0.007160707580053494,
    0.007199154456839996,
    0.007199154456839996,
    0.008698577693590503,
    0.008698577693590503,
    0.009213870909729027,
    0.009213870909729027,
    0.01067349660397493,
    0.01067349660397493,
    0.012322183858201496,
    0.012322183858201496,
    0.01448182957646138,
    0.01448182957646138,
    0.015148020263970274,
    0.015148020263970274,
    0.01977177616880904,
    0.01977177616880904,
    0.021982087364677383,
    0.021982087364677383,
    0.023468349721511517,
    0.023468349721511517,
    0.03632313404216153,
    0.03632313404216153,
    0.04312029370775977,
    0.04312029370775977,
    0.05289311867376206,
    0.05289311867376206,
    0.05683391045564423,
    0.05683391045564423,
    0.06722323435142408,
    0.06722323435142408,
    0.1389867026720576,
    0.1389867026720576,
    0.1864282984272851,
    0.1864282984272851,
    0.187110728004436,
    0.187110728004436,
    0.21216839886106115,
    0.21216839886106115,
    0.2765955414837592,
    0.2765955414837592,
    0.3104575181172954,
    0.3104575181172954,
    0.313619763791269,
    0.313619763791269,
    "inf"
  ],
  "clusters": [
    43,
    43,
    42,
    42,
    41,
    41,
    40,
    40,
    39,
    39,
    38,
    38,
    37,
    37,
    36,
    36,
    35,
    35,
    34,
    34,
    33,
    33,
    32,
    32,
    31,
    31,
    30,
    30,
    29,
    29,
    28,
    28,
    27,
    27,
    26,
    26,
    25,
    25,
    24,
    24,
    23,
    23,
    22,
    22,
    21,
    21,
    20,
    20,
    19,
    19,
    18,
    18,
    17,
    17,
    16,
    16,
    15,
    15,
    14,
    14,
    13,
    13,
    12,
    12,
    11,
    11,
    10,
    10,
    9,
    9,
    8,
    8,
    7,
    7,
    6,
    6,
    5,
    5,
    4,
    4,
    3,
    3,
    2,
    2,
    1,
    1
  ]
}
