{
  "info": {
    "datafile": "demo/data/points/points_26500.png",
    "histogram resolution": [
      40,
      40
    ],
    "time_load (ms)": 18.86,
    "time histogram (ms)": 3118.447,
    "time MT (ms)": 21.115
  },
  "threshold": [
    0,
    4.1273719485590554e-05,
    4.1273719485590554e-05,
    5.4466233079975e-05,
    5.4466233079975e-05,
    7.262164231008894e-05,
    7.262164231008894e-05,
    8.169935015894803e-05,
    8.169935015894803e-05,
    9.611687924276913e-05,
    9.611687924276913e-05,
    0.00014247913815879087,
    0.00014247913815879087,
    0.0001424791405757464,
    0.0001424791405757464,
    0.0002951353714256699,
    0.0002951353714256699,
    0.00030757401677250495,
    0.00030757401677250495,
    0.00040708326776495163,
    0.00040708326776495163,
    0.0005015039699948765,
    0.0005015039699948765,
    0.000563351754991892,
    0.000563351754991892,
    0.0008554402236625736,
    0.0008554402236625736,
    0.0010188389386908692,
    0.0010188389386908692,
    0.0012783545234508198,
    0.0012783545234508198,
    0.0020325893342587054,
    0.0020325893342587054,
    0.0026143791368596347,
    0.0026143791368596347,
    0.002852975179773176,
    0.002852975179773176,
    0.0032363118890634257,
    0.0032363118890634257,
    0.00392156874079741,
    0.00392156874079741,
    0.005074971272180984,
    0.005074971272180984,
    0.005786236165566172,
    0.005786236165566172,
    0.007612990942065356,
    0.007612990942065356,
    0.007987878288033878,
    0.007987878288033878,
    0.009521444979953608,
    0.009521444979953608,
    0.00999182095546114,
    0.00999182095546114,
    0.010219485964491848,
    0.010219485964491848,
    0.010492571016489982,
    0.010492571016489982,
    0.012885001901126791,
    0.012885001901126791,
    0.01590734346902145,
    0.01590734346902145,
    0.016414564142961385,
    0.016414564142961385,
    0.03220876640133452,
    0.03220876640133452,
    0.0960880443168457,
    0.0960880443168457,
    0.1022734469562262,
    0.1022734469562262,
    0.12330834361194981,
    0.12330834361194981,
    0.132410613034724,
    0.132410613034724,
    0.13682068151560417,
    0.13682068151560417,
    0.154829340872648,
    0.154829340872648,
    0.25606554221348987,
    0.25606554221348987,
    "inf"
  ],
  "clusters": [
    40,
    40,
    39,
    39,
    38,
    38,
    37,
    37,
    36,
    36,
    35,
    35,
    34,
    34,
    33,
    33,
    32,
    32,
    31,
    31,
    30,
    30,
    29,
    29,
    28,
    28,
    27,
    27,
    26,
    26,
    25,
    25,
    24,
    24,
    23,
    23,
    22,
    22,
    21,
    21,
    20,
    20,
    19,
    19,
    18,
    18,
    17,
    17,
    16,
    16,
    15,
    15,
    14,
    14,
    13,
    13,
    12,
    12,
    11,
    11,
    10,
    10,
    9,
    9,
    8,
    8,
    7,
    7,
    6,
    6,
    5,
    5,
    4,
    4,
    3,
    3,
    2,
    2,
    1,
    1
  ]
}
