{
  "info": {
    "datafile": "demo/data/points/points_63500.png",
    "histogram resolution": [
      40,
      40
    ],
    "time_load (ms)": 17.236,
    "time histogram (ms)": 3037.174,
    "time MT (ms)": 22.625
  },
  "threshold": [
    0,
    6.106248847287388e-05,
    6.106248847287388e-05,
    0.003548848822795103,
    0.003548848822795103,
    0.025762527855544337,
    0.025762527855544337,
    0.02851787833588232,
    0.02851787833588232,
    0.031930027383507475,
    0.031930027383507475,
    0.05362200565071329,
    0.05362200565071329,
    0.06311995445239338,
    0.06311995445239338,
    0.10544021660005493,
    0.10544021660005493,
    "inf"
  ],
  "clusters": [
    9,
    9,
    8,
    8,
    7,
    7,
    6,
    6,
    5,
    5,
    4,
    4,
    3,
    3,
    2,
    2,
    1,
    1
  ]
}
