{
  "info": {
    "datafile": "demo/data/points/points_32500.png",
    "histogram resolution": [
      40,
      40
    ],
    "time_load (ms)": 19.004,
    "time histogram (ms)": 3518.721,
    "time MT (ms)": 24.753
  },
  "threshold": [
    0,
    1.9223376761634547e-05,
    1.9223376761634547e-05,
    2.883506400108704e-05,
    2.883506400108704e-05,
    4.859242459187563e-05,
    4.859242459187563e-05,
    8.141665451977254e-05,
    8.141665451977254e-05,
    9.611688266675245e-05,
    9.611688266675245e-05,
    0.00035619786110702156,
    0.00035619786110702156,
    0.0005265069064787631,
    0.0005265069064787631,
    0.0005959246681966346,
    0.0005959246681966346,
    0.0007734581841007393,
    0.0007734581841007393,
    0.0013942601397685106,
    0.0013942601397685106,
    0.0014342774294264782,
    0.0014342774294264782,
    0.0016339869546721508,
    0.0016339869546721508,
    0.0017877739726328556,
    0.0017877739726328556,
    0.0018742791646361168,
    0.0018742791646361168,
    0.002277970067499302,
    0.002277970067499302,
    0.003188253426548382,
    0.003188253426548382,
    0.003394527889358012,
    0.003394527889358012,
    0.005228758378721332,
    0.005228758378721332,
    0.010362530360334021,
    0.010362530360334021,
    0.012056574523498453,
    0.012056574523498453,
    0.02270334109413885,
    0.02270334109413885,
    0.07349888172812735,
    0.07349888172812735,
    0.0809784708031015,
    0.0809784708031015,
    0.09455526294831224,
    0.09455526294831224,
    0.12215494103364499,
    0.12215494103364499,
    0.13483115624856307,
    0.13483115624856307,
    0.2344087133680351,
    0.2344087133680351,
    "inf"
  ],
  "clusters": [
    28,
    28,
    27,
    27,
    26,
    26,
    25,
    25,
    24,
    24,
    23,
    23,
    22,
    22,
    21,
    21,
    20,
    20,
    19,
    19,
    18,
    18,
    17,
    17,
    16,
    16,
    15,
    15,
    14,
    14,
    13,
    13,
    12,
    12,
    11,
    11,
    10,
    10,
    9,
    9,
    8,
    8,
    7,
    7,
    6,
    6,
    5,
    5,
    4,
    4,
    3,
    3,
    2,
    2,
    1,
    1
  ]
}
