{
  "info": {
    "datafile": "demo/data/points/points_16500.png",
    "histogram resolution": [
      40,
      40
    ],
    "time_load (ms)": 15.738,
    "time histogram (ms)": 2923.934,
    "time MT (ms)": 21.079
  },
  "threshold": [
    0,
    0.0001871448957239119,
    0.0001871448957239119,
    0.00019776205642491052,
    0.00019776205642491052,
    0.00041499873220429695,
    0.00041499873220429695,
    0.00042856835582666397,
    0.00042856835582666397,
    0.0005015040519019132,
    0.0005015040519019132,
    0.000509419327820948,
    0.000509419327820948,
    0.001506208050609359,
    0.001506208050609359,
    0.0015085010121277942,
    0.0015085010121277942,
    0.0017964433603831487,
    0.0017964433603831487,
    0.0022875817593041026,
    0.0022875817593041026,
    0.002385300680896596,
    0.002385300680896596,
    0.002625687001917565,
    0.002625687001917565,
    0.003308556681691166,
    0.003308556681691166,
    0.004519629365805633,
    0.004519629365805633,
    0.005150168611143868,
    0.005150168611143868,
    0.006525770813036569,
    0.006525770813036569,
    0.006940769689048054,
    0.006940769689048054,
    0.00755478680937316,
    0.00755478680937316,
    0.008935477549554982,
    0.008935477549554982,
    0.008989755302987734,
    0.008989755302987734,
    0.010135524973936771,
    0.010135524973936771,
    0.013009702412045299,
    0.013009702412045299,
    0.013813063629379396,
    0.013813063629379396,
    0.014341423834951739,
    0.014341423834951739,
    0.014651416666176253,
    0.014651416666176253,
    0.0154838639372184,
    0.0154838639372184,
    0.01573715959807198,
    0.01573715959807198,
    0.01723856244995592,
    0.01723856244995592,
    0.019175317458004937,
    0.019175317458004937,
    0.020589303612569054,
    0.020589303612569054,
    0.025252165632685508,
    0.025252165632685508,
    0.025999615627441408,
    0.025999615627441408,
    0.03021914693161698,
    0.03021914693161698,
    0.049267250800402174,
    0.049267250800402174,
    0.05262053635579611,
    0.05262053635579611,
    0.05940871278430693,
    0.05940871278430693,
    0.06308603092113396,
    0.06308603092113396,
    0.07158731780581029,
    0.07158731780581029,
    0.07457708595001011,
    0.07457708595001011,
    0.13181694834166818,
    0.13181694834166818,
    0.21053868330127917,
    0.21053868330127917,
    0.2747636669222212,
    0.2747636669222212,
    0.28089196548578055,
    0.28089196548578055,
    0.32270280838779664,
    0.32270280838779664,
    0.32483660349366716,
    0.32483660349366716,
    0.3356492182185106,
    0.3356492182185106,
    "inf"
  ],
  "clusters": [
    47,
    47,
    46,
    46,
    45,
    45,
    44,
    44,
    43,
    43,
    42,
    42,
    41,
    41,
    40,
    40,
    39,
    39,
    38,
    38,
    37,
    37,
    36,
    36,
    35,
    35,
    34,
    34,
    33,
    33,
    32,
    32,
    31,
    31,
    30,
    30,
    29,
    29,
    28,
    28,
    27,
    27,
    26,
    26,
    25,
    25,
    24,
    24,
    23,
    23,
    22,
    22,
    21,
    21,
    20,
    20,
    19,
    19,
    18,
    18,
    17,
    17,
    16,
    16,
    15,
    15,
    14,
    14,
    13,
    13,
    12,
    12,
    11,
    11,
    10,
    10,
    9,
    9,
    8,
    8,
    7,
    7,
    6,
    6,
    5,
    5,
    4,
    4,
    3,
    3,
    2,
    2,
    1,
    1
  ]
}
