{
  "info": {
    "datafile": "demo/data/points/points_41000.png",
    "histogram resolution": [
      40,
      40
    ],
    "time_load (ms)": 18.988,
    "time histogram (ms)": 3196.9,
    "time MT (ms)": 24.29
  },
  "threshold": [
    0,
    9.611688380817274e-06,
    9.611688380817274e-06,
    1.0177081814943811e-05,
    1.0177081814943811e-05,
    1.9223376761634547e-05,
    1.9223376761634547e-05,
    4.070832725988627e-05,
    4.070832725988627e-05,
    5.767013028484813e-05,
    5.767013028484813e-05,
    0.00019063181416306696,
    0.00019063181416306696,
    0.00022389579388704117,
    0.00022389579388704117,
    0.0002450980461650709,
    0.0002450980461650709,
    0.001915395846245449,
    0.001915395846245449,
    0.004352398462243889,
    0.004352398462243889,
    0.010917118426972572,
    0.010917118426972572,
    0.015349865571467891,
    0.015349865571467891,
    0.0540097709165106,
    0.0540097709165106,
    0.0736735878745094,
    0.0736735878745094,
    0.079161861750489,
    0.079161861750489,
    0.0899077289094053,
    0.0899077289094053,
    0.09099491772078044,
    0.09099491772078044,
    0.19782775927188934,
    0.19782775927188934,
    "inf"
  ],
  "clusters": [
    19,
    19,
    18,
    18,
    17,
    17,
    16,
    16,
    15,
    15,
    14,
    14,
    13,
    13,
    12,
    12,
    11,
    11,
    10,
    10,
    9,
    9,
    8,
    8,
    7,
    7,
    6,
    6,
    5,
    5,
    4,
    4,
    3,
    3,
    2,
    2,
    1,
    1
  ]
}
