{
  "info": {
    "datafile": "demo/data/points/points_22500.png",
    "histogram resolution": [
      40,
      40
    ],
    "time_load (ms)": 16.271,
    "time histogram (ms)": 2891.599,
    "time MT (ms)": 21.329
  },
  "threshold": [
    0,
    1.35694438297973e-05,
    1.35694438297973e-05,
    7.689350704642717e-05,
    7.689350704642717e-05,
    0.00021786492800823787,
    0.00021786492800823787,
    0.0002611489230407993,
    0.0002611489230407993,
    0.0005286428392590747,
    0.0005286428392590747,
    0.0007853314238616682,
    0.0007853314238616682,
    0.0009013627548519199,
    0.0009013627548519199,
    0.0010844244905817146,
    0.0010844244905817146,
    0.0017108804861302729,
    0.0017108804861302729,
    0.00173971552958746,
    0.00173971552958746,
    0.0021270100376971635,
    0.0021270100376971635,
    0.002572540023134229,
    0.002572540023134229,
    0.0037966168065573513,
    0.0037966168065573513,
    0.0040176855948041434,
    0.0040176855948041434,
    0.0042483662039524694,
    0.0042483662039524694,
    0.004421376545603095,
    0.004421376545603095,
    0.004538852690192996,
    0.004538852690192996,
    0.004819978978656714,
    0.004819978978656714,
    0.005786236165566172,
    0.005786236165566172,
    0.0058369645148222404,
    0.0058369645148222404,
    0.0063521950396912,
    0.0063521950396912,
    0.009928873781224368,
    0.009928873781224368,
    0.013869665843872891,
    0.013869665843872891,
    0.016378253324501102,
    0.016378253324501102,
    0.016868512263731594,
    0.016868512263731594,
    0.018555363692690174,
    0.018555363692690174,
    0.019290123952992455,
    0.019290123952992455,
    0.02060478911755409,
    0.02060478911755409,
    0.029740258471327607,
    0.029740258471327607,
    0.03700823415570331,
    0.03700823415570331,
    0.0527783442356311,
    0.0527783442356311,
    0.11116199737421162,
    0.11116199737421162,
    0.15405613365674425,
    0.15405613365674425,
    0.16709749799247536,
    0.16709749799247536,
    0.16968473819924484,
    0.16968473819924484,
    0.26301743087781315,
    0.26301743087781315,
    0.26599384989023356,
    0.26599384989023356,
    0.2662149192765355,
    0.2662149192765355,
    "inf"
  ],
  "clusters": [
    39,
    39,
    38,
    38,
    37,
    37,
    36,
    36,
    35,
    35,
    34,
    34,
    33,
    33,
    32,
    32,
    31,
    31,
    30,
    30,
    29,
    29,
    28,
    28,
    27,
    27,
    26,
    26,
    25,
    25,
    24,
    24,
    23,
    23,
    22,
    22,
    21,
    21,
    20,
    20,
    19,
    19,
    18,
    18,
    17,
    17,
    16,
    16,
    15,
    15,
    14,
    14,
    13,
    13,
    12,
    12,
    11,
    11,
    10,
    10,
    9,
    9,
    8,
    8,
    7,
    7,
    6,
    6,
    5,
    5,
    4,
    4,
    3,
    3,
    2,
    2,
    1,
    1
  ]
}
