{
  "info": {
    "datafile": "demo/data/points/points_6500.png",
    "histogram resolution": [
      40,
      40
    ],
    "time_load (ms)": 16.014,
    "time histogram (ms)": 3065.817,
    "time MT (ms)": 21.221
  },
  "threshold": [
    0,
    0.003998461861948577,
    0.003998461861948577,
    0.006936780093225237,
    0.006936780093225237,
    0.008462809194083487,
    0.008462809194083487,
    0.008915123216538756,
    0.008915123216538756,
    0.009837468467019272,
    0.009837468467019272,
    0.014520590664683974,
    0.014520590664683974,
    0.0185048551873504,
    0.0185048551873504,
    0.02328516155786947,
    0.02328516155786947,
    0.025463057743684014,
    0.025463057743684014,
    0.026363163933237455,
    0.026363163933237455,
    0.028648483426758076,
    0.028648483426758076,
    0.029096180774232927,
    0.029096180774232927,
    0.03175808450771184,
    0.03175808450771184,
    0.03231449486623866,
    0.03231449486623866,
    0.034287152185766445,
    0.034287152185766445,
    0.038475586457506705,
    0.038475586457506705,
    0.04022491417765872,
    0.04022491417765872,
    0.04242542484168804,
    0.04242542484168804,
    0.04437716321805124,
    0.04437716321805124,
    0.0451782623810309,
    0.0451782623810309,
    0.05989042716100812,
    0.05989042716100812,
    0.06075708131297758,
    0.06075708131297758,
    0.062056794660018844,
    0.062056794660018844,
    0.0629475091157305,
    0.0629475091157305,
    0.06405228792818374,
    0.06405228792818374,
    0.07943551053616382,
    0.07943551053616382,
    0.09003663797043221,
    0.09003663797043221,
    0.09018646755858384,
    0.09018646755858384,
    0.09205113492869565,
    0.09205113492869565,
    0.0927239518667407,
    0.0927239518667407,
    0.09588299400448569,
    0.09588299400448569,
    0.10227288206061186,
    0.10227288206061186,
    0.1032871976540442,
    0.1032871976540442,
    0.10542846818592538,
    0.10542846818592538,
    0.11053921602433547,
    0.11053921602433547,
    0.1251264608310243,
    0.1251264608310243,
    0.13375998611122164,
    0.13375998611122164,
    0.14947829871820917,
    0.14947829871820917,
    0.16923864228025748,
    0.16923864228025748,
    0.17806817042956302,
    0.17806817042956302,
    0.23864058742625838,
    0.23864058742625838,
    0.24056798226228115,
    0.24056798226228115,
    0.28548352583365205,
    0.28548352583365205,
    0.3897042811492763,
    0.3897042811492763,
    0.44096275281876474,
    0.44096275281876474,
    0.44284943930884874,
    0.44284943930884874,
    0.487164660077187,
    0.487164660077187,
    0.5061062498172829,
    0.5061062498172829,
    "inf"
  ],
  "clusters": [
    49,
    49,
    48,
    48,
    47,
    47,
    46,
    46,
    45,
    45,
    44,
    44,
    43,
    43,
    42,
    42,
    41,
    41,
    40,
    40,
    39,
    39,
    38,
    38,
    37,
    37,
    36,
    36,
    35,
    35,
    34,
    34,
    33,
    33,
    32,
    32,
    31,
    31,
    30,
    30,
    29,
    29,
    28,
    28,
    27,
    27,
    26,
    26,
    25,
    25,
    24,
    24,
    23,
    23,
    22,
    22,
    21,
    21,
    20,
    20,
    19,
    19,
    18,
    18,
    17,
    17,
    16,
    16,
    15,
    15,
    14,
    14,
    13,
    13,
    12,
    12,
    11,
    11,
    10,
    10,
    9,
    9,
    8,
    8,
    7,
    7,
    6,
    6,
    5,
    5,
    4,
    4,
    3,
    3,
    2,
    2,
    1,
    1
  ]
}
