{
  "info": {
    "datafile": "demo/data/points/points_11000.png",
    "histogram resolution": [
      40,
      40
    ],
    "time_load (ms)": 16.214,
    "time histogram (ms)": 2859.183,
    "time MT (ms)": 21.115
  },
  "threshold": [
    0,
    0.003161679678276963,
    0.003161679678276963,
    0.00414263714543156,
    0.00414263714543156,
    0.0045384131777481684,
    0.0045384131777481684,
    0.006632221595633148,
    0.006632221595633148,
    0.010736255629179903,
    0.010736255629179903,
    0.01123449296393958,
    0.01123449296393958,
    0.012282040983456255,
    0.012282040983456255,
    0.012565145915788056,
    0.012565145915788056,
    0.013541737292539324,
    0.013541737292539324,
    0.014504445652481268,
    0.014504445652481268,
    0.017864924311180863,
    0.017864924311180863,
    0.0224279314136816,
    0.0224279314136816,
    0.023994164958753617,
    0.023994164958753617,
    0.024932718568700607,
    0.024932718568700607,
    0.02956168856113195,
    0.02956168856113195,
    0.029637922462362742,
    0.029637922462362742,
    0.03135954433189536,
    0.03135954433189536,
    0.032496080783986914,
    0.032496080783986914,
    0.033929258464122425,
    0.033929258464122425,
    0.03497580163416614,
    0.03497580163416614,
    0.035348396031416984,
    0.035348396031416984,
    0.0362590564632852,
    0.0362590564632852,
    0.038831218890186314,
    0.038831218890186314,
    0.04318317800194932,
    0.04318317800194932,
    0.044076373482339504,
    0.044076373482339504,
    0.046123819947034794,
    0.046123819947034794,
    0.04792952965144731,
    0.04792952965144731,
    0.052548228634946736,
    0.052548228634946736,
    0.05616109246529605,
    0.05616109246529605,
    0.057910419674133684,
    0.057910419674133684,
    0.06943822535283373,
    0.06943822535283373,
    0.07373295430815857,
    0.07373295430815857,
    0.07378091807702908,
    0.07378091807702908,
    0.09019127399594701,
    0.09019127399594701,
    0.09046407573965981,
    0.09046407573965981,
    0.09778931309176864,
    0.09778931309176864,
    0.11479238851803958,
    0.11479238851803958,
    0.1445750520865926,
    0.1445750520865926,
    0.32404951292152506,
    0.32404951292152506,
    0.374413687900147,
    0.374413687900147,
    0.3811525504671906,
    0.3811525504671906,
    0.39715494223477715,
    0.39715494223477715,
    0.3986233945361243,
    0.3986233945361243,
    0.5052095362962241,
    0.5052095362962241,
    "inf"
  ],
  "clusters": [
    45,
    45,
    44,
    44,
    43,
    43,
    42,
    42,
    41,
    41,
    40,
    40,
    39,
    39,
    38,
    38,
    37,
    37,
    36,
    36,
    35,
    35,
    34,
    34,
    33,
    33,
    32,
    32,
    31,
    31,
    30,
    30,
    29,
    29,
    28,
    28,
    27,
    27,
    26,
    26,
    25,
    25,
    24,
    24,
    23,
    23,
    22,
    22,
    21,
    21,
    20,
    20,
    19,
    19,
    18,
    18,
    17,
    17,
    16,
    16,
    15,
    15,
    14,
    14,
    13,
    13,
    12,
    12,
    11,
    11,
    10,
    10,
    9,
    9,
    8,
    8,
    7,
    7,
    6,
    6,
    5,
    5,
    4,
    4,
    3,
    3,
    2,
    2,
    1,
    1
  ]
}
