{
  "info": {
    "datafile": "demo/data/points/points_23000.png",
    "histogram resolution": [
      40,
      40
    ],
    "time_load (ms)": 16.198,
    "time histogram (ms)": 3007.887,
    "time MT (ms)": 22.187
  },
  "threshold": [
    0,
    7.689350704642717e-05,
    7.689350704642717e-05,
    9.555148936685187e-05,
    9.555148936685187e-05,
    0.00010516317533071362,
    0.00010516317533071362,
    0.00021786492800823787,
    0.00021786492800823787,
    0.0003177196927868775,
    0.0003177196927868775,
    0.00038327389998660255,
    0.00038327389998660255,
    0.0005286428392590747,
    0.0005286428392590747,
    0.0008158626680981329,
    0.0008158626680981329,
    0.0010844244905817146,
    0.0010844244905817146,
    0.0017108804861302729,
    0.0017108804861302729,
    0.00173971552958746,
    0.00173971552958746,
    0.0021270100376971635,
    0.0021270100376971635,
    0.0023181129934700118,
    0.0023181129934700118,
    0.0037966168065573513,
    0.0037966168065573513,
    0.0040176855948041434,
    0.0040176855948041434,
    0.0042483662039524694,
    0.0042483662039524694,
    0.004354094734926706,
    0.004354094734926706,
    0.005155822665257659,
    0.005155822665257659,
    0.005267205040938416,
    0.005267205040938416,
    0.005786236165566172,
    0.005786236165566172,
    0.0058369645148222404,
    0.0058369645148222404,
    0.0063929033717849415,
    0.0063929033717849415,
    0.006635802628739751,
    0.006635802628739751,
    0.010506862910256987,
    0.010506862910256987,
    0.013869665843872891,
    0.013869665843872891,
    0.016414564142961385,
    0.016414564142961385,
    0.016868512263731594,
    0.016868512263731594,
    0.018545752005450722,
    0.018545752005450722,
    0.019290123952992455,
    0.019290123952992455,
    0.03175249364940852,
    0.03175249364940852,
    0.03758832780586352,
    0.03758832780586352,
    0.04587828293668306,
    0.04587828293668306,
    0.11116199737421162,
    0.11116199737421162,
    0.15405613365674425,
    0.15405613365674425,
    0.16709749799247536,
    0.16709749799247536,
    0.16968473819924484,
    0.16968473819924484,
    0.2371005826151102,
    0.2371005826151102,
    0.26599384989023356,
    0.26599384989023356,
    0.2662149192765355,
    0.2662149192765355,
    "inf"
  ],
  "clusters": [
    40,
    40,
    39,
    39,
    38,
    38,
    37,
    37,
    36,
    36,
    35,
    35,
    34,
    34,
    33,
    33,
    32,
    32,
    31,
    31,
    30,
    30,
    29,
    29,
    28,
    28,
    27,
    27,
    26,
    26,
    25,
    25,
    24,
    24,
    23,
    23,
    22,
    22,
    21,
    21,
    20,
    20,
    19,
    19,
    18,
    18,
    17,
    17,
    16,
    16,
    15,
    15,
    14,
    14,
    13,
    13,
    12,
    12,
    11,
    11,
    10,
    10,
    9,
    9,
    8,
    8,
    7,
    7,
    6,
    6,
    5,
    5,
    4,
    4,
    3,
    3,
    2,
    2,
    1,
    1
  ]
}
