{
  "info": {
    "datafile": "demo/data/points/points_35000.png",
    "histogram resolution": [
      40,
      40
    ],
    "time_load (ms)": 17.846,
    "time histogram (ms)": 3093.932,
    "time MT (ms)": 22.418
  },
  "threshold": [
    0,
    5.767012914348335e-05,
    5.767012914348335e-05,
    5.767013028484813e-05,
    5.767013028484813e-05,
    8.141665451977254e-05,
    8.141665451977254e-05,
    0.00035619786110702156,
    0.00035619786110702156,
    0.0005959246681966346,
    0.0005959246681966346,
    0.00061728397418781,
    0.00061728397418781,
    0.0007429269422812301,
    0.0007429269422812301,
    0.0011437908613908254,
    0.0011437908613908254,
    0.0013433747319021028,
    0.0013433747319021028,
    0.0013914331497711374,
    0.0013914331497711374,
    0.0015522876034352873,
    0.0015522876034352873,
    0.0016690413354796263,
    0.0016690413354796263,
    0.003085351915454837,
    0.003085351915454837,
    0.00556516739786328,
    0.00556516739786328,
    0.010247190105471038,
    0.010247190105471038,
    0.011934449546552706,
    0.011934449546552706,
    0.06990637195499605,
    0.06990637195499605,
    0.08004613706782715,
    0.08004613706782715,
    0.09455526294831224,
    0.09455526294831224,
    0.11996347613760505,
    0.11996347613760505,
    0.12532679879115205,
    0.12532679879115205,
    0.23166090214566992,
    0.23166090214566992,
    "inf"
  ],
  "clusters": [
    23,
    23,
    22,
    22,
    21,
    21,
    20,
    20,
    19,
    19,
    18,
    18,
    17,
    17,
    16,
    16,
    15,
    15,
    14,
    14,
    13,
    13,
    12,
    12,
    11,
    11,
    10,
    10,
    9,
    9,
    8,
    8,
    7,
    7,
    6,
    6,
    5,
    5,
    4,
    4,
    3,
    3,
    2,
    2,
    1,
    1
  ]
}
