{
  "info": {
    "datafile": "demo/data/points/points_30500.png",
    "histogram resolution": [
      40,
      40
    ],
    "time_load (ms)": 18.528,
    "time histogram (ms)": 3210.03,
    "time MT (ms)": 24.901
  },
  "threshold": [
    0,
    9.611688380817274e-06,
    9.611688380817274e-06,
    2.883506400108704e-05,
    2.883506400108704e-05,
    3.8446753523213584e-05,
    3.8446753523213584e-05,
    8.141665451977254e-05,
    8.141665451977254e-05,
    0.00016339870133236234,
    0.00016339870133236234,
    0.000193364552067532,
    0.000193364552067532,
    0.0002238957926785634,
    0.0002238957926785634,
    0.0003663749429220209,
    0.0003663749429220209,
    0.0007400999432465305,
    0.0007400999432465305,
    0.0007734581841007393,
    0.0007734581841007393,
    0.0008896151121324247,
    0.0008896151121324247,
    0.0013942601397685106,
    0.0013942601397685106,
    0.0016544039763433105,
    0.0016544039763433105,
    0.0017877739726328556,
    0.0017877739726328556,
    0.0025236021039610756,
    0.0025236021039610756,
    0.0030565168160726075,
    0.0030565168160726075,
    0.003188253426548382,
    0.003188253426548382,
    0.003239672860875842,
    0.003239672860875842,
    0.003384916200977195,
    0.003384916200977195,
    0.0091118803156503,
    0.0091118803156503,
    0.009544406168381925,
    0.009544406168381925,
    0.01643271955650316,
    0.01643271955650316,
    0.02976796336014431,
    0.02976796336014431,
    0.05209647886735158,
    0.05209647886735158,
    0.0809784708031015,
    0.0809784708031015,
    0.11513332082893196,
    0.11513332082893196,
    0.12279892521088615,
    0.12279892521088615,
    0.12323145010490338,
    0.12323145010490338,
    0.1353939740069176,
    0.1353939740069176,
    0.24648890944252555,
    0.24648890944252555,
    "inf"
  ],
  "clusters": [
    31,
    31,
    30,
    30,
    29,
    29,
    28,
    28,
    27,
    27,
    26,
    26,
    25,
    25,
    24,
    24,
    23,
    23,
    22,
    22,
    21,
    21,
    20,
    20,
    19,
    19,
    18,
    18,
    17,
    17,
    16,
    16,
    15,
    15,
    14,
    14,
    13,
    13,
    12,
    12,
    11,
    11,
    10,
    10,
    9,
    9,
    8,
    8,
    7,
    7,
    6,
    6,
    5,
    5,
    4,
    4,
    3,
    3,
    2,
    2,
    1,
    1
  ]
}
