{
  "info": {
    "datafile": "demo/data/points/points_62500.png",
    "histogram resolution": [
      40,
      40
    ],
    "time_load (ms)": 18.707,
    "time histogram (ms)": 3387.488,
    "time MT (ms)": 22.59
  },
  "threshold": [
    0,
    6.106248847287388e-05,
    6.106248847287388e-05,
    0.003548848822795103,
    0.003548848822795103,
    0.02851787833588232,
    0.02851787833588232,
    0.032281702521311906,
    0.032281702521311906,
    0.05362200565071329,
    0.05362200565071329,
    0.06256354469331671,
    0.06256354469331671,
    0.06311995445239338,
    0.06311995445239338,
    0.10544021660005493,
    0.10544021660005493,
    "inf"
  ],
  "clusters": [
    9,
    9,
    8,
    8,
    7,
    7,
    6,
    6,
    5,
    5,
    4,
    4,
    3,
    3,
    2,
    2,
    1,
    1
  ]
}
