{
  "info": {
    "datafile": "demo/data/points/points_15500.png",
    "histogram resolution": [
      40,
      40
    ],
    "time_load (ms)": 16.086,
    "time histogram (ms)": 3066.593,
    "time MT (ms)": 20.413
  },
  "threshold": [
    0,
    7.519734332672723e-05,
    7.519734332672723e-05,
    8.198210260329519e-05,
    8.198210260329519e-05,
    0.00023520333762794277,
    0.00023520333762794277,
    0.0003267975351928798,
    0.0003267975351928798,
    0.0013560960805267808,
    0.0013560960805267808,
    0.001506208050609359,
    0.001506208050609359,
    0.001516385116512864,
    0.001516385116512864,
    0.0019741340010646646,
    0.0019741340010646646,
    0.002307339205177339,
    0.002307339205177339,
    0.0029208223636755237,
    0.0029208223636755237,
    0.004984194302689426,
    0.004984194302689426,
    0.005273989770741949,
    0.005273989770741949,
    0.005576380962862726,
    0.005576380962862726,
    0.005823552191167258,
    0.005823552191167258,
    0.006401918275007357,
    0.006401918275007357,
    0.006636022514907469,
    0.006636022514907469,
    0.009148190938563283,
    0.009148190938563283,
    0.010539215876799957,
    0.010539215876799957,
    0.01122645164301217,
    0.01122645164301217,
    0.014522977944499693,
    0.014522977944499693,
    0.014792387647663885,
    0.014792387647663885,
    0.015237352414625482,
    0.015237352414625482,
    0.01535093369916557,
    0.01535093369916557,
    0.01573715959807198,
    0.01573715959807198,
    0.017760640404644423,
    0.017760640404644423,
    0.020163719220153364,
    0.020163719220153364,
    0.021825316082256463,
    0.021825316082256463,
    0.025629283247500523,
    0.025629283247500523,
    0.026919919314507657,
    0.026919919314507657,
    0.03484236849951283,
    0.03484236849951283,
    0.04003908820476937,
    0.04003908820476937,
    0.05045796919994339,
    0.05045796919994339,
    0.0560870263086376,
    0.0560870263086376,
    0.06308433473861591,
    0.06308433473861591,
    0.06397200293243877,
    0.06397200293243877,
    0.07509611710659503,
    0.07509611710659503,
    0.08027361381610282,
    0.08027361381610282,
    0.11934267366545342,
    0.11934267366545342,
    0.28089196548578055,
    0.28089196548578055,
    0.28293391599911843,
    0.28293391599911843,
    0.28733858145905533,
    0.28733858145905533,
    0.32270280838779664,
    0.32270280838779664,
    0.34401886250310393,
    0.34401886250310393,
    0.3726643618269294,
    0.3726643618269294,
    "inf"
  ],
  "clusters": [
    45,
    45,
    44,
    44,
    43,
    43,
    42,
    42,
    41,
    41,
    40,
    40,
    39,
    39,
    38,
    38,
    37,
    37,
    36,
    36,
    35,
    35,
    34,
    34,
    33,
    33,
    32,
    32,
    31,
    31,
    30,
    30,
    29,
    29,
    28,
    28,
    27,
    27,
    26,
    26,
    25,
    25,
    24,
    24,
    23,
    23,
    22,
    22,
    21,
    21,
    20,
    20,
    19,
    19,
    18,
    18,
    17,
    17,
    16,
    16,
    15,
    15,
    14,
    14,
    13,
    13,
    12,
    12,
    11,
    11,
    10,
    10,
    9,
    9,
    8,
    8,
    7,
    7,
    6,
    6,
    5,
    5,
    4,
    4,
    3,
    3,
    2,
    2,
    1,
    1
  ]
}
