{
  "info": {
    "datafile": "demo/data/points/points_33500.png",
    "histogram resolution": [
      40,
      40
    ],
    "time_load (ms)": 18.809,
    "time histogram (ms)": 3223.722,
    "time MT (ms)": 24.068
  },
  "threshold": [
    0,
    1.9223376761634547e-05,
    1.9223376761634547e-05,
    2.0354163629943134e-05,
    2.0354163629943134e-05,
    2.0354163629943134e-05,
    2.0354163629943134e-05,
    4.859242459187563e-05,
    4.859242459187563e-05,
    8.141665451977254e-05,
    8.141665451977254e-05,
    0.00035619786110702156,
    0.00035619786110702156,
    0.0005265069064787631,
    0.0005265069064787631,
    0.0005959246681966346,
    0.0005959246681966346,
    0.0007734581841007393,
    0.0007734581841007393,
    0.001161946307143391,
    0.001161946307143391,
    0.0013433747319021028,
    0.0013433747319021028,
    0.0014342774294264782,
    0.0014342774294264782,
    0.0015522876034352873,
    0.0015522876034352873,
    0.0017877739726328556,
    0.0017877739726328556,
    0.0018330054196384893,
    0.0018330054196384893,
    0.0018742791646361168,
    0.0018742791646361168,
    0.002277970067499302,
    0.002277970067499302,
    0.00367166479483394,
    0.00367166479483394,
    0.009505394098564823,
    0.009505394098564823,
    0.0102568017938518,
    0.0102568017938518,
    0.011934449546552706,
    0.011934449546552706,
    0.07005902818342907,
    0.07005902818342907,
    0.0809784708031015,
    0.0809784708031015,
    0.09455526294831224,
    0.09455526294831224,
    0.11996347613760505,
    0.11996347613760505,
    0.13449528114331233,
    0.13449528114331233,
    0.2344087133680351,
    0.2344087133680351,
    "inf"
  ],
  "clusters": [
    28,
    28,
    27,
    27,
    26,
    26,
    25,
    25,
    24,
    24,
    23,
    23,
    22,
    22,
    21,
    21,
    20,
    20,
    19,
    19,
    18,
    18,
    17,
    17,
    16,
    16,
    15,
    15,
    14,
    14,
    13,
    13,
    12,
    12,
    11,
    11,
    10,
    10,
    9,
    9,
    8,
    8,
    7,
    7,
    6,
    6,
    5,
    5,
    4,
    4,
    3,
    3,
    2,
    2,
    1,
    1
  ]
}
