{
  "info": {
    "datafile": "demo/data/points/points_5000.png",
    "histogram resolution": [
      40,
      40
    ],
    "time_load (ms)": 15.663,
    "time histogram (ms)": 2894.893,
    "time MT (ms)": 20.934
  },
  "threshold": [
    0,
    0.0016756371524203617,
    0.0016756371524203617,
    0.007879134952334776,
    0.007879134952334776,
    0.01462277004816448,
    0.01462277004816448,
    0.016637831542860027,
    0.016637831542860027,
    0.0177239520708099,
    0.0177239520708099,
    0.018662725740902386,
    0.018662725740902386,
    0.02482190072502094,
    0.02482190072502094,
    0.02590349860781549,
    0.02590349860781549,
    0.028754777547870092,
    0.028754777547870092,
    0.029505306221795702,
    0.029505306221795702,
    0.029940407238124578,
    0.029940407238124578,
    0.041664970553971004,
    0.041664970553971004,
    0.04228633848655938,
    0.04228633848655938,
    0.04294181734623803,
    0.04294181734623803,
    0.044598231274707634,
    0.044598231274707634,
    0.04593906214223337,
    0.04593906214223337,
    0.04785433127636124,
    0.04785433127636124,
    0.05531526408637605,
    0.05531526408637605,
    0.06056591565067648,
    0.06056591565067648,
    0.06306624161753582,
    0.06306624161753582,
    0.06547748757832411,
    0.06547748757832411,
    0.06664744381537185,
    0.06664744381537185,
    0.0732133576066788,
    0.0732133576066788,
    0.08018069976812925,
    0.08018069976812925,
    0.08077822673293783,
    0.08077822673293783,
    0.09005812166010024,
    0.09005812166010024,
    0.09017685492404315,
    0.09017685492404315,
    0.09112841222097406,
    0.09112841222097406,
    0.09467738772707002,
    0.09467738772707002,
    0.09667756014841122,
    0.09667756014841122,
    0.10693002654714329,
    0.10693002654714329,
    0.11144695560756168,
    0.11144695560756168,
    0.11709787404320371,
    0.11709787404320371,
    0.13536406949812785,
    0.13536406949812785,
    0.1404625361552969,
    0.1404625361552969,
    0.16679375521683448,
    0.16679375521683448,
    0.17227989328367743,
    0.17227989328367743,
    0.17354329584028438,
    0.17354329584028438,
    0.17927560052420527,
    0.17927560052420527,
    0.1958330504297071,
    0.1958330504297071,
    0.2201460985895976,
    0.2201460985895976,
    0.27881584047823776,
    0.27881584047823776,
    0.3039766634076026,
    0.3039766634076026,
    0.38428435770924074,
    0.38428435770924074,
    0.39415609401961166,
    0.39415609401961166,
    0.46783137748731163,
    0.46783137748731163,
    0.47184149343733456,
    0.47184149343733456,
    0.5246978288895695,
    0.5246978288895695,
    0.5358686830749794,
    0.5358686830749794,
    "inf"
  ],
  "clusters": [
    50,
    50,
    49,
    49,
    48,
    48,
    47,
    47,
    46,
    46,
    45,
    45,
    44,
    44,
    43,
    43,
    42,
    42,
    41,
    41,
    40,
    40,
    39,
    39,
    38,
    38,
    37,
    37,
    36,
    36,
    35,
    35,
    34,
    34,
    33,
    33,
    32,
    32,
    31,
    31,
    30,
    30,
    29,
    29,
    28,
    28,
    27,
    27,
    26,
    26,
    25,
    25,
    24,
    24,
    23,
    23,
    22,
    22,
    21,
    21,
    20,
    20,
    19,
    19,
    18,
    18,
    17,
    17,
    16,
    16,
    15,
    15,
    14,
    14,
    13,
    13,
    12,
    12,
    11,
    11,
    10,
    10,
    9,
    9,
    8,
    8,
    7,
    7,
    6,
    6,
    5,
    5,
    4,
    4,
    3,
    3,
    2,
    2,
    1,
    1
  ]
}
