{
  "info": {
    "datafile": "demo/data/points/points_24500.png",
    "histogram resolution": [
      40,
      40
    ],
    "time_load (ms)": 16.467,
    "time histogram (ms)": 3215.409,
    "time MT (ms)": 27.141
  },
  "threshold": [
    0,
    3.731596652062352e-05,
    3.731596652062352e-05,
    5.4466233079975e-05,
    5.4466233079975e-05,
    6.728181524168209e-05,
    6.728181524168209e-05,
    0.00010516317533071362,
    0.00010516317533071362,
    0.00015265621876531243,
    0.00015265621876531243,
    0.00015265622359916797,
    0.00015265622359916797,
    0.00015717937120679482,
    0.00015717937120679482,
    0.00021786492800823787,
    0.00021786492800823787,
    0.0002951353714256699,
    0.0002951353714256699,
    0.0004998078905320003,
    0.0004998078905320003,
    0.00054893418824431,
    0.00054893418824431,
    0.0009686445645137876,
    0.0009686445645137876,
    0.0010572856922140828,
    0.0010572856922140828,
    0.0015367393190151013,
    0.0015367393190151013,
    0.0019251647457156351,
    0.0019251647457156351,
    0.002575932417576199,
    0.002575932417576199,
    0.0037966168065573513,
    0.0037966168065573513,
    0.004538852663245052,
    0.004538852663245052,
    0.004823936608694124,
    0.004823936608694124,
    0.005786236165566172,
    0.005786236165566172,
    0.006045751830599466,
    0.006045751830599466,
    0.009359114294595738,
    0.009359114294595738,
    0.010486508746627043,
    0.010486508746627043,
    0.01382160740311017,
    0.01382160740311017,
    0.01525695286544082,
    0.01525695286544082,
    0.0156286045025541,
    0.0156286045025541,
    0.016414564142961385,
    0.016414564142961385,
    0.01791505582564573,
    0.01791505582564573,
    0.02583514937389364,
    0.02583514937389364,
    0.04225524194106767,
    0.04225524194106767,
    0.10121389970034594,
    0.10121389970034594,
    0.13310265382203984,
    0.13310265382203984,
    0.15480584543947057,
    0.15480584543947057,
    0.16709749799247536,
    0.16709749799247536,
    0.19814814917562118,
    0.19814814917562118,
    0.2333514903374534,
    0.2333514903374534,
    0.26599384989023356,
    0.26599384989023356,
    "inf"
  ],
  "clusters": [
    38,
    38,
    37,
    37,
    36,
    36,
    35,
    35,
    34,
    34,
    33,
    33,
    32,
    32,
    31,
    31,
    30,
    30,
    29,
    29,
    28,
    28,
    27,
    27,
    26,
    26,
    25,
    25,
    24,
    24,
    23,
    23,
    22,
    22,
    21,
    21,
    20,
    20,
    19,
    19,
    18,
    18,
    17,
    17,
    16,
    16,
    15,
    15,
    14,
    14,
    13,
    13,
    12,
    12,
    11,
    11,
    10,
    10,
    9,
    9,
    8,
    8,
    7,
    7,
    6,
    6,
    5,
    5,
    4,
    4,
    3,
    3,
    2,
    2,
    1,
    1
  ]
}
