{
  "info": {
    "datafile": "demo/data/points/points_39000.png",
    "histogram resolution": [
      40,
      40
    ],
    "time_load (ms)": 18.159,
    "time histogram (ms)": 2943.517,
    "time MT (ms)": 21.55
  },
  "threshold": [
    0,
    9.611688380817274e-06,
    9.611688380817274e-06,
    4.070832725988627e-05,
    4.070832725988627e-05,
    4.805844076272159e-05,
    4.805844076272159e-05,
    5.767013028484813e-05,
    5.767013028484813e-05,
    0.0001730103862891963,
    0.0001730103862891963,
    0.00019063181416306696,
    0.00019063181416306696,
    0.00046814575261244773,
    0.00046814575261244773,
    0.00061728397418781,
    0.00061728397418781,
    0.0007225727931528536,
    0.0007225727931528536,
    0.0007429269422812301,
    0.0007429269422812301,
    0.00232037456680384,
    0.00232037456680384,
    0.004363706320588134,
    0.004363706320588134,
    0.010918217794340657,
    0.010918217794340657,
    0.0540097709165106,
    0.0540097709165106,
    0.07403883199189226,
    0.07403883199189226,
    0.08004613706782715,
    0.08004613706782715,
    0.09169390105375053,
    0.09169390105375053,
    0.0923264820827977,
    0.0923264820827977,
    0.19782775927188934,
    0.19782775927188934,
    "inf"
  ],
  "clusters": [
    20,
    20,
    19,
    19,
    18,
    18,
    17,
    17,
    16,
    16,
    15,
    15,
    14,
    14,
    13,
    13,
    12,
    12,
    11,
    11,
    10,
    10,
    9,
    9,
    8,
    8,
    7,
    7,
    6,
    6,
    5,
    5,
    4,
    4,
    3,
    3,
    2,
    2,
    1,
    1
  ]
}
