{
  "info": {
    "datafile": "demo/data/points/points_40500.png",
    "histogram resolution": [
      40,
      40
    ],
    "time_load (ms)": 18.593,
    "time histogram (ms)": 3271.362,
    "time MT (ms)": 21.763
  },
  "threshold": [
    0,
    9.611688380817274e-06,
    9.611688380817274e-06,
    4.070832725988627e-05,
    4.070832725988627e-05,
    4.070832725988627e-05,
    4.070832725988627e-05,
    5.767013028484813e-05,
    5.767013028484813e-05,
    0.0001730103862891963,
    0.0001730103862891963,
    0.00019063181416306696,
    0.00019063181416306696,
    0.00022389579388704117,
    0.00022389579388704117,
    0.0002450980461650709,
    0.0002450980461650709,
    0.0006004478162070503,
    0.0006004478162070503,
    0.00232037456680384,
    0.00232037456680384,
    0.010908040713734135,
    0.010908040713734135,
    0.015349865571467891,
    0.015349865571467891,
    0.0540097709165106,
    0.0540097709165106,
    0.0736735878745094,
    0.0736735878745094,
    0.08004613706782715,
    0.08004613706782715,
    0.0899077289094053,
    0.0899077289094053,
    0.09099491772078044,
    0.09099491772078044,
    0.19782775927188934,
    0.19782775927188934,
    "inf"
  ],
  "clusters": [
    19,
    19,
    18,
    18,
    17,
    17,
    16,
    16,
    15,
    15,
    14,
    14,
    13,
    13,
    12,
    12,
    11,
    11,
    10,
    10,
    9,
    9,
    8,
    8,
    7,
    7,
    6,
    6,
    5,
    5,
    4,
    4,
    3,
    3,
    2,
    2,
    1,
    1
  ]
}
