{
  "info": {
    "datafile": "demo/data/points/points_27000.png",
    "histogram resolution": [
      40,
      40
    ],
    "time_load (ms)": 16.915,
    "time histogram (ms)": 3369.415,
    "time MT (ms)": 23.654
  },
  "threshold": [
    0,
    9.077705692972504e-06,
    9.077705692972504e-06,
    4.1273719485590554e-05,
    4.1273719485590554e-05,
    5.4466233079975e-05,
    5.4466233079975e-05,
    8.169935015894803e-05,
    8.169935015894803e-05,
    9.159373270933857e-05,
    9.159373270933857e-05,
    9.611687924276913e-05,
    9.611687924276913e-05,
    0.00014247913815879087,
    0.00014247913815879087,
    0.0002951353714256699,
    0.0002951353714256699,
    0.00030757401677250495,
    0.00030757401677250495,
    0.00040708326776495163,
    0.00040708326776495163,
    0.0005015039699948765,
    0.0005015039699948765,
    0.0005486514894497141,
    0.0005486514894497141,
    0.0008554402236625736,
    0.0008554402236625736,
    0.000903498682686521,
    0.000903498682686521,
    0.0011194789552021467,
    0.0011194789552021467,
    0.0012783545234508198,
    0.0012783545234508198,
    0.0018358324099715384,
    0.0018358324099715384,
    0.002852975179773176,
    0.002852975179773176,
    0.0032363118890634257,
    0.0032363118890634257,
    0.0032685393763753345,
    0.0032685393763753345,
    0.003912491027558973,
    0.003912491027558973,
    0.004517493439809894,
    0.004517493439809894,
    0.005074971272180984,
    0.005074971272180984,
    0.005786236165566172,
    0.005786236165566172,
    0.00765143769558857,
    0.00765143769558857,
    0.008202727706007218,
    0.008202727706007218,
    0.00945127344497565,
    0.00945127344497565,
    0.010008028845223282,
    0.010008028845223282,
    0.012885001901126791,
    0.012885001901126791,
    0.01590734346902145,
    0.01590734346902145,
    0.016414564142961385,
    0.016414564142961385,
    0.03220876640133452,
    0.03220876640133452,
    0.0960880443168457,
    0.0960880443168457,
    0.1022734469562262,
    0.1022734469562262,
    0.12323145010490338,
    0.12323145010490338,
    0.132410613034724,
    0.132410613034724,
    0.13682068151560417,
    0.13682068151560417,
    0.154829340872648,
    0.154829340872648,
    0.25606554221348987,
    0.25606554221348987,
    "inf"
  ],
  "clusters": [
    40,
    40,
    39,
    39,
    38,
    38,
    37,
    37,
    36,
    36,
    35,
    35,
    34,
    34,
    33,
    33,
    32,
    32,
    31,
    31,
    30,
    30,
    29,
    29,
    28,
    28,
    27,
    27,
    26,
    26,
    25,
    25,
    24,
    24,
    23,
    23,
    22,
    22,
    21,
    21,
    20,
    20,
    19,
    19,
    18,
    18,
    17,
    17,
    16,
    16,
    15,
    15,
    14,
    14,
    13,
    13,
    12,
    12,
    11,
    11,
    10,
    10,
    9,
    9,
    8,
    8,
    7,
    7,
    6,
    6,
    5,
    5,
    4,
    4,
    3,
    3,
    2,
    2,
    1,
    1
  ]
}
