{
  "info": {
    "datafile": "demo/data/points/points_46000.png",
    "histogram resolution": [
      40,
      40
    ],
    "time_load (ms)": 16.718,
    "time histogram (ms)": 3729.716,
    "time MT (ms)": 24.204
  },
  "threshold": [
    0,
    9.611688380817274e-06,
    9.611688380817274e-06,
    1.0177081814943811e-05,
    1.0177081814943811e-05,
    5.446623200205947e-05,
    5.446623200205947e-05,
    0.00011534025600434816,
    0.00011534025600434816,
    0.00022389579388704117,
    0.00022389579388704117,
    0.0016884532351805759,
    0.0016884532351805759,
    0.005738177738499384,
    0.005738177738499384,
    0.005916842093504293,
    0.005916842093504293,
    0.008229740878337832,
    0.008229740878337832,
    0.048819459198126525,
    0.048819459198126525,
    0.05353144830685741,
    0.05353144830685741,
    0.06673394918998737,
    0.06673394918998737,
    0.0772058835028912,
    0.0772058835028912,
    0.07752787481591689,
    0.07752787481591689,
    0.16929065809566896,
    0.16929065809566896,
    "inf"
  ],
  "clusters": [
    16,
    16,
    15,
    15,
    14,
    14,
    13,
    13,
    12,
    12,
    11,
    11,
    10,
    10,
    9,
    9,
    8,
    8,
    7,
    7,
    6,
    6,
    5,
    5,
    4,
    4,
    3,
    3,
    2,
    2,
    1,
    1
  ]
}
