{
  "info": {
    "datafile": "demo/data/points/points_52500.png",
    "histogram resolution": [
      40,
      40
    ],
    "time_load (ms)": 16.727,
    "time histogram (ms)": 3273.034,
    "time MT (ms)": 24.243
  },
  "threshold": [
    0,
    9.611688380817274e-06,
    9.611688380817274e-06,
    2.7233116001001978e-05,
    2.7233116001001978e-05,
    5.446623200205947e-05,
    5.446623200205947e-05,
    0.0016884532351805759,
    0.0016884532351805759,
    0.005767012800217797,
    0.005767012800217797,
    0.009276409716103162,
    0.009276409716103162,
    0.009614891840311335,
    0.009614891840311335,
    0.034567901593012096,
    0.034567901593012096,
    0.03570120184195702,
    0.03570120184195702,
    0.06361976222993404,
    0.06361976222993404,
    0.06437000861451786,
    0.06437000861451786,
    0.06727487378520891,
    0.06727487378520891,
    0.11480200046892552,
    0.11480200046892552,
    "inf"
  ],
  "clusters": [
    14,
    14,
    13,
    13,
    12,
    12,
    11,
    11,
    10,
    10,
    9,
    9,
    8,
    8,
    7,
    7,
    6,
    6,
    5,
    5,
    4,
    4,
    3,
    3,
    2,
    2,
    1,
    1
  ]
}
