{
  "info": {
    "datafile": "demo/data/points/points_38500.png",
    "histogram resolution": [
      40,
      40
    ],
    "time_load (ms)": 20.38,
    "time histogram (ms)": 3016.171,
    "time MT (ms)": 23.118
  },
  "threshold": [
    0,
    9.611688380817274e-06,
    9.611688380817274e-06,
    4.070832725988627e-05,
    4.070832725988627e-05,
    4.805844076272159e-05,
    4.805844076272159e-05,
    5.767013028484813e-05,
    5.767013028484813e-05,
    0.0001730103862891963,
    0.0001730103862891963,
    0.00019063181416306696,
    0.00019063181416306696,
    0.00046814575261244773,
    0.00046814575261244773,
    0.00061728397418781,
    0.00061728397418781,
    0.0007429269422812301,
    0.0007429269422812301,
    0.0013433747319021028,
    0.0013433747319021028,
    0.003604383052637161,
    0.003604383052637161,
    0.004354094633348682,
    0.004354094633348682,
    0.013014696486290445,
    0.013014696486290445,
    0.0540097709165106,
    0.0540097709165106,
    0.07403883199189226,
    0.07403883199189226,
    0.08004613706782715,
    0.08004613706782715,
    0.09169390105375053,
    0.09169390105375053,
    0.09424995051078161,
    0.09424995051078161,
    0.19782775927188934,
    0.19782775927188934,
    "inf"
  ],
  "clusters": [
    20,
    20,
    19,
    19,
    18,
    18,
    17,
    17,
    16,
    16,
    15,
    15,
    14,
    14,
    13,
    13,
    12,
    12,
    11,
    11,
    10,
    10,
    9,
    9,
    8,
    8,
    7,
    7,
    6,
    6,
    5,
    5,
    4,
    4,
    3,
    3,
    2,
    2,
    1,
    1
  ]
}
