{
  "info": {
    "datafile": "demo/data/points/points_64000.png",
    "histogram resolution": [
      40,
      40
    ],
    "time_load (ms)": 19.264,
    "time histogram (ms)": 3178.54,
    "time MT (ms)": 25.636
  },
  "threshold": [
    0,
    6.728181524168209e-05,
    6.728181524168209e-05,
    0.003673266775361783,
    0.003673266775361783,
    0.025762527855544337,
    0.025762527855544337,
    0.029656014980419587,
    0.029656014980419587,
    0.031930027383507475,
    0.031930027383507475,
    0.053331519068537836,
    0.053331519068537836,
    0.05499807828763392,
    0.05499807828763392,
    0.10544021660005493,
    0.10544021660005493,
    "inf"
  ],
  "clusters": [
    9,
    9,
    8,
    8,
    7,
    7,
    6,
    6,
    5,
    5,
    4,
    4,
    3,
    3,
    2,
    2,
    1,
    1
  ]
}
