{
  "info": {
    "datafile": "demo/data/points/points_24000.png",
    "histogram resolution": [
      40,
      40
    ],
    "time_load (ms)": 16.03,
    "time histogram (ms)": 2970.119,
    "time MT (ms)": 21.69
  },
  "threshold": [
    0,
    3.8446753523213584e-05,
    3.8446753523213584e-05,
    5.4466233079975e-05,
    5.4466233079975e-05,
    0.00010516317533071362,
    0.00010516317533071362,
    0.00012495194438516544,
    0.00012495194438516544,
    0.00015265621876531243,
    0.00015265621876531243,
    0.00015265622359916797,
    0.00015265622359916797,
    0.00015717937120679482,
    0.00015717937120679482,
    0.00021786492800823787,
    0.00021786492800823787,
    0.0002787389527714179,
    0.0002787389527714179,
    0.0003053124520321915,
    0.0003053124520321915,
    0.0004998078905320003,
    0.0004998078905320003,
    0.0009686445645137876,
    0.0009686445645137876,
    0.0019251647457156351,
    0.0019251647457156351,
    0.0021270100376971635,
    0.0021270100376971635,
    0.002375783121472186,
    0.002375783121472186,
    0.002575932417576199,
    0.002575932417576199,
    0.0037966168065573513,
    0.0037966168065573513,
    0.004547930367860165,
    0.004547930367860165,
    0.004823936608694124,
    0.004823936608694124,
    0.005786236165566172,
    0.005786236165566172,
    0.006045751830599466,
    0.006045751830599466,
    0.006082062557753565,
    0.006082062557753565,
    0.010486508746627043,
    0.010486508746627043,
    0.01382160740311017,
    0.01382160740311017,
    0.016346277548598742,
    0.016346277548598742,
    0.016414564142961385,
    0.016414564142961385,
    0.016887735640493173,
    0.016887735640493173,
    0.017332983063050533,
    0.017332983063050533,
    0.019602189681599047,
    0.019602189681599047,
    0.02579444104784223,
    0.02579444104784223,
    0.04225524194106767,
    0.04225524194106767,
    0.11116199737421162,
    0.11116199737421162,
    0.14395424925525874,
    0.14395424925525874,
    0.15520953634005114,
    0.15520953634005114,
    0.16709749799247536,
    0.16709749799247536,
    0.21269063286578144,
    0.21269063286578144,
    0.23402324053070817,
    0.23402324053070817,
    0.26599384989023356,
    0.26599384989023356,
    "inf"
  ],
  "clusters": [
    39,
    39,
    38,
    38,
    37,
    37,
    36,
    36,
    35,
    35,
    34,
    34,
    33,
    33,
    32,
    32,
    31,
    31,
    30,
    30,
    29,
    29,
    28,
    28,
    27,
    27,
    26,
    26,
    25,
    25,
    24,
    24,
    23,
    23,
    22,
    22,
    21,
    21,
    20,
    20,
    19,
    19,
    18,
    18,
    17,
    17,
    16,
    16,
    15,
    15,
    14,
    14,
    13,
    13,
    12,
    12,
    11,
    11,
    10,
    10,
    9,
    9,
    8,
    8,
    7,
    7,
    6,
    6,
    5,
    5,
    4,
    4,
    3,
    3,
    2,
    2,
    1,
    1
  ]
}
