{
  "info": {
    "datafile": "demo/data/points/points_4000.png",
    "histogram resolution": [
      40,
      40
    ],
    "time_load (ms)": 16.051,
    "time histogram (ms)": 2886.737,
    "time MT (ms)": 21.712
  },
  "threshold": [
    0,
    6.728202900541103e-05,
    6.728202900541103e-05,
    0.0074592352433360265,
    0.0074592352433360265,
    0.008766393224386104,
    0.008766393224386104,
    0.011982948036441177,
    0.011982948036441177,
    0.012252639297550605,
    0.012252639297550605,
    0.014298798854762484,
    0.014298798854762484,
    0.01536908906921014,
    0.01536908906921014,
    0.01623414019031416,
    0.01623414019031416,
    0.025297962238683414,
    0.025297962238683414,
    0.02764271237305077,
    0.02764271237305077,
    0.03137141874614857,
    0.03137141874614857,
    0.04171133300879243,
    0.04171133300879243,
    0.044617454777015175,
    0.044617454777015175,
    0.046408055398522996,
    0.046408055398522996,
    0.05064567979699114,
    0.05064567979699114,
    0.05688517324170933,
    0.05688517324170933,
    0.058073817870999744,
    0.058073817870999744,
    0.06262975786219116,
    0.06262975786219116,
    0.06568947892908966,
    0.06568947892908966,
    0.07361751918433423,
    0.07361751918433423,
    0.0744651379874739,
    0.0744651379874739,
    0.07571073122117622,
    0.07571073122117622,
    0.0785795061657315,
    0.0785795061657315,
    0.08252915632855229,
    0.08252915632855229,
    0.0861646034749442,
    0.0861646034749442,
    0.0868127639679348,
    0.0868127639679348,
    0.09980883533710794,
    0.09980883533710794,
    0.10087466364562075,
    0.10087466364562075,
    0.10252956968018917,
    0.10252956968018917,
    0.10584164554153319,
    0.10584164554153319,
    0.10905590631532874,
    0.10905590631532874,
    0.11277393248005241,
    0.11277393248005241,
    0.11647443320857837,
    0.11647443320857837,
    0.1370434138527135,
    0.1370434138527135,
    0.14769533083496167,
    0.14769533083496167,
    0.14916152182178016,
    0.14916152182178016,
    0.16897007960473293,
    0.16897007960473293,
    0.17610534433019798,
    0.17610534433019798,
    0.18586120793742006,
    0.18586120793742006,
    0.19679422031082594,
    0.19679422031082594,
    0.20233083478086844,
    0.20233083478086844,
    0.21137222892773183,
    0.21137222892773183,
    0.2159611506067841,
    0.2159611506067841,
    0.24192831795540903,
    0.24192831795540903,
    0.27466359131914725,
    0.27466359131914725,
    0.3425723016477489,
    0.3425723016477489,
    0.3745567316899448,
    0.3745567316899448,
    0.434690717357152,
    0.434690717357152,
    0.459163456860922,
    0.459163456860922,
    0.4816394458651339,
    0.4816394458651339,
    0.4919357938342727,
    0.4919357938342727,
    "inf"
  ],
  "clusters": [
    52,
    52,
    51,
    51,
    50,
    50,
    49,
    49,
    48,
    48,
    47,
    47,
    46,
    46,
    45,
    45,
    44,
    44,
    43,
    43,
    42,
    42,
    41,
    41,
    40,
    40,
    39,
    39,
    38,
    38,
    37,
    37,
    36,
    36,
    35,
    35,
    34,
    34,
    33,
    33,
    32,
    32,
    31,
    31,
    30,
    30,
    29,
    29,
    28,
    28,
    27,
    27,
    26,
    26,
    25,
    25,
    24,
    24,
    23,
    23,
    22,
    22,
    21,
    21,
    20,
    20,
    19,
    19,
    18,
    18,
    17,
    17,
    16,
    16,
    15,
    15,
    14,
    14,
    13,
    13,
    12,
    12,
    11,
    11,
    10,
    10,
    9,
    9,
    8,
    8,
    7,
    7,
    6,
    6,
    5,
    5,
    4,
    4,
    3,
    3,
    2,
    2,
    1,
    1
  ]
}
