{
  "info": {
    "datafile": "demo/data/points/points_26000.png",
    "histogram resolution": [
      40,
      40
    ],
    "time_load (ms)": 17.487,
    "time histogram (ms)": 3104.86,
    "time MT (ms)": 21.642
  },
  "threshold": [
    0,
    5.4466233079975e-05,
    5.4466233079975e-05,
    7.262164231008894e-05,
    7.262164231008894e-05,
    0.00010572856876489567,
    0.00010572856876489567,
    0.0001424791405757464,
    0.0001424791405757464,
    0.00015265621876531243,
    0.00015265621876531243,
    0.00021786492800823787,
    0.00021786492800823787,
    0.0002951353714256699,
    0.0002951353714256699,
    0.00040708326776495163,
    0.00040708326776495163,
    0.0005218581336248196,
    0.0005218581336248196,
    0.0005439084756103107,
    0.0005439084756103107,
    0.000563351754991892,
    0.000563351754991892,
    0.0009323337307090007,
    0.0009323337307090007,
    0.0010188389386908692,
    0.0010188389386908692,
    0.0011534025802069636,
    0.0011534025802069636,
    0.0026143791368596347,
    0.0026143791368596347,
    0.003112490735239115,
    0.003112490735239115,
    0.0032363118890634257,
    0.0032363118890634257,
    0.004466231022012879,
    0.004466231022012879,
    0.0049692427034161435,
    0.0049692427034161435,
    0.005786236165566172,
    0.005786236165566172,
    0.007499378380250721,
    0.007499378380250721,
    0.007612990942065356,
    0.007612990942065356,
    0.009521444979953608,
    0.009521444979953608,
    0.010199131800861905,
    0.010199131800861905,
    0.01020060817885432,
    0.01020060817885432,
    0.010492571016489982,
    0.010492571016489982,
    0.015321030491488252,
    0.015321030491488252,
    0.016414564142961385,
    0.016414564142961385,
    0.01843681952299514,
    0.01843681952299514,
    0.03670873277849651,
    0.03670873277849651,
    0.10300393579817768,
    0.10300393579817768,
    0.1252114577504222,
    0.1252114577504222,
    0.132410613034724,
    0.132410613034724,
    0.13467897093448533,
    0.13467897093448533,
    0.13682068151560417,
    0.13682068151560417,
    0.19093137434295687,
    0.19093137434295687,
    0.25606554221348987,
    0.25606554221348987,
    "inf"
  ],
  "clusters": [
    38,
    38,
    37,
    37,
    36,
    36,
    35,
    35,
    34,
    34,
    33,
    33,
    32,
    32,
    31,
    31,
    30,
    30,
    29,
    29,
    28,
    28,
    27,
    27,
    26,
    26,
    25,
    25,
    24,
    24,
    23,
    23,
    22,
    22,
    21,
    21,
    20,
    20,
    19,
    19,
    18,
    18,
    17,
    17,
    16,
    16,
    15,
    15,
    14,
    14,
    13,
    13,
    12,
    12,
    11,
    11,
    10,
    10,
    9,
    9,
    8,
    8,
    7,
    7,
    6,
    6,
    5,
    5,
    4,
    4,
    3,
    3,
    2,
    2,
    1,
    1
  ]
}
