{
  "info": {
    "datafile": "demo/data/points/points_47000.png",
    "histogram resolution": [
      40,
      40
    ],
    "time_load (ms)": 18.03,
    "time histogram (ms)": 3203.415,
    "time MT (ms)": 23.23
  },
  "threshold": [
    0,
    9.611688380817274e-06,
    9.611688380817274e-06,
    1.0177081814943811e-05,
    1.0177081814943811e-05,
    5.446623200205947e-05,
    5.446623200205947e-05,
    0.00011534025600434816,
    0.00011534025600434816,
    0.00022389579388704117,
    0.00022389579388704117,
    0.0016884532351805759,
    0.0016884532351805759,
    0.005738177738499384,
    0.005738177738499384,
    0.00840221728327073,
    0.00840221728327073,
    0.008583237381594,
    0.008583237381594,
    0.037736618137277134,
    0.037736618137277134,
    0.048819459198126525,
    0.048819459198126525,
    0.06419646352821706,
    0.06419646352821706,
    0.07629757873741361,
    0.07629757873741361,
    0.07718772809150526,
    0.07718772809150526,
    0.16929065809566896,
    0.16929065809566896,
    "inf"
  ],
  "clusters": [
    16,
    16,
    15,
    15,
    14,
    14,
    13,
    13,
    12,
    12,
    11,
    11,
    10,
    10,
    9,
    9,
    8,
    8,
    7,
    7,
    6,
    6,
    5,
    5,
    4,
    4,
    3,
    3,
    2,
    2,
    1,
    1
  ]
}
