{
  "info": {
    "datafile": "demo/data/points/points_23500.png",
    "histogram resolution": [
      40,
      40
    ],
    "time_load (ms)": 16.772,
    "time histogram (ms)": 3041.531,
    "time MT (ms)": 20.805
  },
  "threshold": [
    0,
    5.4466233079975e-05,
    5.4466233079975e-05,
    7.689350704642717e-05,
    7.689350704642717e-05,
    0.00010516317533071362,
    0.00010516317533071362,
    0.00015265621876531243,
    0.00015265621876531243,
    0.00015265622359916797,
    0.00015265622359916797,
    0.0001667910584462473,
    0.0001667910584462473,
    0.00021786492800823787,
    0.00021786492800823787,
    0.0002787389527714179,
    0.0002787389527714179,
    0.00038327389998660255,
    0.00038327389998660255,
    0.0005094195789128175,
    0.0005094195789128175,
    0.0005286428392590747,
    0.0005286428392590747,
    0.0010844244905817146,
    0.0010844244905817146,
    0.0012345679440639024,
    0.0012345679440639024,
    0.00173971552958746,
    0.00173971552958746,
    0.002118529285295656,
    0.002118529285295656,
    0.0021270100376971635,
    0.0021270100376971635,
    0.0023181129934700118,
    0.0023181129934700118,
    0.002575932417576199,
    0.002575932417576199,
    0.0037966168065573513,
    0.0037966168065573513,
    0.004354094734926706,
    0.004354094734926706,
    0.0045388526621671366,
    0.0045388526621671366,
    0.004823936608694124,
    0.004823936608694124,
    0.005644322496773324,
    0.005644322496773324,
    0.005786236165566172,
    0.005786236165566172,
    0.0058369645148222404,
    0.0058369645148222404,
    0.010506862910256987,
    0.010506862910256987,
    0.01382160740311017,
    0.01382160740311017,
    0.016346277548598742,
    0.016346277548598742,
    0.016414564142961385,
    0.016414564142961385,
    0.016878123952112356,
    0.016878123952112356,
    0.017353337226680476,
    0.017353337226680476,
    0.02080365062533901,
    0.02080365062533901,
    0.02579444104784223,
    0.02579444104784223,
    0.04225524194106767,
    0.04225524194106767,
    0.11116199737421162,
    0.11116199737421162,
    0.14395424925525874,
    0.14395424925525874,
    0.15520953634005114,
    0.15520953634005114,
    0.16709749799247536,
    0.16709749799247536,
    0.21269063286578144,
    0.21269063286578144,
    0.2371005826151102,
    0.2371005826151102,
    0.26599384989023356,
    0.26599384989023356,
    "inf"
  ],
  "clusters": [
    42,
    42,
    41,
    41,
    40,
    40,
    39,
    39,
    38,
    38,
    37,
    37,
    36,
    36,
    35,
    35,
    34,
    34,
    33,
    33,
    32,
    32,
    31,
    31,
    30,
    30,
    29,
    29,
    28,
    28,
    27,
    27,
    26,
    26,
    25,
    25,
    24,
    24,
    23,
    23,
    22,
    22,
    21,
    21,
    20,
    20,
    19,
    19,
    18,
    18,
    17,
    17,
    16,
    16,
    15,
    15,
    14,
    14,
    13,
    13,
    12,
    12,
    11,
    11,
    10,
    10,
    9,
    9,
    8,
    8,
    7,
    7,
    6,
    6,
    5,
    5,
    4,
    4,
    3,
    3,
    2,
    2,
    1,
    1
  ]
}
