{
  "info": {
    "datafile": "demo/data/points/points_59500.png",
    "histogram resolution": [
      40,
      40
    ],
    "time_load (ms)": 17.907,
    "time histogram (ms)": 3029.161,
    "time MT (ms)": 22.7
  },
  "threshold": [
    0,
    3.631082277194553e-05,
    3.631082277194553e-05,
    6.728181524168209e-05,
    6.728181524168209e-05,
    0.006499637051841589,
    0.006499637051841589,
    0.00654555951340996,
    0.00654555951340996,
    0.032587014963676386,
    0.032587014963676386,
    0.034567901593012096,
    0.034567901593012096,
    0.06256354469331671,
    0.06256354469331671,
    0.06311995445239338,
    0.06311995445239338,
    0.06377088007004067,
    0.06377088007004067,
    0.11480200046892552,
    0.11480200046892552,
    "inf"
  ],
  "clusters": [
    11,
    11,
    10,
    10,
    9,
    9,
    8,
    8,
    7,
    7,
    6,
    6,
    5,
    5,
    4,
    4,
    3,
    3,
    2,
    2,
    1,
    1
  ]
}
