{
  "info": {
    "datafile": "demo/data/points/points_15000.png",
    "histogram resolution": [
      40,
      40
    ],
    "time_load (ms)": 16.608,
    "time histogram (ms)": 2992.144,
    "time MT (ms)": 21.432
  },
  "threshold": [
    0,
    7.519734332672723e-05,
    7.519734332672723e-05,
    0.0006773409905903582,
    0.0006773409905903582,
    0.0008735328046938218,
    0.0008735328046938218,
    0.0013357419181053154,
    0.0013357419181053154,
    0.001512772977047272,
    0.001512772977047272,
    0.0024419028356606476,
    0.0024419028356606476,
    0.0029208223636755237,
    0.0029208223636755237,
    0.003623606443094729,
    0.003623606443094729,
    0.004986707121596323,
    0.004986707121596323,
    0.005205797115853172,
    0.005205797115853172,
    0.005573648297831635,
    0.005573648297831635,
    0.006401918275007357,
    0.006401918275007357,
    0.0075112515002394575,
    0.0075112515002394575,
    0.008994403929035666,
    0.008994403929035666,
    0.009546102187757421,
    0.009546102187757421,
    0.010539215876799957,
    0.010539215876799957,
    0.01459054223161338,
    0.01459054223161338,
    0.017733564225993315,
    0.017733564225993315,
    0.018804419386945048,
    0.018804419386945048,
    0.021804961918626575,
    0.021804961918626575,
    0.025629283247500523,
    0.025629283247500523,
    0.026688265269128097,
    0.026688265269128097,
    0.027269426630726235,
    0.027269426630726235,
    0.029325259709045925,
    0.029325259709045925,
    0.03479537844628988,
    0.03479537844628988,
    0.03997981614335072,
    0.03997981614335072,
    0.0583553841095063,
    0.0583553841095063,
    0.05855157617295609,
    0.05855157617295609,
    0.06295203268106364,
    0.06295203268106364,
    0.06386627436481518,
    0.06386627436481518,
    0.0833675092562256,
    0.0833675092562256,
    0.10359477169820858,
    0.10359477169820858,
    0.11939073210507478,
    0.11939073210507478,
    0.28078623691701565,
    0.28078623691701565,
    0.2828976051763465,
    0.2828976051763465,
    0.3143180240756126,
    0.3143180240756126,
    0.32270280838779664,
    0.32270280838779664,
    0.3726643618269294,
    0.3726643618269294,
    0.4395435531974936,
    0.4395435531974936,
    "inf"
  ],
  "clusters": [
    40,
    40,
    39,
    39,
    38,
    38,
    37,
    37,
    36,
    36,
    35,
    35,
    34,
    34,
    33,
    33,
    32,
    32,
    31,
    31,
    30,
    30,
    29,
    29,
    28,
    28,
    27,
    27,
    26,
    26,
    25,
    25,
    24,
    24,
    23,
    23,
    22,
    22,
    21,
    21,
    20,
    20,
    19,
    19,
    18,
    18,
    17,
    17,
    16,
    16,
    15,
    15,
    14,
    14,
    13,
    13,
    12,
    12,
    11,
    11,
    10,
    10,
    9,
    9,
    8,
    8,
    7,
    7,
    6,
    6,
    5,
    5,
    4,
    4,
    3,
    3,
    2,
    2,
    1,
    1
  ]
}
