{
  "info": {
    "datafile": "demo/data/points/points_13000.png",
    "histogram resolution": [
      40,
      40
    ],
    "time_load (ms)": 16.713,
    "time histogram (ms)": 3003.674,
    "time MT (ms)": 21.476
  },
  "threshold": [
    0,
    0.004142637452448472,
    0.004142637452448472,
    0.004472041960143891,
    0.004472041960143891,
    0.00463679151236529,
    0.00463679151236529,
    0.004796232331964134,
    0.004796232331964134,
    0.0054564862786865564,
    0.0054564862786865564,
    0.005756867220899187,
    0.005756867220899187,
    0.006387500742816632,
    0.006387500742816632,
    0.009150326331473724,
    0.009150326331473724,
    0.009361784092570657,
    0.009361784092570657,
    0.01023644783223665,
    0.01023644783223665,
    0.011042039616855626,
    0.011042039616855626,
    0.011167556451387173,
    0.011167556451387173,
    0.011543637296805742,
    0.011543637296805742,
    0.012080195455085818,
    0.012080195455085818,
    0.01249123645104222,
    0.01249123645104222,
    0.01276432158649149,
    0.01276432158649149,
    0.013358110245946242,
    0.013358110245946242,
    0.014724038187759358,
    0.014724038187759358,
    0.01814887698824852,
    0.01814887698824852,
    0.0185024992599353,
    0.0185024992599353,
    0.019539996218274625,
    0.019539996218274625,
    0.020364716804253502,
    0.020364716804253502,
    0.025717139065144945,
    0.025717139065144945,
    0.03117657778328098,
    0.03117657778328098,
    0.03917497856074659,
    0.03917497856074659,
    0.043353801200433806,
    0.043353801200433806,
    0.04837707039322836,
    0.04837707039322836,
    0.04878892764935727,
    0.04878892764935727,
    0.05069204222146667,
    0.05069204222146667,
    0.06906280352442923,
    0.06906280352442923,
    0.07626393799325615,
    0.07626393799325615,
    0.09712384397826224,
    0.09712384397826224,
    0.1005105512218567,
    0.1005105512218567,
    0.10202976329211305,
    0.10202976329211305,
    0.11429258061931691,
    0.11429258061931691,
    0.1626359789971033,
    0.1626359789971033,
    0.3129912647594949,
    0.3129912647594949,
    0.31598339033854134,
    0.31598339033854134,
    0.32269373068210366,
    0.32269373068210366,
    0.3480296050947086,
    0.3480296050947086,
    0.3717031930196647,
    0.3717031930196647,
    0.48178158123360665,
    0.48178158123360665,
    "inf"
  ],
  "clusters": [
    43,
    43,
    42,
    42,
    41,
    41,
    40,
    40,
    39,
    39,
    38,
    38,
    37,
    37,
    36,
    36,
    35,
    35,
    34,
    34,
    33,
    33,
    32,
    32,
    31,
    31,
    30,
    30,
    29,
    29,
    28,
    28,
    27,
    27,
    26,
    26,
    25,
    25,
    24,
    24,
    23,
    23,
    22,
    22,
    21,
    21,
    20,
    20,
    19,
    19,
    18,
    18,
    17,
    17,
    16,
    16,
    15,
    15,
    14,
    14,
    13,
    13,
    12,
    12,
    11,
    11,
    10,
    10,
    9,
    9,
    8,
    8,
    7,
    7,
    6,
    6,
    5,
    5,
    4,
    4,
    3,
    3,
    2,
    2,
    1,
    1
  ]
}
