{
  "info": {
    "datafile": "demo/data/points/points_5500.png",
    "histogram resolution": [
      40,
      40
    ],
    "time_load (ms)": 16.139,
    "time histogram (ms)": 2948.041,
    "time MT (ms)": 22.298
  },
  "threshold": [
    0,
    0.00405160929034748,
    0.00405160929034748,
    0.01264276211174159,
    0.01264276211174159,
    0.014389262152132154,
    0.014389262152132154,
    0.016637831542860027,
    0.016637831542860027,
    0.0207409542681668,
    0.0207409542681668,
    0.022048646119566084,
    0.022048646119566084,
    0.022126105061604395,
    0.022126105061604395,
    0.022293461798480796,
    0.022293461798480796,
    0.02264994265789866,
    0.02264994265789866,
    0.024668930732992034,
    0.024668930732992034,
    0.025498677923525614,
    0.025498677923525614,
    0.02590349860781549,
    0.02590349860781549,
    0.031006174871801184,
    0.031006174871801184,
    0.03177570593533208,
    0.03177570593533208,
    0.03660130768776959,
    0.03660130768776959,
    0.03736383467373716,
    0.03736383467373716,
    0.03743548244398587,
    0.03743548244398587,
    0.03895617065056428,
    0.03895617065056428,
    0.03980039731824614,
    0.03980039731824614,
    0.04821618443522535,
    0.04821618443522535,
    0.04989540262707437,
    0.04989540262707437,
    0.051718229902725565,
    0.051718229902725565,
    0.05174932707621549,
    0.05174932707621549,
    0.05296040004959296,
    0.05296040004959296,
    0.06462898935812211,
    0.06462898935812211,
    0.06696462982754209,
    0.06696462982754209,
    0.0866680552060401,
    0.0866680552060401,
    0.09126919536634359,
    0.09126919536634359,
    0.09186851226624249,
    0.09186851226624249,
    0.09875877368815977,
    0.09875877368815977,
    0.1002306805161175,
    0.1002306805161175,
    0.11042811652036405,
    0.11042811652036405,
    0.12459235182305911,
    0.12459235182305911,
    0.1455647415673758,
    0.1455647415673758,
    0.15371972428379105,
    0.15371972428379105,
    0.1544539506036346,
    0.1544539506036346,
    0.15640138467435966,
    0.15640138467435966,
    0.18300707053676174,
    0.18300707053676174,
    0.186447520603371,
    0.186447520603371,
    0.2204061787625971,
    0.2204061787625971,
    0.24132064665786412,
    0.24132064665786412,
    0.28386577723302275,
    0.28386577723302275,
    0.30936235038876736,
    0.30936235038876736,
    0.3959727031087466,
    0.3959727031087466,
    0.4615345602273771,
    0.4615345602273771,
    0.4629205596645952,
    0.4629205596645952,
    0.5332002150558877,
    0.5332002150558877,
    0.544836262463229,
    0.544836262463229,
    "inf"
  ],
  "clusters": [
    49,
    49,
    48,
    48,
    47,
    47,
    46,
    46,
    45,
    45,
    44,
    44,
    43,
    43,
    42,
    42,
    41,
    41,
    40,
    40,
    39,
    39,
    38,
    38,
    37,
    37,
    36,
    36,
    35,
    35,
    34,
    34,
    33,
    33,
    32,
    32,
    31,
    31,
    30,
    30,
    29,
    29,
    28,
    28,
    27,
    27,
    26,
    26,
    25,
    25,
    24,
    24,
    23,
    23,
    22,
    22,
    21,
    21,
    20,
    20,
    19,
    19,
    18,
    18,
    17,
    17,
    16,
    16,
    15,
    15,
    14,
    14,
    13,
    13,
    12,
    12,
    11,
    11,
    10,
    10,
    9,
    9,
    8,
    8,
    7,
    7,
    6,
    6,
    5,
    5,
    4,
    4,
    3,
    3,
    2,
    2,
    1,
    1
  ]
}
